path,model_id,model_id_raw,game,condition,scenario,framing_type,n_rounds,n_runs_config,run_id,coop_rate_overall,coop_rate_hub,coop_rate_leaf,hub_minus_leaf_coop,hub_total_payoff,leaf_avg_payoff,hub_leadership_rate,hub_exploitation_rate,invalid_rate,full_coop_rate
C:\Users\tsimp\OneDrive\Υπολογιστής\diplomatikh\run1_qwen2.5_7b\cheap_talk_baseline_1\20260511_124412_pd_cheaptalk_run01.json,Qwen2.5-7B-Instruct,Qwen/Qwen2.5-7B-Instruct,pd,cheap_talk,baseline_cheap_talk,neutral,16,5,1,1.0,1.0,1.0,0.0,192,4.0,1.0,0.0,0.0,1.0
C:\Users\tsimp\OneDrive\Υπολογιστής\diplomatikh\run1_qwen2.5_7b\cheap_talk_baseline_1\20260511_124412_pd_cheaptalk_run02.json,Qwen2.5-7B-Instruct,Qwen/Qwen2.5-7B-Instruct,pd,cheap_talk,baseline_cheap_talk,neutral,16,5,2,1.0,1.0,1.0,0.0,192,4.0,1.0,0.0,0.0,1.0
C:\Users\tsimp\OneDrive\Υπολογιστής\diplomatikh\run1_qwen2.5_7b\cheap_talk_baseline_1\20260511_124412_pd_cheaptalk_run03.json,Qwen2.5-7B-Instruct,Qwen/Qwen2.5-7B-Instruct,pd,cheap_talk,baseline_cheap_talk,neutral,16,5,3,1.0,1.0,1.0,0.0,192,4.0,1.0,0.0,0.0,1.0
C:\Users\tsimp\OneDrive\Υπολογιστής\diplomatikh\run1_qwen2.5_7b\cheap_talk_baseline_1\20260511_124412_pd_cheaptalk_run04.json,Qwen2.5-7B-Instruct,Qwen/Qwen2.5-7B-Instruct,pd,cheap_talk,baseline_cheap_talk,neutral,16,5,4,1.0,1.0,1.0,0.0,192,4.0,1.0,0.0,0.0,1.0
C:\Users\tsimp\OneDrive\Υπολογιστής\diplomatikh\run1_qwen2.5_7b\cheap_talk_baseline_1\20260511_124412_pd_cheaptalk_run05.json,Qwen2.5-7B-Instruct,Qwen/Qwen2.5-7B-Instruct,pd,cheap_talk,baseline_cheap_talk,neutral,16,5,5,1.0,1.0,1.0,0.0,192,4.0,1.0,0.0,0.0,1.0
C:\Users\tsimp\OneDrive\Υπολογιστής\diplomatikh\run1_qwen2.5_7b\cheap_talk_baseline_1\20260511_124412_sh_cheaptalk_run01.json,Qwen2.5-7B-Instruct,Qwen/Qwen2.5-7B-Instruct,sh,cheap_talk,baseline_cheap_talk,neutral,16,5,1,1.0,1.0,1.0,0.0,288,6.0,1.0,,0.0,1.0
C:\Users\tsimp\OneDrive\Υπολογιστής\diplomatikh\run1_qwen2.5_7b\cheap_talk_baseline_1\20260511_124412_sh_cheaptalk_run02.json,Qwen2.5-7B-Instruct,Qwen/Qwen2.5-7B-Instruct,sh,cheap_talk,baseline_cheap_talk,neutral,16,5,2,1.0,1.0,1.0,0.0,288,6.0,1.0,,0.0,1.0
C:\Users\tsimp\OneDrive\Υπολογιστής\diplomatikh\run1_qwen2.5_7b\cheap_talk_baseline_1\20260511_124412_sh_cheaptalk_run03.json,Qwen2.5-7B-Instruct,Qwen/Qwen2.5-7B-Instruct,sh,cheap_talk,baseline_cheap_talk,neutral,16,5,3,1.0,1.0,1.0,0.0,288,6.0,1.0,,0.0,1.0
C:\Users\tsimp\OneDrive\Υπολογιστής\diplomatikh\run1_qwen2.5_7b\cheap_talk_baseline_1\20260511_124412_sh_cheaptalk_run04.json,Qwen2.5-7B-Instruct,Qwen/Qwen2.5-7B-Instruct,sh,cheap_talk,baseline_cheap_talk,neutral,16,5,4,1.0,1.0,1.0,0.0,288,6.0,1.0,,0.0,1.0
C:\Users\tsimp\OneDrive\Υπολογιστής\diplomatikh\run1_qwen2.5_7b\cheap_talk_baseline_1\20260511_124412_sh_cheaptalk_run05.json,Qwen2.5-7B-Instruct,Qwen/Qwen2.5-7B-Instruct,sh,cheap_talk,baseline_cheap_talk,neutral,16,5,5,1.0,1.0,1.0,0.0,288,6.0,1.0,,0.0,1.0
C:\Users\tsimp\OneDrive\Υπολογιστής\diplomatikh\run1_qwen2.5_7b\cheap_talk_counterfactual_1\20260511_124412_pd_cheaptalk_run01.json,Qwen2.5-7B-Instruct,Qwen/Qwen2.5-7B-Instruct,pd,cheap_talk,counterfactual,neutral,16,5,1,0.5625,0.6875,0.5208333333333334,0.16666666666666663,141,3.7708333333333335,0.5333333333333333,0.3125,0.0,0.25
C:\Users\tsimp\OneDrive\Υπολογιστής\diplomatikh\run1_qwen2.5_7b\cheap_talk_counterfactual_1\20260511_124412_pd_cheaptalk_run02.json,Qwen2.5-7B-Instruct,Qwen/Qwen2.5-7B-Instruct,pd,cheap_talk,counterfactual,neutral,16,5,2,0.921875,1.0,0.8958333333333334,0.10416666666666663,177,4.208333333333333,0.8888888888888888,0.0,0.0,0.6875
C:\Users\tsimp\OneDrive\Υπολογιστής\diplomatikh\run1_qwen2.5_7b\cheap_talk_counterfactual_1\20260511_124412_pd_cheaptalk_run03.json,Qwen2.5-7B-Instruct,Qwen/Qwen2.5-7B-Instruct,pd,cheap_talk,counterfactual,neutral,16,5,3,0.796875,1.0,0.7291666666666666,0.27083333333333337,153,4.541666666666667,0.7111111111111111,0.0,0.0,0.3125
C:\Users\tsimp\OneDrive\Υπολογιστής\diplomatikh\run1_qwen2.5_7b\cheap_talk_counterfactual_1\20260511_124412_pd_cheaptalk_run04.json,Qwen2.5-7B-Instruct,Qwen/Qwen2.5-7B-Instruct,pd,cheap_talk,counterfactual,neutral,16,5,4,0.71875,0.875,0.6666666666666666,0.20833333333333337,152,4.208333333333333,0.6444444444444445,0.125,0.0,0.25
C:\Users\tsimp\OneDrive\Υπολογιστής\diplomatikh\run1_qwen2.5_7b\cheap_talk_counterfactual_1\20260511_124412_pd_cheaptalk_run05.json,Qwen2.5-7B-Instruct,Qwen/Qwen2.5-7B-Instruct,pd,cheap_talk,counterfactual,neutral,16,5,5,0.828125,1.0,0.7708333333333334,0.22916666666666663,159,4.458333333333333,0.8,0.0,0.0,0.5625
C:\Users\tsimp\OneDrive\Υπολογιστής\diplomatikh\run1_qwen2.5_7b\cheap_talk_counterfactual_1\20260511_124412_sh_cheaptalk_run01.json,Qwen2.5-7B-Instruct,Qwen/Qwen2.5-7B-Instruct,sh,cheap_talk,counterfactual,neutral,16,5,1,1.0,1.0,1.0,0.0,288,6.0,1.0,,0.0,1.0
C:\Users\tsimp\OneDrive\Υπολογιστής\diplomatikh\run1_qwen2.5_7b\cheap_talk_counterfactual_1\20260511_124412_sh_cheaptalk_run02.json,Qwen2.5-7B-Instruct,Qwen/Qwen2.5-7B-Instruct,sh,cheap_talk,counterfactual,neutral,16,5,2,1.0,1.0,1.0,0.0,288,6.0,1.0,,0.0,1.0
C:\Users\tsimp\OneDrive\Υπολογιστής\diplomatikh\run1_qwen2.5_7b\cheap_talk_counterfactual_1\20260511_124412_sh_cheaptalk_run03.json,Qwen2.5-7B-Instruct,Qwen/Qwen2.5-7B-Instruct,sh,cheap_talk,counterfactual,neutral,16,5,3,1.0,1.0,1.0,0.0,288,6.0,1.0,,0.0,1.0
C:\Users\tsimp\OneDrive\Υπολογιστής\diplomatikh\run1_qwen2.5_7b\cheap_talk_counterfactual_1\20260511_124412_sh_cheaptalk_run04.json,Qwen2.5-7B-Instruct,Qwen/Qwen2.5-7B-Instruct,sh,cheap_talk,counterfactual,neutral,16,5,4,0.984375,1.0,0.9791666666666666,0.02083333333333337,283,5.958333333333333,0.9777777777777777,,0.0,0.9375
C:\Users\tsimp\OneDrive\Υπολογιστής\diplomatikh\run1_qwen2.5_7b\cheap_talk_counterfactual_1\20260511_124412_sh_cheaptalk_run05.json,Qwen2.5-7B-Instruct,Qwen/Qwen2.5-7B-Instruct,sh,cheap_talk,counterfactual,neutral,16,5,5,0.984375,1.0,0.9791666666666666,0.02083333333333337,283,5.958333333333333,0.9777777777777777,,0.0,0.9375
C:\Users\tsimp\OneDrive\Υπολογιστής\diplomatikh\run1_qwen2.5_7b\cheap_talk_no_sense_1\20260511_124412_pd_cheaptalk_run01.json,Qwen2.5-7B-Instruct,Qwen/Qwen2.5-7B-Instruct,pd,cheap_talk,no_sense,neutral,16,5,1,0.078125,0.0625,0.08333333333333333,-0.02083333333333333,109,2.1666666666666665,0.8444444444444444,0.0,0.0,0.0
C:\Users\tsimp\OneDrive\Υπολογιστής\diplomatikh\run1_qwen2.5_7b\cheap_talk_no_sense_1\20260511_124412_pd_cheaptalk_run02.json,Qwen2.5-7B-Instruct,Qwen/Qwen2.5-7B-Instruct,pd,cheap_talk,no_sense,neutral,16,5,2,0.046875,0.0,0.0625,-0.0625,108,1.9375,0.9555555555555556,0.0,0.0,0.0
C:\Users\tsimp\OneDrive\Υπολογιστής\diplomatikh\run1_qwen2.5_7b\cheap_talk_no_sense_1\20260511_124412_pd_cheaptalk_run03.json,Qwen2.5-7B-Instruct,Qwen/Qwen2.5-7B-Instruct,pd,cheap_talk,no_sense,neutral,16,5,3,0.09375,0.0,0.125,-0.125,120,1.875,0.9111111111111111,0.0,0.0,0.0
C:\Users\tsimp\OneDrive\Υπολογιστής\diplomatikh\run1_qwen2.5_7b\cheap_talk_no_sense_1\20260511_124412_pd_cheaptalk_run04.json,Qwen2.5-7B-Instruct,Qwen/Qwen2.5-7B-Instruct,pd,cheap_talk,no_sense,neutral,16,5,4,0.1875,0.125,0.20833333333333334,-0.08333333333333334,129,2.2708333333333335,0.8666666666666667,0.0,0.0,0.0
C:\Users\tsimp\OneDrive\Υπολογιστής\diplomatikh\run1_qwen2.5_7b\cheap_talk_no_sense_1\20260511_124412_pd_cheaptalk_run05.json,Qwen2.5-7B-Instruct,Qwen/Qwen2.5-7B-Instruct,pd,cheap_talk,no_sense,neutral,16,5,5,0.171875,0.0625,0.20833333333333334,-0.14583333333333334,133,2.0416666666666665,0.9111111111111111,0.0,0.0,0.0
C:\Users\tsimp\OneDrive\Υπολογιστής\diplomatikh\run1_qwen2.5_7b\cheap_talk_no_sense_1\20260511_124412_sh_cheaptalk_run01.json,Qwen2.5-7B-Instruct,Qwen/Qwen2.5-7B-Instruct,sh,cheap_talk,no_sense,neutral,16,5,1,0.984375,1.0,0.9791666666666666,0.02083333333333337,283,5.958333333333333,1.0,,0.0,0.9375
C:\Users\tsimp\OneDrive\Υπολογιστής\diplomatikh\run1_qwen2.5_7b\cheap_talk_no_sense_1\20260511_124412_sh_cheaptalk_run02.json,Qwen2.5-7B-Instruct,Qwen/Qwen2.5-7B-Instruct,sh,cheap_talk,no_sense,neutral,16,5,2,0.984375,0.9375,1.0,-0.0625,282,5.6875,0.9333333333333333,,0.0,0.9375
C:\Users\tsimp\OneDrive\Υπολογιστής\diplomatikh\run1_qwen2.5_7b\cheap_talk_no_sense_1\20260511_124412_sh_cheaptalk_run03.json,Qwen2.5-7B-Instruct,Qwen/Qwen2.5-7B-Instruct,sh,cheap_talk,no_sense,neutral,16,5,3,0.984375,1.0,0.9791666666666666,0.02083333333333337,283,5.958333333333333,1.0,,0.0,0.9375
C:\Users\tsimp\OneDrive\Υπολογιστής\diplomatikh\run1_qwen2.5_7b\cheap_talk_no_sense_1\20260511_124412_sh_cheaptalk_run04.json,Qwen2.5-7B-Instruct,Qwen/Qwen2.5-7B-Instruct,sh,cheap_talk,no_sense,neutral,16,5,4,1.0,1.0,1.0,0.0,288,6.0,1.0,,0.0,1.0
C:\Users\tsimp\OneDrive\Υπολογιστής\diplomatikh\run1_qwen2.5_7b\cheap_talk_no_sense_1\20260511_124412_sh_cheaptalk_run05.json,Qwen2.5-7B-Instruct,Qwen/Qwen2.5-7B-Instruct,sh,cheap_talk,no_sense,neutral,16,5,5,0.96875,0.9375,0.9791666666666666,-0.04166666666666663,277,5.645833333333333,0.9555555555555556,,0.0,0.875
C:\Users\tsimp\OneDrive\Υπολογιστής\diplomatikh\run1_qwen2.5_7b\cheap_talk_silence_1\20260511_124412_pd_cheaptalk_run01.json,Qwen2.5-7B-Instruct,Qwen/Qwen2.5-7B-Instruct,pd,cheap_talk,silence,neutral,16,5,1,0.515625,0.4375,0.5416666666666666,-0.10416666666666663,165,2.9166666666666665,0.8444444444444444,,0.0,0.25
C:\Users\tsimp\OneDrive\Υπολογιστής\diplomatikh\run1_qwen2.5_7b\cheap_talk_silence_1\20260511_124412_pd_cheaptalk_run02.json,Qwen2.5-7B-Instruct,Qwen/Qwen2.5-7B-Instruct,pd,cheap_talk,silence,neutral,16,5,2,0.984375,1.0,0.9791666666666666,0.02083333333333337,189,4.041666666666667,1.0,,0.0,0.9375
C:\Users\tsimp\OneDrive\Υπολογιστής\diplomatikh\run1_qwen2.5_7b\cheap_talk_silence_1\20260511_124412_pd_cheaptalk_run03.json,Qwen2.5-7B-Instruct,Qwen/Qwen2.5-7B-Instruct,pd,cheap_talk,silence,neutral,16,5,3,0.21875,0.3125,0.1875,0.125,117,3.0625,0.5555555555555556,,0.0,0.0
C:\Users\tsimp\OneDrive\Υπολογιστής\diplomatikh\run1_qwen2.5_7b\cheap_talk_silence_1\20260511_124412_pd_cheaptalk_run04.json,Qwen2.5-7B-Instruct,Qwen/Qwen2.5-7B-Instruct,pd,cheap_talk,silence,neutral,16,5,4,0.15625,0.0625,0.1875,-0.125,128,2.0416666666666665,0.8444444444444444,,0.0,0.0
C:\Users\tsimp\OneDrive\Υπολογιστής\diplomatikh\run1_qwen2.5_7b\cheap_talk_silence_1\20260511_124412_pd_cheaptalk_run05.json,Qwen2.5-7B-Instruct,Qwen/Qwen2.5-7B-Instruct,pd,cheap_talk,silence,neutral,16,5,5,0.265625,0.1875,0.2916666666666667,-0.10416666666666669,138,2.3541666666666665,0.8,,0.0,0.0625
C:\Users\tsimp\OneDrive\Υπολογιστής\diplomatikh\run1_qwen2.5_7b\cheap_talk_silence_1\20260511_124412_sh_cheaptalk_run01.json,Qwen2.5-7B-Instruct,Qwen/Qwen2.5-7B-Instruct,sh,cheap_talk,silence,neutral,16,5,1,1.0,1.0,1.0,0.0,288,6.0,1.0,,0.0,1.0
C:\Users\tsimp\OneDrive\Υπολογιστής\diplomatikh\run1_qwen2.5_7b\cheap_talk_silence_1\20260511_124412_sh_cheaptalk_run02.json,Qwen2.5-7B-Instruct,Qwen/Qwen2.5-7B-Instruct,sh,cheap_talk,silence,neutral,16,5,2,1.0,1.0,1.0,0.0,288,6.0,1.0,,0.0,1.0
C:\Users\tsimp\OneDrive\Υπολογιστής\diplomatikh\run1_qwen2.5_7b\cheap_talk_silence_1\20260511_124412_sh_cheaptalk_run03.json,Qwen2.5-7B-Instruct,Qwen/Qwen2.5-7B-Instruct,sh,cheap_talk,silence,neutral,16,5,3,1.0,1.0,1.0,0.0,288,6.0,1.0,,0.0,1.0
C:\Users\tsimp\OneDrive\Υπολογιστής\diplomatikh\run1_qwen2.5_7b\cheap_talk_silence_1\20260511_124412_sh_cheaptalk_run04.json,Qwen2.5-7B-Instruct,Qwen/Qwen2.5-7B-Instruct,sh,cheap_talk,silence,neutral,16,5,4,1.0,1.0,1.0,0.0,288,6.0,1.0,,0.0,1.0
C:\Users\tsimp\OneDrive\Υπολογιστής\diplomatikh\run1_qwen2.5_7b\cheap_talk_silence_1\20260511_124412_sh_cheaptalk_run05.json,Qwen2.5-7B-Instruct,Qwen/Qwen2.5-7B-Instruct,sh,cheap_talk,silence,neutral,16,5,5,0.984375,1.0,0.9791666666666666,0.02083333333333337,283,5.958333333333333,1.0,,0.0,0.9375
C:\Users\tsimp\OneDrive\Υπολογιστής\diplomatikh\run1_qwen2.5_7b\framing_business\cheap_talk\20260612_095139_pd_cheaptalk_run01.json,Qwen2.5-7B-Instruct,Qwen/Qwen2.5-7B-Instruct,pd,cheap_talk,framing_business,business,16,5,1,0.984375,1.0,0.9791666666666666,0.02083333333333337,189,4.041666666666667,0.9777777777777777,0.0,0.0,0.9375
C:\Users\tsimp\OneDrive\Υπολογιστής\diplomatikh\run1_qwen2.5_7b\framing_business\cheap_talk\20260612_095139_pd_cheaptalk_run02.json,Qwen2.5-7B-Instruct,Qwen/Qwen2.5-7B-Instruct,pd,cheap_talk,framing_business,business,16,5,2,1.0,1.0,1.0,0.0,192,4.0,1.0,0.0,0.0,1.0
C:\Users\tsimp\OneDrive\Υπολογιστής\diplomatikh\run1_qwen2.5_7b\framing_business\cheap_talk\20260612_095139_pd_cheaptalk_run03.json,Qwen2.5-7B-Instruct,Qwen/Qwen2.5-7B-Instruct,pd,cheap_talk,framing_business,business,16,5,3,0.96875,0.875,1.0,-0.125,204,3.625,0.9333333333333333,0.0,0.0,0.875
C:\Users\tsimp\OneDrive\Υπολογιστής\diplomatikh\run1_qwen2.5_7b\framing_business\cheap_talk\20260612_095139_pd_cheaptalk_run04.json,Qwen2.5-7B-Instruct,Qwen/Qwen2.5-7B-Instruct,pd,cheap_talk,framing_business,business,16,5,4,0.953125,1.0,0.9375,0.0625,183,4.125,0.9333333333333333,0.0,0.0,0.8125
C:\Users\tsimp\OneDrive\Υπολογιστής\diplomatikh\run1_qwen2.5_7b\framing_business\cheap_talk\20260612_095139_pd_cheaptalk_run05.json,Qwen2.5-7B-Instruct,Qwen/Qwen2.5-7B-Instruct,pd,cheap_talk,framing_business,business,16,5,5,1.0,1.0,1.0,0.0,192,4.0,1.0,0.0,0.0,1.0
C:\Users\tsimp\OneDrive\Υπολογιστής\diplomatikh\run1_qwen2.5_7b\framing_business\cheap_talk\20260612_095139_sh_cheaptalk_run01.json,Qwen2.5-7B-Instruct,Qwen/Qwen2.5-7B-Instruct,sh,cheap_talk,framing_business,business,16,5,1,1.0,1.0,1.0,0.0,288,6.0,1.0,,0.0,1.0
C:\Users\tsimp\OneDrive\Υπολογιστής\diplomatikh\run1_qwen2.5_7b\framing_business\cheap_talk\20260612_095139_sh_cheaptalk_run02.json,Qwen2.5-7B-Instruct,Qwen/Qwen2.5-7B-Instruct,sh,cheap_talk,framing_business,business,16,5,2,1.0,1.0,1.0,0.0,288,6.0,1.0,,0.0,1.0
C:\Users\tsimp\OneDrive\Υπολογιστής\diplomatikh\run1_qwen2.5_7b\framing_business\cheap_talk\20260612_095139_sh_cheaptalk_run03.json,Qwen2.5-7B-Instruct,Qwen/Qwen2.5-7B-Instruct,sh,cheap_talk,framing_business,business,16,5,3,1.0,1.0,1.0,0.0,288,6.0,1.0,,0.0,1.0
C:\Users\tsimp\OneDrive\Υπολογιστής\diplomatikh\run1_qwen2.5_7b\framing_business\cheap_talk\20260612_095139_sh_cheaptalk_run04.json,Qwen2.5-7B-Instruct,Qwen/Qwen2.5-7B-Instruct,sh,cheap_talk,framing_business,business,16,5,4,1.0,1.0,1.0,0.0,288,6.0,1.0,,0.0,1.0
C:\Users\tsimp\OneDrive\Υπολογιστής\diplomatikh\run1_qwen2.5_7b\framing_business\cheap_talk\20260612_095139_sh_cheaptalk_run05.json,Qwen2.5-7B-Instruct,Qwen/Qwen2.5-7B-Instruct,sh,cheap_talk,framing_business,business,16,5,5,1.0,1.0,1.0,0.0,288,6.0,1.0,,0.0,1.0
C:\Users\tsimp\OneDrive\Υπολογιστής\diplomatikh\run1_qwen2.5_7b\framing_competitive\cheap_talk\20260612_095139_pd_cheaptalk_run01.json,Qwen2.5-7B-Instruct,Qwen/Qwen2.5-7B-Instruct,pd,cheap_talk,framing_competitive,competitive,16,5,1,0.75,0.8125,0.7291666666666666,0.08333333333333337,169,3.9375,0.6666666666666666,0.0,0.0,0.1875
C:\Users\tsimp\OneDrive\Υπολογιστής\diplomatikh\run1_qwen2.5_7b\framing_competitive\cheap_talk\20260612_095139_pd_cheaptalk_run02.json,Qwen2.5-7B-Instruct,Qwen/Qwen2.5-7B-Instruct,pd,cheap_talk,framing_competitive,competitive,16,5,2,0.0625,0.0,0.08333333333333333,-0.08333333333333333,112,1.9166666666666667,0.9777777777777777,0.25,0.0,0.0
C:\Users\tsimp\OneDrive\Υπολογιστής\diplomatikh\run1_qwen2.5_7b\framing_competitive\cheap_talk\20260612_095139_pd_cheaptalk_run03.json,Qwen2.5-7B-Instruct,Qwen/Qwen2.5-7B-Instruct,pd,cheap_talk,framing_competitive,competitive,16,5,3,0.03125,0.0,0.041666666666666664,-0.041666666666666664,104,1.9583333333333333,0.9777777777777777,0.0,0.0,0.0
C:\Users\tsimp\OneDrive\Υπολογιστής\diplomatikh\run1_qwen2.5_7b\framing_competitive\cheap_talk\20260612_095139_pd_cheaptalk_run04.json,Qwen2.5-7B-Instruct,Qwen/Qwen2.5-7B-Instruct,pd,cheap_talk,framing_competitive,competitive,16,5,4,0.75,0.75,0.75,0.0,173,3.6041666666666665,0.8222222222222222,0.0,0.0,0.4375
C:\Users\tsimp\OneDrive\Υπολογιστής\diplomatikh\run1_qwen2.5_7b\framing_competitive\cheap_talk\20260612_095139_pd_cheaptalk_run05.json,Qwen2.5-7B-Instruct,Qwen/Qwen2.5-7B-Instruct,pd,cheap_talk,framing_competitive,competitive,16,5,5,0.046875,0.0625,0.041666666666666664,0.020833333333333336,101,2.2083333333333335,0.8888888888888888,0.0625,0.0,0.0
C:\Users\tsimp\OneDrive\Υπολογιστής\diplomatikh\run1_qwen2.5_7b\framing_competitive\cheap_talk\20260612_095139_sh_cheaptalk_run01.json,Qwen2.5-7B-Instruct,Qwen/Qwen2.5-7B-Instruct,sh,cheap_talk,framing_competitive,competitive,16,5,1,0.96875,1.0,0.9583333333333334,0.04166666666666663,278,5.916666666666667,0.9777777777777777,,0.0,0.875
C:\Users\tsimp\OneDrive\Υπολογιστής\diplomatikh\run1_qwen2.5_7b\framing_competitive\cheap_talk\20260612_095139_sh_cheaptalk_run02.json,Qwen2.5-7B-Instruct,Qwen/Qwen2.5-7B-Instruct,sh,cheap_talk,framing_competitive,competitive,16,5,2,0.984375,1.0,0.9791666666666666,0.02083333333333337,283,5.958333333333333,1.0,,0.0,0.9375
C:\Users\tsimp\OneDrive\Υπολογιστής\diplomatikh\run1_qwen2.5_7b\framing_competitive\cheap_talk\20260612_095139_sh_cheaptalk_run03.json,Qwen2.5-7B-Instruct,Qwen/Qwen2.5-7B-Instruct,sh,cheap_talk,framing_competitive,competitive,16,5,3,1.0,1.0,1.0,0.0,288,6.0,1.0,,0.0,1.0
C:\Users\tsimp\OneDrive\Υπολογιστής\diplomatikh\run1_qwen2.5_7b\framing_competitive\cheap_talk\20260612_095139_sh_cheaptalk_run04.json,Qwen2.5-7B-Instruct,Qwen/Qwen2.5-7B-Instruct,sh,cheap_talk,framing_competitive,competitive,16,5,4,1.0,1.0,1.0,0.0,288,6.0,1.0,,0.0,1.0
C:\Users\tsimp\OneDrive\Υπολογιστής\diplomatikh\run1_qwen2.5_7b\framing_competitive\cheap_talk\20260612_095139_sh_cheaptalk_run05.json,Qwen2.5-7B-Instruct,Qwen/Qwen2.5-7B-Instruct,sh,cheap_talk,framing_competitive,competitive,16,5,5,1.0,1.0,1.0,0.0,288,6.0,1.0,,0.0,1.0
C:\Users\tsimp\OneDrive\Υπολογιστής\diplomatikh\run1_qwen2.5_7b\framing_team\cheap_talk\20260612_095139_pd_cheaptalk_run01.json,Qwen2.5-7B-Instruct,Qwen/Qwen2.5-7B-Instruct,pd,cheap_talk,framing_team,team,16,5,1,1.0,1.0,1.0,0.0,192,4.0,1.0,0.0,0.0,1.0
C:\Users\tsimp\OneDrive\Υπολογιστής\diplomatikh\run1_qwen2.5_7b\framing_team\cheap_talk\20260612_095139_pd_cheaptalk_run02.json,Qwen2.5-7B-Instruct,Qwen/Qwen2.5-7B-Instruct,pd,cheap_talk,framing_team,team,16,5,2,0.984375,1.0,0.9791666666666666,0.02083333333333337,189,4.041666666666667,0.9777777777777777,0.0,0.0,0.9375
C:\Users\tsimp\OneDrive\Υπολογιστής\diplomatikh\run1_qwen2.5_7b\framing_team\cheap_talk\20260612_095139_pd_cheaptalk_run03.json,Qwen2.5-7B-Instruct,Qwen/Qwen2.5-7B-Instruct,pd,cheap_talk,framing_team,team,16,5,3,0.953125,1.0,0.9375,0.0625,183,4.125,0.9333333333333333,0.0,0.0,0.8125
C:\Users\tsimp\OneDrive\Υπολογιστής\diplomatikh\run1_qwen2.5_7b\framing_team\cheap_talk\20260612_095139_pd_cheaptalk_run04.json,Qwen2.5-7B-Instruct,Qwen/Qwen2.5-7B-Instruct,pd,cheap_talk,framing_team,team,16,5,4,0.953125,1.0,0.9375,0.0625,183,4.125,0.9333333333333333,0.0,0.0,0.8125
C:\Users\tsimp\OneDrive\Υπολογιστής\diplomatikh\run1_qwen2.5_7b\framing_team\cheap_talk\20260612_095139_pd_cheaptalk_run05.json,Qwen2.5-7B-Instruct,Qwen/Qwen2.5-7B-Instruct,pd,cheap_talk,framing_team,team,16,5,5,0.984375,1.0,0.9791666666666666,0.02083333333333337,189,4.041666666666667,0.9777777777777777,0.0,0.0,0.9375
C:\Users\tsimp\OneDrive\Υπολογιστής\diplomatikh\run1_qwen2.5_7b\framing_team\cheap_talk\20260612_095139_sh_cheaptalk_run01.json,Qwen2.5-7B-Instruct,Qwen/Qwen2.5-7B-Instruct,sh,cheap_talk,framing_team,team,16,5,1,1.0,1.0,1.0,0.0,288,6.0,1.0,,0.0,1.0
C:\Users\tsimp\OneDrive\Υπολογιστής\diplomatikh\run1_qwen2.5_7b\framing_team\cheap_talk\20260612_095139_sh_cheaptalk_run02.json,Qwen2.5-7B-Instruct,Qwen/Qwen2.5-7B-Instruct,sh,cheap_talk,framing_team,team,16,5,2,1.0,1.0,1.0,0.0,288,6.0,1.0,,0.0,1.0
C:\Users\tsimp\OneDrive\Υπολογιστής\diplomatikh\run1_qwen2.5_7b\framing_team\cheap_talk\20260612_095139_sh_cheaptalk_run03.json,Qwen2.5-7B-Instruct,Qwen/Qwen2.5-7B-Instruct,sh,cheap_talk,framing_team,team,16,5,3,1.0,1.0,1.0,0.0,288,6.0,1.0,,0.0,1.0
C:\Users\tsimp\OneDrive\Υπολογιστής\diplomatikh\run1_qwen2.5_7b\framing_team\cheap_talk\20260612_095139_sh_cheaptalk_run04.json,Qwen2.5-7B-Instruct,Qwen/Qwen2.5-7B-Instruct,sh,cheap_talk,framing_team,team,16,5,4,1.0,1.0,1.0,0.0,288,6.0,1.0,,0.0,1.0
C:\Users\tsimp\OneDrive\Υπολογιστής\diplomatikh\run1_qwen2.5_7b\framing_team\cheap_talk\20260612_095139_sh_cheaptalk_run05.json,Qwen2.5-7B-Instruct,Qwen/Qwen2.5-7B-Instruct,sh,cheap_talk,framing_team,team,16,5,5,1.0,1.0,1.0,0.0,288,6.0,1.0,,0.0,1.0
C:\Users\tsimp\OneDrive\Υπολογιστής\diplomatikh\run1_qwen2.5_7b\no_comm_baseline_1\20260511_124412_pd_nocomm_run01.json,Qwen2.5-7B-Instruct,Qwen/Qwen2.5-7B-Instruct,pd,no_comm,no_comm,neutral,16,5,1,0.046875,0.0,0.0625,-0.0625,108,1.9375,0.9555555555555556,,0.0,0.0
C:\Users\tsimp\OneDrive\Υπολογιστής\diplomatikh\run1_qwen2.5_7b\no_comm_baseline_1\20260511_124412_pd_nocomm_run02.json,Qwen2.5-7B-Instruct,Qwen/Qwen2.5-7B-Instruct,pd,no_comm,no_comm,neutral,16,5,2,0.09375,0.0625,0.10416666666666667,-0.04166666666666667,111,2.1041666666666665,1.0,,0.0,0.0
C:\Users\tsimp\OneDrive\Υπολογιστής\diplomatikh\run1_qwen2.5_7b\no_comm_baseline_1\20260511_124412_pd_nocomm_run03.json,Qwen2.5-7B-Instruct,Qwen/Qwen2.5-7B-Instruct,pd,no_comm,no_comm,neutral,16,5,3,0.078125,0.0625,0.08333333333333333,-0.02083333333333333,108,2.1458333333333335,0.9333333333333333,,0.0,0.0
C:\Users\tsimp\OneDrive\Υπολογιστής\diplomatikh\run1_qwen2.5_7b\no_comm_baseline_1\20260511_124412_pd_nocomm_run04.json,Qwen2.5-7B-Instruct,Qwen/Qwen2.5-7B-Instruct,pd,no_comm,no_comm,neutral,16,5,4,0.0625,0.0625,0.0625,0.0,105,2.1875,0.9111111111111111,,0.0,0.0
C:\Users\tsimp\OneDrive\Υπολογιστής\diplomatikh\run1_qwen2.5_7b\no_comm_baseline_1\20260511_124412_pd_nocomm_run05.json,Qwen2.5-7B-Instruct,Qwen/Qwen2.5-7B-Instruct,pd,no_comm,no_comm,neutral,16,5,5,0.140625,0.125,0.14583333333333334,-0.020833333333333343,116,2.3125,0.8444444444444444,,0.0,0.0
C:\Users\tsimp\OneDrive\Υπολογιστής\diplomatikh\run1_qwen2.5_7b\no_comm_baseline_1\20260511_124412_sh_nocomm_run01.json,Qwen2.5-7B-Instruct,Qwen/Qwen2.5-7B-Instruct,sh,no_comm,no_comm,neutral,16,5,1,0.90625,0.9375,0.8958333333333334,0.04166666666666663,260,5.541666666666667,0.9111111111111111,,0.0,0.75
C:\Users\tsimp\OneDrive\Υπολογιστής\diplomatikh\run1_qwen2.5_7b\no_comm_baseline_1\20260511_124412_sh_nocomm_run02.json,Qwen2.5-7B-Instruct,Qwen/Qwen2.5-7B-Instruct,sh,no_comm,no_comm,neutral,16,5,2,1.0,1.0,1.0,0.0,288,6.0,1.0,,0.0,1.0
C:\Users\tsimp\OneDrive\Υπολογιστής\diplomatikh\run1_qwen2.5_7b\no_comm_baseline_1\20260511_124412_sh_nocomm_run03.json,Qwen2.5-7B-Instruct,Qwen/Qwen2.5-7B-Instruct,sh,no_comm,no_comm,neutral,16,5,3,0.96875,1.0,0.9583333333333334,0.04166666666666663,278,5.916666666666667,0.9777777777777777,,0.0,0.875
C:\Users\tsimp\OneDrive\Υπολογιστής\diplomatikh\run1_qwen2.5_7b\no_comm_baseline_1\20260511_124412_sh_nocomm_run04.json,Qwen2.5-7B-Instruct,Qwen/Qwen2.5-7B-Instruct,sh,no_comm,no_comm,neutral,16,5,4,0.84375,0.8125,0.8541666666666666,-0.04166666666666663,241,4.895833333333333,0.8222222222222222,,0.0,0.625
C:\Users\tsimp\OneDrive\Υπολογιστής\diplomatikh\run1_qwen2.5_7b\no_comm_baseline_1\20260511_124412_sh_nocomm_run05.json,Qwen2.5-7B-Instruct,Qwen/Qwen2.5-7B-Instruct,sh,no_comm,no_comm,neutral,16,5,5,0.9375,0.9375,0.9375,0.0,267,5.5625,0.9111111111111111,,0.0,0.75
C:\Users\tsimp\OneDrive\Υπολογιστής\diplomatikh\run2_qwen3_4b\cheap_talk_baseline_qwen3_4b\20260515_001037_pd_cheaptalk_run01.json,Qwen3-4B,Qwen/Qwen3-4B,pd,cheap_talk,baseline_cheap_talk,neutral,16,3,1,1.0,1.0,1.0,0.0,192,4.0,1.0,0.0,0.0,1.0
C:\Users\tsimp\OneDrive\Υπολογιστής\diplomatikh\run2_qwen3_4b\cheap_talk_baseline_qwen3_4b\20260515_001037_pd_cheaptalk_run02.json,Qwen3-4B,Qwen/Qwen3-4B,pd,cheap_talk,baseline_cheap_talk,neutral,16,3,2,1.0,1.0,1.0,0.0,192,4.0,1.0,0.0,0.0,1.0
C:\Users\tsimp\OneDrive\Υπολογιστής\diplomatikh\run2_qwen3_4b\cheap_talk_baseline_qwen3_4b\20260515_001037_pd_cheaptalk_run03.json,Qwen3-4B,Qwen/Qwen3-4B,pd,cheap_talk,baseline_cheap_talk,neutral,16,3,3,1.0,1.0,1.0,0.0,192,4.0,1.0,0.0,0.0,1.0
C:\Users\tsimp\OneDrive\Υπολογιστής\diplomatikh\run2_qwen3_4b\cheap_talk_baseline_qwen3_4b\20260515_001037_sh_cheaptalk_run01.json,Qwen3-4B,Qwen/Qwen3-4B,sh,cheap_talk,baseline_cheap_talk,neutral,16,3,1,1.0,1.0,1.0,0.0,288,6.0,1.0,,0.0,1.0
C:\Users\tsimp\OneDrive\Υπολογιστής\diplomatikh\run2_qwen3_4b\cheap_talk_baseline_qwen3_4b\20260515_001037_sh_cheaptalk_run02.json,Qwen3-4B,Qwen/Qwen3-4B,sh,cheap_talk,baseline_cheap_talk,neutral,16,3,2,1.0,1.0,1.0,0.0,288,6.0,1.0,,0.0,1.0
C:\Users\tsimp\OneDrive\Υπολογιστής\diplomatikh\run2_qwen3_4b\cheap_talk_baseline_qwen3_4b\20260515_001037_sh_cheaptalk_run03.json,Qwen3-4B,Qwen/Qwen3-4B,sh,cheap_talk,baseline_cheap_talk,neutral,16,3,3,1.0,1.0,1.0,0.0,288,6.0,1.0,,0.0,1.0
C:\Users\tsimp\OneDrive\Υπολογιστής\diplomatikh\run2_qwen3_4b\cheap_talk_cf_qwen3_4b\20260515_001037_pd_cheaptalk_run01.json,Qwen3-4B,Qwen/Qwen3-4B,pd,cheap_talk,counterfactual,neutral,16,3,1,1.0,1.0,1.0,0.0,192,4.0,1.0,0.0,0.0,1.0
C:\Users\tsimp\OneDrive\Υπολογιστής\diplomatikh\run2_qwen3_4b\cheap_talk_cf_qwen3_4b\20260515_001037_pd_cheaptalk_run02.json,Qwen3-4B,Qwen/Qwen3-4B,pd,cheap_talk,counterfactual,neutral,16,3,2,1.0,1.0,1.0,0.0,192,4.0,1.0,0.0,0.0,1.0
C:\Users\tsimp\OneDrive\Υπολογιστής\diplomatikh\run2_qwen3_4b\cheap_talk_cf_qwen3_4b\20260515_001037_pd_cheaptalk_run03.json,Qwen3-4B,Qwen/Qwen3-4B,pd,cheap_talk,counterfactual,neutral,16,3,3,1.0,1.0,1.0,0.0,192,4.0,1.0,0.0,0.0,1.0
C:\Users\tsimp\OneDrive\Υπολογιστής\diplomatikh\run2_qwen3_4b\cheap_talk_cf_qwen3_4b\20260515_001037_sh_cheaptalk_run01.json,Qwen3-4B,Qwen/Qwen3-4B,sh,cheap_talk,counterfactual,neutral,16,3,1,1.0,1.0,1.0,0.0,288,6.0,1.0,,0.0,1.0
C:\Users\tsimp\OneDrive\Υπολογιστής\diplomatikh\run2_qwen3_4b\cheap_talk_cf_qwen3_4b\20260515_001037_sh_cheaptalk_run02.json,Qwen3-4B,Qwen/Qwen3-4B,sh,cheap_talk,counterfactual,neutral,16,3,2,0.984375,0.9375,1.0,-0.0625,282,5.6875,0.9333333333333333,,0.0,0.9375
C:\Users\tsimp\OneDrive\Υπολογιστής\diplomatikh\run2_qwen3_4b\cheap_talk_cf_qwen3_4b\20260515_001037_sh_cheaptalk_run03.json,Qwen3-4B,Qwen/Qwen3-4B,sh,cheap_talk,counterfactual,neutral,16,3,3,1.0,1.0,1.0,0.0,288,6.0,1.0,,0.0,1.0
C:\Users\tsimp\OneDrive\Υπολογιστής\diplomatikh\run2_qwen3_4b\cheap_talk_no_sense_qwen3_4b\20260515_001037_pd_cheaptalk_run01.json,Qwen3-4B,Qwen/Qwen3-4B,pd,cheap_talk,no_sense,neutral,16,3,1,0.96875,1.0,0.9583333333333334,0.04166666666666663,186,4.083333333333333,1.0,0.0,0.0,0.9375
C:\Users\tsimp\OneDrive\Υπολογιστής\diplomatikh\run2_qwen3_4b\cheap_talk_no_sense_qwen3_4b\20260515_001037_pd_cheaptalk_run02.json,Qwen3-4B,Qwen/Qwen3-4B,pd,cheap_talk,no_sense,neutral,16,3,2,0.96875,1.0,0.9583333333333334,0.04166666666666663,186,4.083333333333333,0.9777777777777777,0.0,0.0,0.875
C:\Users\tsimp\OneDrive\Υπολογιστής\diplomatikh\run2_qwen3_4b\cheap_talk_no_sense_qwen3_4b\20260515_001037_pd_cheaptalk_run03.json,Qwen3-4B,Qwen/Qwen3-4B,pd,cheap_talk,no_sense,neutral,16,3,3,0.984375,1.0,0.9791666666666666,0.02083333333333337,189,4.041666666666667,1.0,0.0,0.0,0.9375
C:\Users\tsimp\OneDrive\Υπολογιστής\diplomatikh\run2_qwen3_4b\cheap_talk_no_sense_qwen3_4b\20260515_001037_sh_cheaptalk_run01.json,Qwen3-4B,Qwen/Qwen3-4B,sh,cheap_talk,no_sense,neutral,16,3,1,1.0,1.0,1.0,0.0,288,6.0,1.0,,0.0,1.0
C:\Users\tsimp\OneDrive\Υπολογιστής\diplomatikh\run2_qwen3_4b\cheap_talk_no_sense_qwen3_4b\20260515_001037_sh_cheaptalk_run02.json,Qwen3-4B,Qwen/Qwen3-4B,sh,cheap_talk,no_sense,neutral,16,3,2,1.0,1.0,1.0,0.0,288,6.0,1.0,,0.0,1.0
C:\Users\tsimp\OneDrive\Υπολογιστής\diplomatikh\run2_qwen3_4b\cheap_talk_no_sense_qwen3_4b\20260515_001037_sh_cheaptalk_run03.json,Qwen3-4B,Qwen/Qwen3-4B,sh,cheap_talk,no_sense,neutral,16,3,3,1.0,1.0,1.0,0.0,288,6.0,1.0,,0.0,1.0
C:\Users\tsimp\OneDrive\Υπολογιστής\diplomatikh\run2_qwen3_4b\cheap_talk_silence_qwen3_4b\20260515_001037_pd_cheaptalk_run01.json,Qwen3-4B,Qwen/Qwen3-4B,pd,cheap_talk,silence,neutral,16,3,1,1.0,1.0,1.0,0.0,192,4.0,1.0,,0.0,1.0
C:\Users\tsimp\OneDrive\Υπολογιστής\diplomatikh\run2_qwen3_4b\cheap_talk_silence_qwen3_4b\20260515_001037_pd_cheaptalk_run02.json,Qwen3-4B,Qwen/Qwen3-4B,pd,cheap_talk,silence,neutral,16,3,2,1.0,1.0,1.0,0.0,192,4.0,1.0,,0.0,1.0
C:\Users\tsimp\OneDrive\Υπολογιστής\diplomatikh\run2_qwen3_4b\cheap_talk_silence_qwen3_4b\20260515_001037_pd_cheaptalk_run03.json,Qwen3-4B,Qwen/Qwen3-4B,pd,cheap_talk,silence,neutral,16,3,3,0.5,0.5625,0.4791666666666667,0.08333333333333331,145,3.4375,0.7111111111111111,,0.0,0.0
C:\Users\tsimp\OneDrive\Υπολογιστής\diplomatikh\run2_qwen3_4b\cheap_talk_silence_qwen3_4b\20260515_001037_sh_cheaptalk_run01.json,Qwen3-4B,Qwen/Qwen3-4B,sh,cheap_talk,silence,neutral,16,3,1,1.0,1.0,1.0,0.0,288,6.0,1.0,,0.0,1.0
C:\Users\tsimp\OneDrive\Υπολογιστής\diplomatikh\run2_qwen3_4b\cheap_talk_silence_qwen3_4b\20260515_001037_sh_cheaptalk_run02.json,Qwen3-4B,Qwen/Qwen3-4B,sh,cheap_talk,silence,neutral,16,3,2,1.0,1.0,1.0,0.0,288,6.0,1.0,,0.0,1.0
C:\Users\tsimp\OneDrive\Υπολογιστής\diplomatikh\run2_qwen3_4b\cheap_talk_silence_qwen3_4b\20260515_001037_sh_cheaptalk_run03.json,Qwen3-4B,Qwen/Qwen3-4B,sh,cheap_talk,silence,neutral,16,3,3,1.0,1.0,1.0,0.0,288,6.0,1.0,,0.0,1.0
C:\Users\tsimp\OneDrive\Υπολογιστής\diplomatikh\run2_qwen3_4b\framing_business\cheap_talk\20260622_120329_pd_cheaptalk_run01.json,Qwen3-4B,Qwen/Qwen3-4B,pd,cheap_talk,framing_business,business,16,5,1,1.0,1.0,1.0,0.0,192,4.0,1.0,0.0,0.0,1.0
C:\Users\tsimp\OneDrive\Υπολογιστής\diplomatikh\run2_qwen3_4b\framing_business\cheap_talk\20260622_120329_pd_cheaptalk_run02.json,Qwen3-4B,Qwen/Qwen3-4B,pd,cheap_talk,framing_business,business,16,5,2,1.0,1.0,1.0,0.0,192,4.0,1.0,0.0,0.0,1.0
C:\Users\tsimp\OneDrive\Υπολογιστής\diplomatikh\run2_qwen3_4b\framing_business\cheap_talk\20260622_120329_pd_cheaptalk_run03.json,Qwen3-4B,Qwen/Qwen3-4B,pd,cheap_talk,framing_business,business,16,5,3,1.0,1.0,1.0,0.0,192,4.0,1.0,0.0,0.0,1.0
C:\Users\tsimp\OneDrive\Υπολογιστής\diplomatikh\run2_qwen3_4b\framing_business\cheap_talk\20260622_120329_pd_cheaptalk_run04.json,Qwen3-4B,Qwen/Qwen3-4B,pd,cheap_talk,framing_business,business,16,5,4,1.0,1.0,1.0,0.0,192,4.0,1.0,0.0,0.0,1.0
C:\Users\tsimp\OneDrive\Υπολογιστής\diplomatikh\run2_qwen3_4b\framing_business\cheap_talk\20260622_120329_pd_cheaptalk_run05.json,Qwen3-4B,Qwen/Qwen3-4B,pd,cheap_talk,framing_business,business,16,5,5,1.0,1.0,1.0,0.0,192,4.0,1.0,0.0,0.0,1.0
C:\Users\tsimp\OneDrive\Υπολογιστής\diplomatikh\run2_qwen3_4b\framing_business\cheap_talk\20260622_120329_sh_cheaptalk_run01.json,Qwen3-4B,Qwen/Qwen3-4B,sh,cheap_talk,framing_business,business,16,5,1,1.0,1.0,1.0,0.0,288,6.0,1.0,,0.0,1.0
C:\Users\tsimp\OneDrive\Υπολογιστής\diplomatikh\run2_qwen3_4b\framing_business\cheap_talk\20260622_120329_sh_cheaptalk_run02.json,Qwen3-4B,Qwen/Qwen3-4B,sh,cheap_talk,framing_business,business,16,5,2,1.0,1.0,1.0,0.0,288,6.0,1.0,,0.0,1.0
C:\Users\tsimp\OneDrive\Υπολογιστής\diplomatikh\run2_qwen3_4b\framing_business\cheap_talk\20260622_120329_sh_cheaptalk_run03.json,Qwen3-4B,Qwen/Qwen3-4B,sh,cheap_talk,framing_business,business,16,5,3,1.0,1.0,1.0,0.0,288,6.0,1.0,,0.0,1.0
C:\Users\tsimp\OneDrive\Υπολογιστής\diplomatikh\run2_qwen3_4b\framing_business\cheap_talk\20260622_120329_sh_cheaptalk_run04.json,Qwen3-4B,Qwen/Qwen3-4B,sh,cheap_talk,framing_business,business,16,5,4,1.0,1.0,1.0,0.0,288,6.0,1.0,,0.0,1.0
C:\Users\tsimp\OneDrive\Υπολογιστής\diplomatikh\run2_qwen3_4b\framing_business\cheap_talk\20260622_120329_sh_cheaptalk_run05.json,Qwen3-4B,Qwen/Qwen3-4B,sh,cheap_talk,framing_business,business,16,5,5,1.0,1.0,1.0,0.0,288,6.0,1.0,,0.0,1.0
C:\Users\tsimp\OneDrive\Υπολογιστής\diplomatikh\run2_qwen3_4b\framing_competitive\cheap_talk\20260622_120329_pd_cheaptalk_run01.json,Qwen3-4B,Qwen/Qwen3-4B,pd,cheap_talk,framing_competitive,competitive,16,5,1,0.03125,0.0,0.041666666666666664,-0.041666666666666664,104,1.9583333333333333,1.0,0.0,0.0,0.0
C:\Users\tsimp\OneDrive\Υπολογιστής\diplomatikh\run2_qwen3_4b\framing_competitive\cheap_talk\20260622_120329_pd_cheaptalk_run02.json,Qwen3-4B,Qwen/Qwen3-4B,pd,cheap_talk,framing_competitive,competitive,16,5,2,0.0,0.0,0.0,0.0,96,2.0,1.0,0.0,0.0,0.0
C:\Users\tsimp\OneDrive\Υπολογιστής\diplomatikh\run2_qwen3_4b\framing_competitive\cheap_talk\20260622_120329_pd_cheaptalk_run03.json,Qwen3-4B,Qwen/Qwen3-4B,pd,cheap_talk,framing_competitive,competitive,16,5,3,0.0,0.0,0.0,0.0,96,2.0,1.0,0.0,0.0,0.0
C:\Users\tsimp\OneDrive\Υπολογιστής\diplomatikh\run2_qwen3_4b\framing_competitive\cheap_talk\20260622_120329_pd_cheaptalk_run04.json,Qwen3-4B,Qwen/Qwen3-4B,pd,cheap_talk,framing_competitive,competitive,16,5,4,0.0,0.0,0.0,0.0,96,2.0,1.0,0.0,0.0,0.0
C:\Users\tsimp\OneDrive\Υπολογιστής\diplomatikh\run2_qwen3_4b\framing_competitive\cheap_talk\20260622_120329_pd_cheaptalk_run05.json,Qwen3-4B,Qwen/Qwen3-4B,pd,cheap_talk,framing_competitive,competitive,16,5,5,0.0,0.0,0.0,0.0,96,2.0,1.0,0.0,0.0,0.0
C:\Users\tsimp\OneDrive\Υπολογιστής\diplomatikh\run2_qwen3_4b\framing_competitive\cheap_talk\20260622_120329_sh_cheaptalk_run01.json,Qwen3-4B,Qwen/Qwen3-4B,sh,cheap_talk,framing_competitive,competitive,16,5,1,0.9375,0.875,0.9583333333333334,-0.08333333333333337,269,5.354166666666667,0.9111111111111111,,0.0,0.8125
C:\Users\tsimp\OneDrive\Υπολογιστής\diplomatikh\run2_qwen3_4b\framing_competitive\cheap_talk\20260622_120329_sh_cheaptalk_run02.json,Qwen3-4B,Qwen/Qwen3-4B,sh,cheap_talk,framing_competitive,competitive,16,5,2,1.0,1.0,1.0,0.0,288,6.0,1.0,,0.0,1.0
C:\Users\tsimp\OneDrive\Υπολογιστής\diplomatikh\run2_qwen3_4b\framing_competitive\cheap_talk\20260622_120329_sh_cheaptalk_run03.json,Qwen3-4B,Qwen/Qwen3-4B,sh,cheap_talk,framing_competitive,competitive,16,5,3,1.0,1.0,1.0,0.0,288,6.0,1.0,,0.0,1.0
C:\Users\tsimp\OneDrive\Υπολογιστής\diplomatikh\run2_qwen3_4b\framing_competitive\cheap_talk\20260622_120329_sh_cheaptalk_run04.json,Qwen3-4B,Qwen/Qwen3-4B,sh,cheap_talk,framing_competitive,competitive,16,5,4,0.984375,1.0,0.9791666666666666,0.02083333333333337,283,5.958333333333333,1.0,,0.0,0.9375
C:\Users\tsimp\OneDrive\Υπολογιστής\diplomatikh\run2_qwen3_4b\framing_competitive\cheap_talk\20260622_120329_sh_cheaptalk_run05.json,Qwen3-4B,Qwen/Qwen3-4B,sh,cheap_talk,framing_competitive,competitive,16,5,5,1.0,1.0,1.0,0.0,288,6.0,1.0,,0.0,1.0
C:\Users\tsimp\OneDrive\Υπολογιστής\diplomatikh\run2_qwen3_4b\framing_team\cheap_talk\20260622_120329_pd_cheaptalk_run01.json,Qwen3-4B,Qwen/Qwen3-4B,pd,cheap_talk,framing_team,team,16,5,1,1.0,1.0,1.0,0.0,192,4.0,1.0,0.0,0.0,1.0
C:\Users\tsimp\OneDrive\Υπολογιστής\diplomatikh\run2_qwen3_4b\framing_team\cheap_talk\20260622_120329_pd_cheaptalk_run02.json,Qwen3-4B,Qwen/Qwen3-4B,pd,cheap_talk,framing_team,team,16,5,2,1.0,1.0,1.0,0.0,192,4.0,1.0,0.0,0.0,1.0
C:\Users\tsimp\OneDrive\Υπολογιστής\diplomatikh\run2_qwen3_4b\framing_team\cheap_talk\20260622_120329_pd_cheaptalk_run03.json,Qwen3-4B,Qwen/Qwen3-4B,pd,cheap_talk,framing_team,team,16,5,3,1.0,1.0,1.0,0.0,192,4.0,1.0,0.0,0.0,1.0
C:\Users\tsimp\OneDrive\Υπολογιστής\diplomatikh\run2_qwen3_4b\framing_team\cheap_talk\20260622_120329_pd_cheaptalk_run04.json,Qwen3-4B,Qwen/Qwen3-4B,pd,cheap_talk,framing_team,team,16,5,4,1.0,1.0,1.0,0.0,192,4.0,1.0,0.0,0.0,1.0
C:\Users\tsimp\OneDrive\Υπολογιστής\diplomatikh\run2_qwen3_4b\framing_team\cheap_talk\20260622_120329_pd_cheaptalk_run05.json,Qwen3-4B,Qwen/Qwen3-4B,pd,cheap_talk,framing_team,team,16,5,5,1.0,1.0,1.0,0.0,192,4.0,1.0,0.0,0.0,1.0
C:\Users\tsimp\OneDrive\Υπολογιστής\diplomatikh\run2_qwen3_4b\framing_team\cheap_talk\20260622_120329_sh_cheaptalk_run01.json,Qwen3-4B,Qwen/Qwen3-4B,sh,cheap_talk,framing_team,team,16,5,1,1.0,1.0,1.0,0.0,288,6.0,1.0,,0.0,1.0
C:\Users\tsimp\OneDrive\Υπολογιστής\diplomatikh\run2_qwen3_4b\framing_team\cheap_talk\20260622_120329_sh_cheaptalk_run02.json,Qwen3-4B,Qwen/Qwen3-4B,sh,cheap_talk,framing_team,team,16,5,2,1.0,1.0,1.0,0.0,288,6.0,1.0,,0.0,1.0
C:\Users\tsimp\OneDrive\Υπολογιστής\diplomatikh\run2_qwen3_4b\framing_team\cheap_talk\20260622_120329_sh_cheaptalk_run03.json,Qwen3-4B,Qwen/Qwen3-4B,sh,cheap_talk,framing_team,team,16,5,3,1.0,1.0,1.0,0.0,288,6.0,1.0,,0.0,1.0
C:\Users\tsimp\OneDrive\Υπολογιστής\diplomatikh\run2_qwen3_4b\framing_team\cheap_talk\20260622_120329_sh_cheaptalk_run04.json,Qwen3-4B,Qwen/Qwen3-4B,sh,cheap_talk,framing_team,team,16,5,4,1.0,1.0,1.0,0.0,288,6.0,1.0,,0.0,1.0
C:\Users\tsimp\OneDrive\Υπολογιστής\diplomatikh\run2_qwen3_4b\framing_team\cheap_talk\20260622_120329_sh_cheaptalk_run05.json,Qwen3-4B,Qwen/Qwen3-4B,sh,cheap_talk,framing_team,team,16,5,5,1.0,1.0,1.0,0.0,288,6.0,1.0,,0.0,1.0
C:\Users\tsimp\OneDrive\Υπολογιστής\diplomatikh\run2_qwen3_4b\no_comm_baseline_qwen3_4b\20260515_001037_pd_nocomm_run01.json,Qwen3-4B,Qwen/Qwen3-4B,pd,no_comm,no_comm,neutral,16,3,1,0.03125,0.0,0.041666666666666664,-0.041666666666666664,104,1.9583333333333333,0.9555555555555556,,0.0,0.0
C:\Users\tsimp\OneDrive\Υπολογιστής\diplomatikh\run2_qwen3_4b\no_comm_baseline_qwen3_4b\20260515_001037_pd_nocomm_run02.json,Qwen3-4B,Qwen/Qwen3-4B,pd,no_comm,no_comm,neutral,16,3,2,0.06896551724137931,0.21428571428571427,0.022727272727272728,0.19155844155844154,72,2.2291666666666665,0.7142857142857143,,0.09375,0.0
C:\Users\tsimp\OneDrive\Υπολογιστής\diplomatikh\run2_qwen3_4b\no_comm_baseline_qwen3_4b\20260515_001037_pd_nocomm_run03.json,Qwen3-4B,Qwen/Qwen3-4B,pd,no_comm,no_comm,neutral,16,3,3,0.07547169811320754,0.0,0.09523809523809523,-0.09523809523809523,74,1.2291666666666667,0.9629629629629629,,0.171875,0.0
C:\Users\tsimp\OneDrive\Υπολογιστής\diplomatikh\run2_qwen3_4b\no_comm_baseline_qwen3_4b\20260515_001037_sh_nocomm_run01.json,Qwen3-4B,Qwen/Qwen3-4B,sh,no_comm,no_comm,neutral,16,3,1,0.8372093023255814,0.8888888888888888,0.8235294117647058,0.065359477124183,100,2.2708333333333335,0.9411764705882353,,0.328125,0.125
C:\Users\tsimp\OneDrive\Υπολογιστής\diplomatikh\run2_qwen3_4b\no_comm_baseline_qwen3_4b\20260515_001037_sh_nocomm_run02.json,Qwen3-4B,Qwen/Qwen3-4B,sh,no_comm,no_comm,neutral,16,3,2,0.6122448979591837,1.0,0.5128205128205128,0.4871794871794872,82,2.7083333333333335,0.4230769230769231,,0.234375,0.0
C:\Users\tsimp\OneDrive\Υπολογιστής\diplomatikh\run2_qwen3_4b\no_comm_baseline_qwen3_4b\20260515_001037_sh_nocomm_run03.json,Qwen3-4B,Qwen/Qwen3-4B,sh,no_comm,no_comm,neutral,16,3,3,1.0,1.0,1.0,0.0,282,5.875,1.0,,0.015625,0.9375
C:\Users\tsimp\OneDrive\Υπολογιστής\diplomatikh\run_3_gemma_2_2b_it\gemma-2-2b-it\baseline\cheap_talk\20260516_174820_pd_cheaptalk_run01.json,gemma-2-2b-it,google/gemma-2-2b-it,pd,cheap_talk,baseline_cheap_talk,neutral,16,5,1,1.0,1.0,1.0,0.0,176,3.6666666666666665,1.0,0.0,0.0625,0.875
C:\Users\tsimp\OneDrive\Υπολογιστής\diplomatikh\run_3_gemma_2_2b_it\gemma-2-2b-it\baseline\cheap_talk\20260516_174820_pd_cheaptalk_run02.json,gemma-2-2b-it,google/gemma-2-2b-it,pd,cheap_talk,baseline_cheap_talk,neutral,16,5,2,0.8983050847457628,0.875,0.9069767441860465,-0.03197674418604646,172,3.375,0.85,0.0,0.078125,0.5
C:\Users\tsimp\OneDrive\Υπολογιστής\diplomatikh\run_3_gemma_2_2b_it\gemma-2-2b-it\baseline\cheap_talk\20260516_174820_pd_cheaptalk_run03.json,gemma-2-2b-it,google/gemma-2-2b-it,pd,cheap_talk,baseline_cheap_talk,neutral,16,5,3,1.0,1.0,1.0,0.0,176,3.6666666666666665,1.0,0.0,0.03125,0.875
C:\Users\tsimp\OneDrive\Υπολογιστής\diplomatikh\run_3_gemma_2_2b_it\gemma-2-2b-it\baseline\cheap_talk\20260516_174820_pd_cheaptalk_run04.json,gemma-2-2b-it,google/gemma-2-2b-it,pd,cheap_talk,baseline_cheap_talk,neutral,16,5,4,1.0,1.0,1.0,0.0,176,3.6666666666666665,1.0,0.0,0.03125,0.875
C:\Users\tsimp\OneDrive\Υπολογιστής\diplomatikh\run_3_gemma_2_2b_it\gemma-2-2b-it\baseline\cheap_talk\20260516_174820_pd_cheaptalk_run05.json,gemma-2-2b-it,google/gemma-2-2b-it,pd,cheap_talk,baseline_cheap_talk,neutral,16,5,5,1.0,1.0,1.0,0.0,172,3.5833333333333335,1.0,0.0,0.046875,0.8125
C:\Users\tsimp\OneDrive\Υπολογιστής\diplomatikh\run_3_gemma_2_2b_it\gemma-2-2b-it\baseline\cheap_talk\20260516_174820_sh_cheaptalk_run01.json,gemma-2-2b-it,google/gemma-2-2b-it,sh,cheap_talk,baseline_cheap_talk,neutral,16,5,1,0.3018867924528302,0.0,0.41025641025641024,-0.41025641025641024,94,1.1458333333333333,0.6129032258064516,,0.171875,0.0
C:\Users\tsimp\OneDrive\Υπολογιστής\diplomatikh\run_3_gemma_2_2b_it\gemma-2-2b-it\baseline\cheap_talk\20260516_174820_sh_cheaptalk_run02.json,gemma-2-2b-it,google/gemma-2-2b-it,sh,cheap_talk,baseline_cheap_talk,neutral,16,5,2,0.2033898305084746,0.0,0.2727272727272727,-0.2727272727272727,104,1.5416666666666667,0.7368421052631579,,0.078125,0.0
C:\Users\tsimp\OneDrive\Υπολογιστής\diplomatikh\run_3_gemma_2_2b_it\gemma-2-2b-it\baseline\cheap_talk\20260516_174820_sh_cheaptalk_run03.json,gemma-2-2b-it,google/gemma-2-2b-it,sh,cheap_talk,baseline_cheap_talk,neutral,16,5,3,0.14285714285714285,0.375,0.06382978723404255,0.31117021276595747,86,2.6666666666666665,0.5777777777777777,,0.015625,0.0
C:\Users\tsimp\OneDrive\Υπολογιστής\diplomatikh\run_3_gemma_2_2b_it\gemma-2-2b-it\baseline\cheap_talk\20260516_174820_sh_cheaptalk_run04.json,gemma-2-2b-it,google/gemma-2-2b-it,sh,cheap_talk,baseline_cheap_talk,neutral,16,5,4,0.1206896551724138,0.06666666666666667,0.13953488372093023,-0.07286821705426356,102,1.9375,0.918918918918919,,0.09375,0.0625
C:\Users\tsimp\OneDrive\Υπολογιστής\diplomatikh\run_3_gemma_2_2b_it\gemma-2-2b-it\baseline\cheap_talk\20260516_174820_sh_cheaptalk_run05.json,gemma-2-2b-it,google/gemma-2-2b-it,sh,cheap_talk,baseline_cheap_talk,neutral,16,5,5,0.36065573770491804,0.0625,0.4666666666666667,-0.4041666666666667,132,1.625,0.5476190476190477,,0.046875,0.0
C:\Users\tsimp\OneDrive\Υπολογιστής\diplomatikh\run_3_gemma_2_2b_it\gemma-2-2b-it\baseline\no_comm\20260516_174820_pd_nocomm_run01.json,gemma-2-2b-it,google/gemma-2-2b-it,pd,no_comm,no_comm,neutral,16,5,1,0.8888888888888888,1.0,0.851063829787234,0.14893617021276595,167,4.208333333333333,0.8409090909090909,,0.015625,0.625
C:\Users\tsimp\OneDrive\Υπολογιστής\diplomatikh\run_3_gemma_2_2b_it\gemma-2-2b-it\baseline\no_comm\20260516_174820_pd_nocomm_run02.json,gemma-2-2b-it,google/gemma-2-2b-it,pd,no_comm,no_comm,neutral,16,5,2,0.515625,0.625,0.4791666666666667,0.14583333333333331,143,3.7083333333333335,0.5333333333333333,,0.0,0.0
C:\Users\tsimp\OneDrive\Υπολογιστής\diplomatikh\run_3_gemma_2_2b_it\gemma-2-2b-it\baseline\no_comm\20260516_174820_pd_nocomm_run03.json,gemma-2-2b-it,google/gemma-2-2b-it,pd,no_comm,no_comm,neutral,16,5,3,0.109375,0.0625,0.125,-0.0625,117,2.125,0.8666666666666667,,0.0,0.0
C:\Users\tsimp\OneDrive\Υπολογιστής\diplomatikh\run_3_gemma_2_2b_it\gemma-2-2b-it\baseline\no_comm\20260516_174820_pd_nocomm_run04.json,gemma-2-2b-it,google/gemma-2-2b-it,pd,no_comm,no_comm,neutral,16,5,4,0.890625,1.0,0.8541666666666666,0.14583333333333337,171,4.291666666666667,0.8444444444444444,,0.0,0.6875
C:\Users\tsimp\OneDrive\Υπολογιστής\diplomatikh\run_3_gemma_2_2b_it\gemma-2-2b-it\baseline\no_comm\20260516_174820_pd_nocomm_run05.json,gemma-2-2b-it,google/gemma-2-2b-it,pd,no_comm,no_comm,neutral,16,5,5,0.96875,1.0,0.9583333333333334,0.04166666666666663,186,4.083333333333333,0.9555555555555556,,0.0,0.875
C:\Users\tsimp\OneDrive\Υπολογιστής\diplomatikh\run_3_gemma_2_2b_it\gemma-2-2b-it\baseline\no_comm\20260516_174820_sh_nocomm_run01.json,gemma-2-2b-it,google/gemma-2-2b-it,sh,no_comm,no_comm,neutral,16,5,1,0.671875,0.8125,0.625,0.1875,186,4.4375,0.7777777777777778,,0.0,0.3125
C:\Users\tsimp\OneDrive\Υπολογιστής\diplomatikh\run_3_gemma_2_2b_it\gemma-2-2b-it\baseline\no_comm\20260516_174820_sh_nocomm_run02.json,gemma-2-2b-it,google/gemma-2-2b-it,sh,no_comm,no_comm,neutral,16,5,2,0.65625,0.8125,0.6041666666666666,0.20833333333333337,187,4.520833333333333,0.5555555555555556,,0.0,0.125
C:\Users\tsimp\OneDrive\Υπολογιστής\diplomatikh\run_3_gemma_2_2b_it\gemma-2-2b-it\baseline\no_comm\20260516_174820_sh_nocomm_run03.json,gemma-2-2b-it,google/gemma-2-2b-it,sh,no_comm,no_comm,neutral,16,5,3,0.703125,0.9375,0.625,0.3125,201,5.125,0.6,,0.0,0.25
C:\Users\tsimp\OneDrive\Υπολογιστής\diplomatikh\run_3_gemma_2_2b_it\gemma-2-2b-it\baseline\no_comm\20260516_174820_sh_nocomm_run04.json,gemma-2-2b-it,google/gemma-2-2b-it,sh,no_comm,no_comm,neutral,16,5,4,0.46875,0.75,0.375,0.375,135,3.9375,0.4888888888888889,,0.0,0.0
C:\Users\tsimp\OneDrive\Υπολογιστής\diplomatikh\run_3_gemma_2_2b_it\gemma-2-2b-it\baseline\no_comm\20260516_174820_sh_nocomm_run05.json,gemma-2-2b-it,google/gemma-2-2b-it,sh,no_comm,no_comm,neutral,16,5,5,0.7377049180327869,0.7857142857142857,0.723404255319149,0.06231003039513672,196,4.145833333333333,0.5641025641025641,,0.046875,0.375
C:\Users\tsimp\OneDrive\Υπολογιστής\diplomatikh\run_3_gemma_2_2b_it\gemma-2-2b-it\counterfactual\cheap_talk_counterfactual\20260516_174820_pd_cheaptalk_run01.json,gemma-2-2b-it,google/gemma-2-2b-it,pd,cheap_talk,counterfactual,neutral,16,5,1,0.03225806451612903,0.0,0.043478260869565216,-0.043478260869565216,100,1.875,0.9534883720930233,0.4375,0.03125,0.0
C:\Users\tsimp\OneDrive\Υπολογιστής\diplomatikh\run_3_gemma_2_2b_it\gemma-2-2b-it\counterfactual\cheap_talk_counterfactual\20260516_174820_pd_cheaptalk_run02.json,gemma-2-2b-it,google/gemma-2-2b-it,pd,cheap_talk,counterfactual,neutral,16,5,2,0.04838709677419355,0.0,0.06382978723404255,-0.06382978723404255,100,1.7708333333333333,0.926829268292683,0.13333333333333333,0.03125,0.0
C:\Users\tsimp\OneDrive\Υπολογιστής\diplomatikh\run_3_gemma_2_2b_it\gemma-2-2b-it\counterfactual\cheap_talk_counterfactual\20260516_174820_pd_cheaptalk_run03.json,gemma-2-2b-it,google/gemma-2-2b-it,pd,cheap_talk,counterfactual,neutral,16,5,3,0.06779661016949153,0.0,0.09090909090909091,-0.09090909090909091,100,1.6666666666666667,0.9210526315789473,0.2,0.078125,0.0
C:\Users\tsimp\OneDrive\Υπολογιστής\diplomatikh\run_3_gemma_2_2b_it\gemma-2-2b-it\counterfactual\cheap_talk_counterfactual\20260516_174820_pd_cheaptalk_run04.json,gemma-2-2b-it,google/gemma-2-2b-it,pd,cheap_talk,counterfactual,neutral,16,5,4,0.15789473684210525,0.14285714285714285,0.16279069767441862,-0.019933554817275767,95,1.6666666666666667,0.8823529411764706,0.14285714285714285,0.109375,0.0
C:\Users\tsimp\OneDrive\Υπολογιστής\diplomatikh\run_3_gemma_2_2b_it\gemma-2-2b-it\counterfactual\cheap_talk_counterfactual\20260516_174820_pd_cheaptalk_run05.json,gemma-2-2b-it,google/gemma-2-2b-it,pd,cheap_talk,counterfactual,neutral,16,5,5,0.01639344262295082,0.0,0.021739130434782608,-0.021739130434782608,90,1.7708333333333333,1.0,0.6,0.046875,0.0
C:\Users\tsimp\OneDrive\Υπολογιστής\diplomatikh\run_3_gemma_2_2b_it\gemma-2-2b-it\counterfactual\cheap_talk_counterfactual\20260516_174820_sh_cheaptalk_run01.json,gemma-2-2b-it,google/gemma-2-2b-it,sh,cheap_talk,counterfactual,neutral,16,5,1,0.532258064516129,0.6875,0.4782608695652174,0.2092391304347826,157,3.9583333333333335,0.5348837209302325,,0.03125,0.0
C:\Users\tsimp\OneDrive\Υπολογιστής\diplomatikh\run_3_gemma_2_2b_it\gemma-2-2b-it\counterfactual\cheap_talk_counterfactual\20260516_174820_sh_cheaptalk_run02.json,gemma-2-2b-it,google/gemma-2-2b-it,sh,cheap_talk,counterfactual,neutral,16,5,2,0.3770491803278688,0.5,0.3333333333333333,0.16666666666666669,125,3.0416666666666665,0.6190476190476191,,0.046875,0.0
C:\Users\tsimp\OneDrive\Υπολογιστής\diplomatikh\run_3_gemma_2_2b_it\gemma-2-2b-it\counterfactual\cheap_talk_counterfactual\20260516_174820_sh_cheaptalk_run03.json,gemma-2-2b-it,google/gemma-2-2b-it,sh,cheap_talk,counterfactual,neutral,16,5,3,0.576271186440678,0.6428571428571429,0.5555555555555556,0.08730158730158732,136,3.0208333333333335,0.5405405405405406,,0.078125,0.0625
C:\Users\tsimp\OneDrive\Υπολογιστής\diplomatikh\run_3_gemma_2_2b_it\gemma-2-2b-it\counterfactual\cheap_talk_counterfactual\20260516_174820_sh_cheaptalk_run04.json,gemma-2-2b-it,google/gemma-2-2b-it,sh,cheap_talk,counterfactual,neutral,16,5,4,0.38333333333333336,0.3333333333333333,0.4,-0.06666666666666671,133,2.5833333333333335,0.55,,0.0625,0.125
C:\Users\tsimp\OneDrive\Υπολογιστής\diplomatikh\run_3_gemma_2_2b_it\gemma-2-2b-it\counterfactual\cheap_talk_counterfactual\20260516_174820_sh_cheaptalk_run05.json,gemma-2-2b-it,google/gemma-2-2b-it,sh,cheap_talk,counterfactual,neutral,16,5,5,0.35,0.35714285714285715,0.34782608695652173,0.009316770186335421,113,2.2916666666666665,0.5263157894736842,,0.0625,0.0
C:\Users\tsimp\OneDrive\Υπολογιστής\diplomatikh\run_3_gemma_2_2b_it\gemma-2-2b-it\framing_business\cheap_talk\20260517_102613_pd_cheaptalk_run01.json,gemma-2-2b-it,google/gemma-2-2b-it,pd,cheap_talk,framing_business,business,16,5,1,0.85,0.9285714285714286,0.8260869565217391,0.10248447204968947,151,3.4583333333333335,0.8421052631578947,0.07142857142857142,0.0625,0.5625
C:\Users\tsimp\OneDrive\Υπολογιστής\diplomatikh\run_3_gemma_2_2b_it\gemma-2-2b-it\framing_business\cheap_talk\20260517_102613_pd_cheaptalk_run02.json,gemma-2-2b-it,google/gemma-2-2b-it,pd,cheap_talk,framing_business,business,16,5,2,0.4426229508196721,0.3333333333333333,0.4782608695652174,-0.1449275362318841,149,2.2708333333333335,0.6,0.26666666666666666,0.046875,0.0625
C:\Users\tsimp\OneDrive\Υπολογιστής\diplomatikh\run_3_gemma_2_2b_it\gemma-2-2b-it\framing_business\cheap_talk\20260517_102613_pd_cheaptalk_run03.json,gemma-2-2b-it,google/gemma-2-2b-it,pd,cheap_talk,framing_business,business,16,5,3,0.7627118644067796,0.625,0.813953488372093,-0.18895348837209303,175,2.9166666666666665,0.675,0.125,0.078125,0.25
C:\Users\tsimp\OneDrive\Υπολογιστής\diplomatikh\run_3_gemma_2_2b_it\gemma-2-2b-it\framing_business\cheap_talk\20260517_102613_pd_cheaptalk_run04.json,gemma-2-2b-it,google/gemma-2-2b-it,pd,cheap_talk,framing_business,business,16,5,4,0.7142857142857143,0.4,0.8292682926829268,-0.42926829268292677,172,1.8125,0.4,0.13333333333333333,0.125,0.1875
C:\Users\tsimp\OneDrive\Υπολογιστής\diplomatikh\run_3_gemma_2_2b_it\gemma-2-2b-it\framing_business\cheap_talk\20260517_102613_pd_cheaptalk_run05.json,gemma-2-2b-it,google/gemma-2-2b-it,pd,cheap_talk,framing_business,business,16,5,5,0.421875,0.0625,0.5416666666666666,-0.47916666666666663,194,1.6458333333333333,0.5555555555555556,0.3125,0.0,0.0625
C:\Users\tsimp\OneDrive\Υπολογιστής\diplomatikh\run_3_gemma_2_2b_it\gemma-2-2b-it\framing_business\cheap_talk\20260517_102613_sh_cheaptalk_run01.json,gemma-2-2b-it,google/gemma-2-2b-it,sh,cheap_talk,framing_business,business,16,5,1,0.7413793103448276,0.7142857142857143,0.75,-0.0357142857142857,173,3.5416666666666665,0.6,,0.09375,0.125
C:\Users\tsimp\OneDrive\Υπολογιστής\diplomatikh\run_3_gemma_2_2b_it\gemma-2-2b-it\framing_business\cheap_talk\20260517_102613_sh_cheaptalk_run02.json,gemma-2-2b-it,google/gemma-2-2b-it,sh,cheap_talk,framing_business,business,16,5,2,0.36666666666666664,0.5625,0.29545454545454547,0.26704545454545453,113,3.1041666666666665,0.4634146341463415,,0.0625,0.0
C:\Users\tsimp\OneDrive\Υπολογιστής\diplomatikh\run_3_gemma_2_2b_it\gemma-2-2b-it\framing_business\cheap_talk\20260517_102613_sh_cheaptalk_run03.json,gemma-2-2b-it,google/gemma-2-2b-it,sh,cheap_talk,framing_business,business,16,5,3,0.7,0.7333333333333333,0.6888888888888889,0.0444444444444444,169,3.7083333333333335,0.48717948717948717,,0.0625,0.0625
C:\Users\tsimp\OneDrive\Υπολογιστής\diplomatikh\run_3_gemma_2_2b_it\gemma-2-2b-it\framing_business\cheap_talk\20260517_102613_sh_cheaptalk_run04.json,gemma-2-2b-it,google/gemma-2-2b-it,sh,cheap_talk,framing_business,business,16,5,4,0.6724137931034483,0.6923076923076923,0.6666666666666666,0.02564102564102566,137,3.0416666666666665,0.5142857142857142,,0.09375,0.0
C:\Users\tsimp\OneDrive\Υπολογιστής\diplomatikh\run_3_gemma_2_2b_it\gemma-2-2b-it\framing_business\cheap_talk\20260517_102613_sh_cheaptalk_run05.json,gemma-2-2b-it,google/gemma-2-2b-it,sh,cheap_talk,framing_business,business,16,5,5,0.45,0.07142857142857142,0.5652173913043478,-0.4937888198757764,131,1.5416666666666667,0.43243243243243246,,0.0625,0.0
C:\Users\tsimp\OneDrive\Υπολογιστής\diplomatikh\run_3_gemma_2_2b_it\gemma-2-2b-it\framing_competitive\cheap_talk\20260517_102613_pd_cheaptalk_run01.json,gemma-2-2b-it,google/gemma-2-2b-it,pd,cheap_talk,framing_competitive,competitive,16,5,1,0.0,0.0,0.0,0.0,86,1.7916666666666667,1.0,0.0,0.0625,0.0
C:\Users\tsimp\OneDrive\Υπολογιστής\diplomatikh\run_3_gemma_2_2b_it\gemma-2-2b-it\framing_competitive\cheap_talk\20260517_102613_pd_cheaptalk_run02.json,gemma-2-2b-it,google/gemma-2-2b-it,pd,cheap_talk,framing_competitive,competitive,16,5,2,0.06666666666666667,0.0,0.08888888888888889,-0.08888888888888889,100,1.6666666666666667,0.9,0.0,0.0625,0.0
C:\Users\tsimp\OneDrive\Υπολογιστής\diplomatikh\run_3_gemma_2_2b_it\gemma-2-2b-it\framing_competitive\cheap_talk\20260517_102613_pd_cheaptalk_run03.json,gemma-2-2b-it,google/gemma-2-2b-it,pd,cheap_talk,framing_competitive,competitive,16,5,3,0.08333333333333333,0.0,0.1111111111111111,-0.1111111111111111,100,1.6666666666666667,0.9,0.0,0.0625,0.0
C:\Users\tsimp\OneDrive\Υπολογιστής\diplomatikh\run_3_gemma_2_2b_it\gemma-2-2b-it\framing_competitive\cheap_talk\20260517_102613_pd_cheaptalk_run04.json,gemma-2-2b-it,google/gemma-2-2b-it,pd,cheap_talk,framing_competitive,competitive,16,5,4,0.15789473684210525,0.07142857142857142,0.18604651162790697,-0.11461794019933555,101,1.6875,0.7222222222222222,0.0,0.109375,0.0
C:\Users\tsimp\OneDrive\Υπολογιστής\diplomatikh\run_3_gemma_2_2b_it\gemma-2-2b-it\framing_competitive\cheap_talk\20260517_102613_pd_cheaptalk_run05.json,gemma-2-2b-it,google/gemma-2-2b-it,pd,cheap_talk,framing_competitive,competitive,16,5,5,0.07017543859649122,0.0,0.09090909090909091,-0.09090909090909091,94,1.5416666666666667,0.9393939393939394,0.0,0.109375,0.0
C:\Users\tsimp\OneDrive\Υπολογιστής\diplomatikh\run_3_gemma_2_2b_it\gemma-2-2b-it\framing_competitive\cheap_talk\20260517_102613_sh_cheaptalk_run01.json,gemma-2-2b-it,google/gemma-2-2b-it,sh,cheap_talk,framing_competitive,competitive,16,5,1,0.05084745762711865,0.15384615384615385,0.021739130434782608,0.13210702341137126,72,1.875,0.9117647058823529,,0.078125,0.0
C:\Users\tsimp\OneDrive\Υπολογιστής\diplomatikh\run_3_gemma_2_2b_it\gemma-2-2b-it\framing_competitive\cheap_talk\20260517_102613_sh_cheaptalk_run02.json,gemma-2-2b-it,google/gemma-2-2b-it,sh,cheap_talk,framing_competitive,competitive,16,5,2,0.4745762711864407,0.0,0.6222222222222222,-0.6222222222222222,122,1.1666666666666667,0.43243243243243246,,0.078125,0.0
C:\Users\tsimp\OneDrive\Υπολογιστής\diplomatikh\run_3_gemma_2_2b_it\gemma-2-2b-it\framing_competitive\cheap_talk\20260517_102613_sh_cheaptalk_run03.json,gemma-2-2b-it,google/gemma-2-2b-it,sh,cheap_talk,framing_competitive,competitive,16,5,3,0.18032786885245902,0.0,0.2391304347826087,-0.2391304347826087,108,1.5625,0.7317073170731707,,0.046875,0.0
C:\Users\tsimp\OneDrive\Υπολογιστής\diplomatikh\run_3_gemma_2_2b_it\gemma-2-2b-it\framing_competitive\cheap_talk\20260517_102613_sh_cheaptalk_run04.json,gemma-2-2b-it,google/gemma-2-2b-it,sh,cheap_talk,framing_competitive,competitive,16,5,4,0.15254237288135594,0.07692307692307693,0.17391304347826086,-0.09698996655518394,83,1.5416666666666667,0.7647058823529411,,0.078125,0.0
C:\Users\tsimp\OneDrive\Υπολογιστής\diplomatikh\run_3_gemma_2_2b_it\gemma-2-2b-it\framing_competitive\cheap_talk\20260517_102613_sh_cheaptalk_run05.json,gemma-2-2b-it,google/gemma-2-2b-it,sh,cheap_talk,framing_competitive,competitive,16,5,5,0.27586206896551724,0.0,0.35555555555555557,-0.35555555555555557,98,1.2916666666666667,0.7352941176470589,,0.09375,0.0
C:\Users\tsimp\OneDrive\Υπολογιστής\diplomatikh\run_3_gemma_2_2b_it\gemma-2-2b-it\framing_team\cheap_talk\20260517_102613_pd_cheaptalk_run01.json,gemma-2-2b-it,google/gemma-2-2b-it,pd,cheap_talk,framing_team,team,16,5,1,1.0,1.0,1.0,0.0,168,3.5,1.0,0.0,0.078125,0.8125
C:\Users\tsimp\OneDrive\Υπολογιστής\diplomatikh\run_3_gemma_2_2b_it\gemma-2-2b-it\framing_team\cheap_talk\20260517_102613_pd_cheaptalk_run02.json,gemma-2-2b-it,google/gemma-2-2b-it,pd,cheap_talk,framing_team,team,16,5,2,0.9830508474576272,1.0,0.9772727272727273,0.022727272727272707,165,3.5416666666666665,0.9743589743589743,0.0,0.078125,0.6875
C:\Users\tsimp\OneDrive\Υπολογιστής\diplomatikh\run_3_gemma_2_2b_it\gemma-2-2b-it\framing_team\cheap_talk\20260517_102613_pd_cheaptalk_run03.json,gemma-2-2b-it,google/gemma-2-2b-it,pd,cheap_talk,framing_team,team,16,5,3,0.9629629629629629,0.9375,0.9736842105263158,-0.03618421052631582,151,3.1458333333333335,0.9444444444444444,0.0,0.15625,0.5625
C:\Users\tsimp\OneDrive\Υπολογιστής\diplomatikh\run_3_gemma_2_2b_it\gemma-2-2b-it\framing_team\cheap_talk\20260517_102613_pd_cheaptalk_run04.json,gemma-2-2b-it,google/gemma-2-2b-it,pd,cheap_talk,framing_team,team,16,5,4,1.0,1.0,1.0,0.0,168,3.5,1.0,0.0,0.0625,0.8125
C:\Users\tsimp\OneDrive\Υπολογιστής\diplomatikh\run_3_gemma_2_2b_it\gemma-2-2b-it\framing_team\cheap_talk\20260517_102613_pd_cheaptalk_run05.json,gemma-2-2b-it,google/gemma-2-2b-it,pd,cheap_talk,framing_team,team,16,5,5,0.9830508474576272,1.0,0.9777777777777777,0.022222222222222254,157,3.375,0.9722222222222222,0.0,0.078125,0.6875
C:\Users\tsimp\OneDrive\Υπολογιστής\diplomatikh\run_3_gemma_2_2b_it\gemma-2-2b-it\framing_team\cheap_talk\20260517_102613_sh_cheaptalk_run01.json,gemma-2-2b-it,google/gemma-2-2b-it,sh,cheap_talk,framing_team,team,16,5,1,0.14035087719298245,0.0,0.18604651162790697,-0.18604651162790697,88,1.4583333333333333,0.9117647058823529,,0.109375,0.0
C:\Users\tsimp\OneDrive\Υπολογιστής\diplomatikh\run_3_gemma_2_2b_it\gemma-2-2b-it\framing_team\cheap_talk\20260517_102613_sh_cheaptalk_run02.json,gemma-2-2b-it,google/gemma-2-2b-it,sh,cheap_talk,framing_team,team,16,5,2,0.23728813559322035,0.2,0.25,-0.04999999999999999,107,2.1041666666666665,0.7948717948717948,,0.078125,0.0
C:\Users\tsimp\OneDrive\Υπολογιστής\diplomatikh\run_3_gemma_2_2b_it\gemma-2-2b-it\framing_team\cheap_talk\20260517_102613_sh_cheaptalk_run03.json,gemma-2-2b-it,google/gemma-2-2b-it,sh,cheap_talk,framing_team,team,16,5,3,0.12280701754385964,0.0,0.16666666666666666,-0.16666666666666666,92,1.5416666666666667,0.8648648648648649,,0.109375,0.0
C:\Users\tsimp\OneDrive\Υπολογιστής\diplomatikh\run_3_gemma_2_2b_it\gemma-2-2b-it\framing_team\cheap_talk\20260517_102613_sh_cheaptalk_run04.json,gemma-2-2b-it,google/gemma-2-2b-it,sh,cheap_talk,framing_team,team,16,5,4,0.26785714285714285,0.15384615384615385,0.3023255813953488,-0.14847942754919496,100,1.7083333333333333,0.6451612903225806,,0.125,0.0
C:\Users\tsimp\OneDrive\Υπολογιστής\diplomatikh\run_3_gemma_2_2b_it\gemma-2-2b-it\framing_team\cheap_talk\20260517_102613_sh_cheaptalk_run05.json,gemma-2-2b-it,google/gemma-2-2b-it,sh,cheap_talk,framing_team,team,16,5,5,0.1694915254237288,0.3333333333333333,0.11363636363636363,0.21969696969696967,90,2.25,0.7105263157894737,,0.078125,0.0
C:\Users\tsimp\OneDrive\Υπολογιστής\diplomatikh\run_3_gemma_2_2b_it\gemma-2-2b-it\no_sense\cheap_talk\20260516_174820_pd_cheaptalk_run01.json,gemma-2-2b-it,google/gemma-2-2b-it,pd,cheap_talk,no_sense,neutral,16,5,1,0.3541666666666667,0.42857142857142855,0.3235294117647059,0.10504201680672265,83,1.9375,0.5714285714285714,0.0,0.25,0.0
C:\Users\tsimp\OneDrive\Υπολογιστής\diplomatikh\run_3_gemma_2_2b_it\gemma-2-2b-it\no_sense\cheap_talk\20260516_174820_pd_cheaptalk_run02.json,gemma-2-2b-it,google/gemma-2-2b-it,pd,cheap_talk,no_sense,neutral,16,5,2,0.24444444444444444,0.07692307692307693,0.3125,-0.23557692307692307,81,1.1666666666666667,0.5833333333333334,0.0,0.296875,0.0
C:\Users\tsimp\OneDrive\Υπολογιστής\diplomatikh\run_3_gemma_2_2b_it\gemma-2-2b-it\no_sense\cheap_talk\20260516_174820_pd_cheaptalk_run03.json,gemma-2-2b-it,google/gemma-2-2b-it,pd,cheap_talk,no_sense,neutral,16,5,3,0.11538461538461539,0.0625,0.1388888888888889,-0.0763888888888889,89,1.6458333333333333,0.7878787878787878,0.0,0.1875,0.0
C:\Users\tsimp\OneDrive\Υπολογιστής\diplomatikh\run_3_gemma_2_2b_it\gemma-2-2b-it\no_sense\cheap_talk\20260516_174820_pd_cheaptalk_run04.json,gemma-2-2b-it,google/gemma-2-2b-it,pd,cheap_talk,no_sense,neutral,16,5,4,0.41304347826086957,0.4166666666666667,0.4117647058823529,0.004901960784313764,78,1.5208333333333333,0.6363636363636364,0.0,0.28125,0.0
C:\Users\tsimp\OneDrive\Υπολογιστής\diplomatikh\run_3_gemma_2_2b_it\gemma-2-2b-it\no_sense\cheap_talk\20260516_174820_pd_cheaptalk_run05.json,gemma-2-2b-it,google/gemma-2-2b-it,pd,cheap_talk,no_sense,neutral,16,5,5,0.18,0.2,0.175,0.025000000000000022,63,1.3125,0.6363636363636364,0.0,0.21875,0.0
C:\Users\tsimp\OneDrive\Υπολογιστής\diplomatikh\run_3_gemma_2_2b_it\gemma-2-2b-it\no_sense\cheap_talk\20260516_174820_sh_cheaptalk_run01.json,gemma-2-2b-it,google/gemma-2-2b-it,sh,cheap_talk,no_sense,neutral,16,5,1,0.18,0.18181818181818182,0.1794871794871795,0.0023310023310023353,54,1.3125,0.6666666666666666,,0.21875,0.0
C:\Users\tsimp\OneDrive\Υπολογιστής\diplomatikh\run_3_gemma_2_2b_it\gemma-2-2b-it\no_sense\cheap_talk\20260516_174820_sh_cheaptalk_run02.json,gemma-2-2b-it,google/gemma-2-2b-it,sh,cheap_talk,no_sense,neutral,16,5,2,0.5652173913043478,0.5,0.5789473684210527,-0.07894736842105265,76,1.3333333333333333,0.5294117647058824,,0.28125,0.0625
C:\Users\tsimp\OneDrive\Υπολογιστής\diplomatikh\run_3_gemma_2_2b_it\gemma-2-2b-it\no_sense\cheap_talk\20260516_174820_sh_cheaptalk_run03.json,gemma-2-2b-it,google/gemma-2-2b-it,sh,cheap_talk,no_sense,neutral,16,5,3,0.2962962962962963,0.46153846153846156,0.24390243902439024,0.21763602251407133,67,2.0208333333333335,0.59375,,0.15625,0.0
C:\Users\tsimp\OneDrive\Υπολογιστής\diplomatikh\run_3_gemma_2_2b_it\gemma-2-2b-it\no_sense\cheap_talk\20260516_174820_sh_cheaptalk_run04.json,gemma-2-2b-it,google/gemma-2-2b-it,sh,cheap_talk,no_sense,neutral,16,5,4,0.47058823529411764,0.36363636363636365,0.5,-0.13636363636363635,93,1.6875,0.72,,0.203125,0.0625
C:\Users\tsimp\OneDrive\Υπολογιστής\diplomatikh\run_3_gemma_2_2b_it\gemma-2-2b-it\no_sense\cheap_talk\20260516_174820_sh_cheaptalk_run05.json,gemma-2-2b-it,google/gemma-2-2b-it,sh,cheap_talk,no_sense,neutral,16,5,5,0.32653061224489793,0.08333333333333333,0.40540540540540543,-0.3220720720720721,79,1.1458333333333333,0.5,,0.234375,0.0
C:\Users\tsimp\OneDrive\Υπολογιστής\diplomatikh\run_3_gemma_2_2b_it\gemma-2-2b-it\silence\cheap_talk\20260516_174820_pd_cheaptalk_run01.json,gemma-2-2b-it,google/gemma-2-2b-it,pd,cheap_talk,silence,neutral,16,5,1,0.12244897959183673,0.08333333333333333,0.13513513513513514,-0.051801801801801814,66,1.375,0.7586206896551724,,0.234375,0.0
C:\Users\tsimp\OneDrive\Υπολογιστής\diplomatikh\run_3_gemma_2_2b_it\gemma-2-2b-it\silence\cheap_talk\20260516_174820_pd_cheaptalk_run02.json,gemma-2-2b-it,google/gemma-2-2b-it,pd,cheap_talk,silence,neutral,16,5,2,0.01818181818181818,0.0,0.022727272727272728,-0.022727272727272728,64,1.3333333333333333,0.9696969696969697,,0.140625,0.0
C:\Users\tsimp\OneDrive\Υπολογιστής\diplomatikh\run_3_gemma_2_2b_it\gemma-2-2b-it\silence\cheap_talk\20260516_174820_pd_cheaptalk_run03.json,gemma-2-2b-it,google/gemma-2-2b-it,pd,cheap_talk,silence,neutral,16,5,3,0.034482758620689655,0.06666666666666667,0.023255813953488372,0.043410852713178294,81,1.8958333333333333,0.9,,0.09375,0.0
C:\Users\tsimp\OneDrive\Υπολογιστής\diplomatikh\run_3_gemma_2_2b_it\gemma-2-2b-it\silence\cheap_talk\20260516_174820_pd_cheaptalk_run04.json,gemma-2-2b-it,google/gemma-2-2b-it,pd,cheap_talk,silence,neutral,16,5,4,0.0,0.0,0.0,0.0,68,1.4166666666666667,1.0,,0.125,0.0
C:\Users\tsimp\OneDrive\Υπολογιστής\diplomatikh\run_3_gemma_2_2b_it\gemma-2-2b-it\silence\cheap_talk\20260516_174820_pd_cheaptalk_run05.json,gemma-2-2b-it,google/gemma-2-2b-it,pd,cheap_talk,silence,neutral,16,5,5,0.018518518518518517,0.0,0.02564102564102564,-0.02564102564102564,76,1.4791666666666667,1.0,,0.15625,0.0
C:\Users\tsimp\OneDrive\Υπολογιστής\diplomatikh\run_3_gemma_2_2b_it\gemma-2-2b-it\silence\cheap_talk\20260516_174820_sh_cheaptalk_run01.json,gemma-2-2b-it,google/gemma-2-2b-it,sh,cheap_talk,silence,neutral,16,5,1,0.53125,0.0,0.6071428571428571,-0.6071428571428571,26,0.22916666666666666,0.3333333333333333,,0.5,0.0
C:\Users\tsimp\OneDrive\Υπολογιστής\diplomatikh\run_3_gemma_2_2b_it\gemma-2-2b-it\silence\cheap_talk\20260516_174820_sh_cheaptalk_run02.json,gemma-2-2b-it,google/gemma-2-2b-it,sh,cheap_talk,silence,neutral,16,5,2,0.5151515151515151,0.45454545454545453,0.5454545454545454,-0.09090909090909088,56,1.1041666666666667,0.7058823529411765,,0.484375,0.0
C:\Users\tsimp\OneDrive\Υπολογιστής\diplomatikh\run_3_gemma_2_2b_it\gemma-2-2b-it\silence\cheap_talk\20260516_174820_sh_cheaptalk_run03.json,gemma-2-2b-it,google/gemma-2-2b-it,sh,cheap_talk,silence,neutral,16,5,3,0.75,0.07692307692307693,1.0,-0.9230769230769231,112,0.7708333333333334,0.10714285714285714,,0.25,0.0
C:\Users\tsimp\OneDrive\Υπολογιστής\diplomatikh\run_3_gemma_2_2b_it\gemma-2-2b-it\silence\cheap_talk\20260516_174820_sh_cheaptalk_run04.json,gemma-2-2b-it,google/gemma-2-2b-it,sh,cheap_talk,silence,neutral,16,5,4,0.7297297297297297,0.6666666666666666,0.75,-0.08333333333333337,89,1.7916666666666667,0.5714285714285714,,0.421875,0.0
C:\Users\tsimp\OneDrive\Υπολογιστής\diplomatikh\run_3_gemma_2_2b_it\gemma-2-2b-it\silence\cheap_talk\20260516_174820_sh_cheaptalk_run05.json,gemma-2-2b-it,google/gemma-2-2b-it,sh,cheap_talk,silence,neutral,16,5,5,0.4230769230769231,0.125,0.5555555555555556,-0.4305555555555556,34,0.3958333333333333,0.2222222222222222,,0.59375,0.0
C:\Users\tsimp\OneDrive\Υπολογιστής\diplomatikh\run_3_gemma_2_2b_it\results\gemma-2-2b-it\framing_business\cheap_talk\20260517_102613_pd_cheaptalk_run01.json,gemma-2-2b-it,google/gemma-2-2b-it,pd,cheap_talk,framing_business,business,16,5,1,0.85,0.9285714285714286,0.8260869565217391,0.10248447204968947,151,3.4583333333333335,0.8421052631578947,0.07142857142857142,0.0625,0.5625
C:\Users\tsimp\OneDrive\Υπολογιστής\diplomatikh\run_3_gemma_2_2b_it\results\gemma-2-2b-it\framing_business\cheap_talk\20260517_102613_pd_cheaptalk_run02.json,gemma-2-2b-it,google/gemma-2-2b-it,pd,cheap_talk,framing_business,business,16,5,2,0.4426229508196721,0.3333333333333333,0.4782608695652174,-0.1449275362318841,149,2.2708333333333335,0.6,0.26666666666666666,0.046875,0.0625
C:\Users\tsimp\OneDrive\Υπολογιστής\diplomatikh\run_3_gemma_2_2b_it\results\gemma-2-2b-it\framing_business\cheap_talk\20260517_102613_pd_cheaptalk_run03.json,gemma-2-2b-it,google/gemma-2-2b-it,pd,cheap_talk,framing_business,business,16,5,3,0.7627118644067796,0.625,0.813953488372093,-0.18895348837209303,175,2.9166666666666665,0.675,0.125,0.078125,0.25
C:\Users\tsimp\OneDrive\Υπολογιστής\diplomatikh\run_3_gemma_2_2b_it\results\gemma-2-2b-it\framing_business\cheap_talk\20260517_102613_pd_cheaptalk_run04.json,gemma-2-2b-it,google/gemma-2-2b-it,pd,cheap_talk,framing_business,business,16,5,4,0.7142857142857143,0.4,0.8292682926829268,-0.42926829268292677,172,1.8125,0.4,0.13333333333333333,0.125,0.1875
C:\Users\tsimp\OneDrive\Υπολογιστής\diplomatikh\run_3_gemma_2_2b_it\results\gemma-2-2b-it\framing_business\cheap_talk\20260517_102613_pd_cheaptalk_run05.json,gemma-2-2b-it,google/gemma-2-2b-it,pd,cheap_talk,framing_business,business,16,5,5,0.421875,0.0625,0.5416666666666666,-0.47916666666666663,194,1.6458333333333333,0.5555555555555556,0.3125,0.0,0.0625
C:\Users\tsimp\OneDrive\Υπολογιστής\diplomatikh\run_3_gemma_2_2b_it\results\gemma-2-2b-it\framing_business\cheap_talk\20260517_102613_sh_cheaptalk_run01.json,gemma-2-2b-it,google/gemma-2-2b-it,sh,cheap_talk,framing_business,business,16,5,1,0.7413793103448276,0.7142857142857143,0.75,-0.0357142857142857,173,3.5416666666666665,0.6,,0.09375,0.125
C:\Users\tsimp\OneDrive\Υπολογιστής\diplomatikh\run_3_gemma_2_2b_it\results\gemma-2-2b-it\framing_business\cheap_talk\20260517_102613_sh_cheaptalk_run02.json,gemma-2-2b-it,google/gemma-2-2b-it,sh,cheap_talk,framing_business,business,16,5,2,0.36666666666666664,0.5625,0.29545454545454547,0.26704545454545453,113,3.1041666666666665,0.4634146341463415,,0.0625,0.0
C:\Users\tsimp\OneDrive\Υπολογιστής\diplomatikh\run_3_gemma_2_2b_it\results\gemma-2-2b-it\framing_business\cheap_talk\20260517_102613_sh_cheaptalk_run03.json,gemma-2-2b-it,google/gemma-2-2b-it,sh,cheap_talk,framing_business,business,16,5,3,0.7,0.7333333333333333,0.6888888888888889,0.0444444444444444,169,3.7083333333333335,0.48717948717948717,,0.0625,0.0625
C:\Users\tsimp\OneDrive\Υπολογιστής\diplomatikh\run_3_gemma_2_2b_it\results\gemma-2-2b-it\framing_business\cheap_talk\20260517_102613_sh_cheaptalk_run04.json,gemma-2-2b-it,google/gemma-2-2b-it,sh,cheap_talk,framing_business,business,16,5,4,0.6724137931034483,0.6923076923076923,0.6666666666666666,0.02564102564102566,137,3.0416666666666665,0.5142857142857142,,0.09375,0.0
C:\Users\tsimp\OneDrive\Υπολογιστής\diplomatikh\run_3_gemma_2_2b_it\results\gemma-2-2b-it\framing_business\cheap_talk\20260517_102613_sh_cheaptalk_run05.json,gemma-2-2b-it,google/gemma-2-2b-it,sh,cheap_talk,framing_business,business,16,5,5,0.45,0.07142857142857142,0.5652173913043478,-0.4937888198757764,131,1.5416666666666667,0.43243243243243246,,0.0625,0.0
C:\Users\tsimp\OneDrive\Υπολογιστής\diplomatikh\run_3_gemma_2_2b_it\results\gemma-2-2b-it\framing_competitive\cheap_talk\20260517_102613_pd_cheaptalk_run01.json,gemma-2-2b-it,google/gemma-2-2b-it,pd,cheap_talk,framing_competitive,competitive,16,5,1,0.0,0.0,0.0,0.0,86,1.7916666666666667,1.0,0.0,0.0625,0.0
C:\Users\tsimp\OneDrive\Υπολογιστής\diplomatikh\run_3_gemma_2_2b_it\results\gemma-2-2b-it\framing_competitive\cheap_talk\20260517_102613_pd_cheaptalk_run02.json,gemma-2-2b-it,google/gemma-2-2b-it,pd,cheap_talk,framing_competitive,competitive,16,5,2,0.06666666666666667,0.0,0.08888888888888889,-0.08888888888888889,100,1.6666666666666667,0.9,0.0,0.0625,0.0
C:\Users\tsimp\OneDrive\Υπολογιστής\diplomatikh\run_3_gemma_2_2b_it\results\gemma-2-2b-it\framing_competitive\cheap_talk\20260517_102613_pd_cheaptalk_run03.json,gemma-2-2b-it,google/gemma-2-2b-it,pd,cheap_talk,framing_competitive,competitive,16,5,3,0.08333333333333333,0.0,0.1111111111111111,-0.1111111111111111,100,1.6666666666666667,0.9,0.0,0.0625,0.0
C:\Users\tsimp\OneDrive\Υπολογιστής\diplomatikh\run_3_gemma_2_2b_it\results\gemma-2-2b-it\framing_competitive\cheap_talk\20260517_102613_pd_cheaptalk_run04.json,gemma-2-2b-it,google/gemma-2-2b-it,pd,cheap_talk,framing_competitive,competitive,16,5,4,0.15789473684210525,0.07142857142857142,0.18604651162790697,-0.11461794019933555,101,1.6875,0.7222222222222222,0.0,0.109375,0.0
C:\Users\tsimp\OneDrive\Υπολογιστής\diplomatikh\run_3_gemma_2_2b_it\results\gemma-2-2b-it\framing_competitive\cheap_talk\20260517_102613_pd_cheaptalk_run05.json,gemma-2-2b-it,google/gemma-2-2b-it,pd,cheap_talk,framing_competitive,competitive,16,5,5,0.07017543859649122,0.0,0.09090909090909091,-0.09090909090909091,94,1.5416666666666667,0.9393939393939394,0.0,0.109375,0.0
C:\Users\tsimp\OneDrive\Υπολογιστής\diplomatikh\run_3_gemma_2_2b_it\results\gemma-2-2b-it\framing_competitive\cheap_talk\20260517_102613_sh_cheaptalk_run01.json,gemma-2-2b-it,google/gemma-2-2b-it,sh,cheap_talk,framing_competitive,competitive,16,5,1,0.05084745762711865,0.15384615384615385,0.021739130434782608,0.13210702341137126,72,1.875,0.9117647058823529,,0.078125,0.0
C:\Users\tsimp\OneDrive\Υπολογιστής\diplomatikh\run_3_gemma_2_2b_it\results\gemma-2-2b-it\framing_competitive\cheap_talk\20260517_102613_sh_cheaptalk_run02.json,gemma-2-2b-it,google/gemma-2-2b-it,sh,cheap_talk,framing_competitive,competitive,16,5,2,0.4745762711864407,0.0,0.6222222222222222,-0.6222222222222222,122,1.1666666666666667,0.43243243243243246,,0.078125,0.0
C:\Users\tsimp\OneDrive\Υπολογιστής\diplomatikh\run_3_gemma_2_2b_it\results\gemma-2-2b-it\framing_competitive\cheap_talk\20260517_102613_sh_cheaptalk_run03.json,gemma-2-2b-it,google/gemma-2-2b-it,sh,cheap_talk,framing_competitive,competitive,16,5,3,0.18032786885245902,0.0,0.2391304347826087,-0.2391304347826087,108,1.5625,0.7317073170731707,,0.046875,0.0
C:\Users\tsimp\OneDrive\Υπολογιστής\diplomatikh\run_3_gemma_2_2b_it\results\gemma-2-2b-it\framing_competitive\cheap_talk\20260517_102613_sh_cheaptalk_run04.json,gemma-2-2b-it,google/gemma-2-2b-it,sh,cheap_talk,framing_competitive,competitive,16,5,4,0.15254237288135594,0.07692307692307693,0.17391304347826086,-0.09698996655518394,83,1.5416666666666667,0.7647058823529411,,0.078125,0.0
C:\Users\tsimp\OneDrive\Υπολογιστής\diplomatikh\run_3_gemma_2_2b_it\results\gemma-2-2b-it\framing_competitive\cheap_talk\20260517_102613_sh_cheaptalk_run05.json,gemma-2-2b-it,google/gemma-2-2b-it,sh,cheap_talk,framing_competitive,competitive,16,5,5,0.27586206896551724,0.0,0.35555555555555557,-0.35555555555555557,98,1.2916666666666667,0.7352941176470589,,0.09375,0.0
C:\Users\tsimp\OneDrive\Υπολογιστής\diplomatikh\run_3_gemma_2_2b_it\results\gemma-2-2b-it\framing_team\cheap_talk\20260517_102613_pd_cheaptalk_run01.json,gemma-2-2b-it,google/gemma-2-2b-it,pd,cheap_talk,framing_team,team,16,5,1,1.0,1.0,1.0,0.0,168,3.5,1.0,0.0,0.078125,0.8125
C:\Users\tsimp\OneDrive\Υπολογιστής\diplomatikh\run_3_gemma_2_2b_it\results\gemma-2-2b-it\framing_team\cheap_talk\20260517_102613_pd_cheaptalk_run02.json,gemma-2-2b-it,google/gemma-2-2b-it,pd,cheap_talk,framing_team,team,16,5,2,0.9830508474576272,1.0,0.9772727272727273,0.022727272727272707,165,3.5416666666666665,0.9743589743589743,0.0,0.078125,0.6875
C:\Users\tsimp\OneDrive\Υπολογιστής\diplomatikh\run_3_gemma_2_2b_it\results\gemma-2-2b-it\framing_team\cheap_talk\20260517_102613_pd_cheaptalk_run03.json,gemma-2-2b-it,google/gemma-2-2b-it,pd,cheap_talk,framing_team,team,16,5,3,0.9629629629629629,0.9375,0.9736842105263158,-0.03618421052631582,151,3.1458333333333335,0.9444444444444444,0.0,0.15625,0.5625
C:\Users\tsimp\OneDrive\Υπολογιστής\diplomatikh\run_3_gemma_2_2b_it\results\gemma-2-2b-it\framing_team\cheap_talk\20260517_102613_pd_cheaptalk_run04.json,gemma-2-2b-it,google/gemma-2-2b-it,pd,cheap_talk,framing_team,team,16,5,4,1.0,1.0,1.0,0.0,168,3.5,1.0,0.0,0.0625,0.8125
C:\Users\tsimp\OneDrive\Υπολογιστής\diplomatikh\run_3_gemma_2_2b_it\results\gemma-2-2b-it\framing_team\cheap_talk\20260517_102613_pd_cheaptalk_run05.json,gemma-2-2b-it,google/gemma-2-2b-it,pd,cheap_talk,framing_team,team,16,5,5,0.9830508474576272,1.0,0.9777777777777777,0.022222222222222254,157,3.375,0.9722222222222222,0.0,0.078125,0.6875
C:\Users\tsimp\OneDrive\Υπολογιστής\diplomatikh\run_3_gemma_2_2b_it\results\gemma-2-2b-it\framing_team\cheap_talk\20260517_102613_sh_cheaptalk_run01.json,gemma-2-2b-it,google/gemma-2-2b-it,sh,cheap_talk,framing_team,team,16,5,1,0.14035087719298245,0.0,0.18604651162790697,-0.18604651162790697,88,1.4583333333333333,0.9117647058823529,,0.109375,0.0
C:\Users\tsimp\OneDrive\Υπολογιστής\diplomatikh\run_3_gemma_2_2b_it\results\gemma-2-2b-it\framing_team\cheap_talk\20260517_102613_sh_cheaptalk_run02.json,gemma-2-2b-it,google/gemma-2-2b-it,sh,cheap_talk,framing_team,team,16,5,2,0.23728813559322035,0.2,0.25,-0.04999999999999999,107,2.1041666666666665,0.7948717948717948,,0.078125,0.0
C:\Users\tsimp\OneDrive\Υπολογιστής\diplomatikh\run_3_gemma_2_2b_it\results\gemma-2-2b-it\framing_team\cheap_talk\20260517_102613_sh_cheaptalk_run03.json,gemma-2-2b-it,google/gemma-2-2b-it,sh,cheap_talk,framing_team,team,16,5,3,0.12280701754385964,0.0,0.16666666666666666,-0.16666666666666666,92,1.5416666666666667,0.8648648648648649,,0.109375,0.0
C:\Users\tsimp\OneDrive\Υπολογιστής\diplomatikh\run_3_gemma_2_2b_it\results\gemma-2-2b-it\framing_team\cheap_talk\20260517_102613_sh_cheaptalk_run04.json,gemma-2-2b-it,google/gemma-2-2b-it,sh,cheap_talk,framing_team,team,16,5,4,0.26785714285714285,0.15384615384615385,0.3023255813953488,-0.14847942754919496,100,1.7083333333333333,0.6451612903225806,,0.125,0.0
C:\Users\tsimp\OneDrive\Υπολογιστής\diplomatikh\run_3_gemma_2_2b_it\results\gemma-2-2b-it\framing_team\cheap_talk\20260517_102613_sh_cheaptalk_run05.json,gemma-2-2b-it,google/gemma-2-2b-it,sh,cheap_talk,framing_team,team,16,5,5,0.1694915254237288,0.3333333333333333,0.11363636363636363,0.21969696969696967,90,2.25,0.7105263157894737,,0.078125,0.0
C:\Users\tsimp\OneDrive\Υπολογιστής\diplomatikh\run_4_gemma_2_9b_it\gemma-2-9b-it\baseline\cheap_talk\20260525_221210_pd_cheaptalk_run01.json,gemma-2-9b-it,google/gemma-2-9b-it,pd,cheap_talk,baseline_cheap_talk,neutral,16,5,1,1.0,1.0,1.0,0.0,192,4.0,1.0,0.0,0.0,1.0
C:\Users\tsimp\OneDrive\Υπολογιστής\diplomatikh\run_4_gemma_2_9b_it\gemma-2-9b-it\baseline\cheap_talk\20260525_221210_pd_cheaptalk_run02.json,gemma-2-9b-it,google/gemma-2-9b-it,pd,cheap_talk,baseline_cheap_talk,neutral,16,5,2,1.0,1.0,1.0,0.0,192,4.0,1.0,0.0,0.0,1.0
C:\Users\tsimp\OneDrive\Υπολογιστής\diplomatikh\run_4_gemma_2_9b_it\gemma-2-9b-it\baseline\cheap_talk\20260525_221210_pd_cheaptalk_run03.json,gemma-2-9b-it,google/gemma-2-9b-it,pd,cheap_talk,baseline_cheap_talk,neutral,16,5,3,1.0,1.0,1.0,0.0,192,4.0,1.0,0.0,0.0,1.0
C:\Users\tsimp\OneDrive\Υπολογιστής\diplomatikh\run_4_gemma_2_9b_it\gemma-2-9b-it\baseline\cheap_talk\20260525_221210_pd_cheaptalk_run04.json,gemma-2-9b-it,google/gemma-2-9b-it,pd,cheap_talk,baseline_cheap_talk,neutral,16,5,4,1.0,1.0,1.0,0.0,192,4.0,1.0,0.0,0.0,1.0
C:\Users\tsimp\OneDrive\Υπολογιστής\diplomatikh\run_4_gemma_2_9b_it\gemma-2-9b-it\baseline\cheap_talk\20260525_221210_pd_cheaptalk_run05.json,gemma-2-9b-it,google/gemma-2-9b-it,pd,cheap_talk,baseline_cheap_talk,neutral,16,5,5,1.0,1.0,1.0,0.0,192,4.0,1.0,0.0,0.0,1.0
C:\Users\tsimp\OneDrive\Υπολογιστής\diplomatikh\run_4_gemma_2_9b_it\gemma-2-9b-it\baseline\cheap_talk\20260525_221210_sh_cheaptalk_run01.json,gemma-2-9b-it,google/gemma-2-9b-it,sh,cheap_talk,baseline_cheap_talk,neutral,16,5,1,1.0,1.0,1.0,0.0,288,6.0,1.0,,0.0,1.0
C:\Users\tsimp\OneDrive\Υπολογιστής\diplomatikh\run_4_gemma_2_9b_it\gemma-2-9b-it\baseline\cheap_talk\20260525_221210_sh_cheaptalk_run02.json,gemma-2-9b-it,google/gemma-2-9b-it,sh,cheap_talk,baseline_cheap_talk,neutral,16,5,2,1.0,1.0,1.0,0.0,288,6.0,1.0,,0.0,1.0
C:\Users\tsimp\OneDrive\Υπολογιστής\diplomatikh\run_4_gemma_2_9b_it\gemma-2-9b-it\baseline\cheap_talk\20260525_221210_sh_cheaptalk_run03.json,gemma-2-9b-it,google/gemma-2-9b-it,sh,cheap_talk,baseline_cheap_talk,neutral,16,5,3,1.0,1.0,1.0,0.0,288,6.0,1.0,,0.0,1.0
C:\Users\tsimp\OneDrive\Υπολογιστής\diplomatikh\run_4_gemma_2_9b_it\gemma-2-9b-it\baseline\cheap_talk\20260525_221210_sh_cheaptalk_run04.json,gemma-2-9b-it,google/gemma-2-9b-it,sh,cheap_talk,baseline_cheap_talk,neutral,16,5,4,1.0,1.0,1.0,0.0,288,6.0,1.0,,0.0,1.0
C:\Users\tsimp\OneDrive\Υπολογιστής\diplomatikh\run_4_gemma_2_9b_it\gemma-2-9b-it\baseline\cheap_talk\20260525_221210_sh_cheaptalk_run05.json,gemma-2-9b-it,google/gemma-2-9b-it,sh,cheap_talk,baseline_cheap_talk,neutral,16,5,5,1.0,1.0,1.0,0.0,288,6.0,1.0,,0.0,1.0
C:\Users\tsimp\OneDrive\Υπολογιστής\diplomatikh\run_4_gemma_2_9b_it\gemma-2-9b-it\baseline\no_comm\20260525_221210_pd_nocomm_run01.json,gemma-2-9b-it,google/gemma-2-9b-it,pd,no_comm,no_comm,neutral,16,5,1,0.078125,0.0625,0.08333333333333333,-0.02083333333333333,109,2.1666666666666665,0.9555555555555556,,0.0,0.0
C:\Users\tsimp\OneDrive\Υπολογιστής\diplomatikh\run_4_gemma_2_9b_it\gemma-2-9b-it\baseline\no_comm\20260525_221210_pd_nocomm_run02.json,gemma-2-9b-it,google/gemma-2-9b-it,pd,no_comm,no_comm,neutral,16,5,2,0.015625,0.0,0.020833333333333332,-0.020833333333333332,100,1.9791666666666667,1.0,,0.0,0.0
C:\Users\tsimp\OneDrive\Υπολογιστής\diplomatikh\run_4_gemma_2_9b_it\gemma-2-9b-it\baseline\no_comm\20260525_221210_pd_nocomm_run03.json,gemma-2-9b-it,google/gemma-2-9b-it,pd,no_comm,no_comm,neutral,16,5,3,0.03125,0.0625,0.020833333333333332,0.04166666666666667,96,2.2083333333333335,0.9333333333333333,,0.0,0.0
C:\Users\tsimp\OneDrive\Υπολογιστής\diplomatikh\run_4_gemma_2_9b_it\gemma-2-9b-it\baseline\no_comm\20260525_221210_pd_nocomm_run04.json,gemma-2-9b-it,google/gemma-2-9b-it,pd,no_comm,no_comm,neutral,16,5,4,0.078125,0.0625,0.08333333333333333,-0.02083333333333333,107,2.125,0.9777777777777777,,0.0,0.0
C:\Users\tsimp\OneDrive\Υπολογιστής\diplomatikh\run_4_gemma_2_9b_it\gemma-2-9b-it\baseline\no_comm\20260525_221210_pd_nocomm_run05.json,gemma-2-9b-it,google/gemma-2-9b-it,pd,no_comm,no_comm,neutral,16,5,5,0.125,0.125,0.125,0.0,111,2.3125,0.9333333333333333,,0.0,0.0
C:\Users\tsimp\OneDrive\Υπολογιστής\diplomatikh\run_4_gemma_2_9b_it\gemma-2-9b-it\baseline\no_comm\20260525_221210_sh_nocomm_run01.json,gemma-2-9b-it,google/gemma-2-9b-it,sh,no_comm,no_comm,neutral,16,5,1,1.0,1.0,1.0,0.0,288,6.0,1.0,,0.0,1.0
C:\Users\tsimp\OneDrive\Υπολογιστής\diplomatikh\run_4_gemma_2_9b_it\gemma-2-9b-it\baseline\no_comm\20260525_221210_sh_nocomm_run02.json,gemma-2-9b-it,google/gemma-2-9b-it,sh,no_comm,no_comm,neutral,16,5,2,1.0,1.0,1.0,0.0,288,6.0,1.0,,0.0,1.0
C:\Users\tsimp\OneDrive\Υπολογιστής\diplomatikh\run_4_gemma_2_9b_it\gemma-2-9b-it\baseline\no_comm\20260525_221210_sh_nocomm_run03.json,gemma-2-9b-it,google/gemma-2-9b-it,sh,no_comm,no_comm,neutral,16,5,3,0.953125,0.9375,0.9583333333333334,-0.02083333333333337,275,5.666666666666667,0.9333333333333333,,0.0,0.875
C:\Users\tsimp\OneDrive\Υπολογιστής\diplomatikh\run_4_gemma_2_9b_it\gemma-2-9b-it\baseline\no_comm\20260525_221210_sh_nocomm_run04.json,gemma-2-9b-it,google/gemma-2-9b-it,sh,no_comm,no_comm,neutral,16,5,4,0.984375,0.9375,1.0,-0.0625,282,5.6875,0.9333333333333333,,0.0,0.9375
C:\Users\tsimp\OneDrive\Υπολογιστής\diplomatikh\run_4_gemma_2_9b_it\gemma-2-9b-it\baseline\no_comm\20260525_221210_sh_nocomm_run05.json,gemma-2-9b-it,google/gemma-2-9b-it,sh,no_comm,no_comm,neutral,16,5,5,1.0,1.0,1.0,0.0,288,6.0,1.0,,0.0,1.0
C:\Users\tsimp\OneDrive\Υπολογιστής\diplomatikh\run_4_gemma_2_9b_it\gemma-2-9b-it\counterfactual\cheap_talk\20260607_200316_pd_cheaptalk_run01.json,gemma-2-9b-it,google/gemma-2-9b-it,pd,cheap_talk,counterfactual,neutral,16,5,1,0.859375,0.875,0.8541666666666666,0.02083333333333337,180,3.8541666666666665,0.7111111111111111,0.0625,0.0,0.6875
C:\Users\tsimp\OneDrive\Υπολογιστής\diplomatikh\run_4_gemma_2_9b_it\gemma-2-9b-it\counterfactual\cheap_talk\20260607_200316_pd_cheaptalk_run02.json,gemma-2-9b-it,google/gemma-2-9b-it,pd,cheap_talk,counterfactual,neutral,16,5,2,0.734375,0.9375,0.6666666666666666,0.27083333333333337,147,4.416666666666667,0.6888888888888889,0.0625,0.0,0.375
C:\Users\tsimp\OneDrive\Υπολογιστής\diplomatikh\run_4_gemma_2_9b_it\gemma-2-9b-it\counterfactual\cheap_talk\20260607_200316_pd_cheaptalk_run03.json,gemma-2-9b-it,google/gemma-2-9b-it,pd,cheap_talk,counterfactual,neutral,16,5,3,0.875,1.0,0.8333333333333334,0.16666666666666663,168,4.333333333333333,0.8222222222222222,0.0,0.0,0.625
C:\Users\tsimp\OneDrive\Υπολογιστής\diplomatikh\run_4_gemma_2_9b_it\gemma-2-9b-it\counterfactual\cheap_talk\20260607_200316_pd_cheaptalk_run04.json,gemma-2-9b-it,google/gemma-2-9b-it,pd,cheap_talk,counterfactual,neutral,16,5,4,0.84375,1.0,0.7916666666666666,0.20833333333333337,162,4.416666666666667,0.7777777777777778,0.0,0.0,0.5
C:\Users\tsimp\OneDrive\Υπολογιστής\diplomatikh\run_4_gemma_2_9b_it\gemma-2-9b-it\counterfactual\cheap_talk\20260607_200316_pd_cheaptalk_run05.json,gemma-2-9b-it,google/gemma-2-9b-it,pd,cheap_talk,counterfactual,neutral,16,5,5,0.59375,0.75,0.5416666666666666,0.20833333333333337,144,4.041666666666667,0.6444444444444445,0.25,0.0,0.1875
C:\Users\tsimp\OneDrive\Υπολογιστής\diplomatikh\run_4_gemma_2_9b_it\gemma-2-9b-it\counterfactual\cheap_talk\20260607_200316_sh_cheaptalk_run01.json,gemma-2-9b-it,google/gemma-2-9b-it,sh,cheap_talk,counterfactual,neutral,16,5,1,0.84375,1.0,0.7916666666666666,0.20833333333333337,238,5.583333333333333,0.8,,0.0,0.5625
C:\Users\tsimp\OneDrive\Υπολογιστής\diplomatikh\run_4_gemma_2_9b_it\gemma-2-9b-it\counterfactual\cheap_talk\20260607_200316_sh_cheaptalk_run02.json,gemma-2-9b-it,google/gemma-2-9b-it,sh,cheap_talk,counterfactual,neutral,16,5,2,0.4444444444444444,0.6666666666666666,0.375,0.29166666666666663,119,3.3541666666666665,0.35714285714285715,,0.015625,0.0625
C:\Users\tsimp\OneDrive\Υπολογιστής\diplomatikh\run_4_gemma_2_9b_it\gemma-2-9b-it\counterfactual\cheap_talk\20260607_200316_sh_cheaptalk_run03.json,gemma-2-9b-it,google/gemma-2-9b-it,sh,cheap_talk,counterfactual,neutral,16,5,3,0.90625,1.0,0.875,0.125,258,5.75,0.8666666666666667,,0.0,0.6875
C:\Users\tsimp\OneDrive\Υπολογιστής\diplomatikh\run_4_gemma_2_9b_it\gemma-2-9b-it\counterfactual\cheap_talk\20260607_200316_sh_cheaptalk_run04.json,gemma-2-9b-it,google/gemma-2-9b-it,sh,cheap_talk,counterfactual,neutral,16,5,4,0.578125,0.9375,0.4583333333333333,0.4791666666666667,161,4.791666666666667,0.35555555555555557,,0.0,0.125
C:\Users\tsimp\OneDrive\Υπολογιστής\diplomatikh\run_4_gemma_2_9b_it\gemma-2-9b-it\counterfactual\cheap_talk\20260607_200316_sh_cheaptalk_run05.json,gemma-2-9b-it,google/gemma-2-9b-it,sh,cheap_talk,counterfactual,neutral,16,5,5,0.859375,1.0,0.8125,0.1875,243,5.625,0.8,,0.0,0.625
C:\Users\tsimp\OneDrive\Υπολογιστής\diplomatikh\run_4_gemma_2_9b_it\gemma-2-9b-it\framing_business\cheap_talk\20260517_215952_pd_cheaptalk_run01.json,gemma-2-9b-it,google/gemma-2-9b-it,pd,cheap_talk,framing_business,business,16,5,1,1.0,1.0,1.0,0.0,192,4.0,1.0,0.0,0.0,1.0
C:\Users\tsimp\OneDrive\Υπολογιστής\diplomatikh\run_4_gemma_2_9b_it\gemma-2-9b-it\framing_business\cheap_talk\20260517_215952_pd_cheaptalk_run02.json,gemma-2-9b-it,google/gemma-2-9b-it,pd,cheap_talk,framing_business,business,16,5,2,1.0,1.0,1.0,0.0,192,4.0,1.0,0.0,0.0,1.0
C:\Users\tsimp\OneDrive\Υπολογιστής\diplomatikh\run_4_gemma_2_9b_it\gemma-2-9b-it\framing_business\cheap_talk\20260517_215952_pd_cheaptalk_run03.json,gemma-2-9b-it,google/gemma-2-9b-it,pd,cheap_talk,framing_business,business,16,5,3,1.0,1.0,1.0,0.0,192,4.0,1.0,0.0,0.0,1.0
C:\Users\tsimp\OneDrive\Υπολογιστής\diplomatikh\run_4_gemma_2_9b_it\gemma-2-9b-it\framing_business\cheap_talk\20260517_215952_pd_cheaptalk_run04.json,gemma-2-9b-it,google/gemma-2-9b-it,pd,cheap_talk,framing_business,business,16,5,4,1.0,1.0,1.0,0.0,192,4.0,1.0,0.0,0.0,1.0
C:\Users\tsimp\OneDrive\Υπολογιστής\diplomatikh\run_4_gemma_2_9b_it\gemma-2-9b-it\framing_business\cheap_talk\20260517_215952_pd_cheaptalk_run05.json,gemma-2-9b-it,google/gemma-2-9b-it,pd,cheap_talk,framing_business,business,16,5,5,1.0,1.0,1.0,0.0,192,4.0,1.0,0.0,0.0,1.0
C:\Users\tsimp\OneDrive\Υπολογιστής\diplomatikh\run_4_gemma_2_9b_it\gemma-2-9b-it\framing_business\cheap_talk\20260517_215952_sh_cheaptalk_run01.json,gemma-2-9b-it,google/gemma-2-9b-it,sh,cheap_talk,framing_business,business,16,5,1,0.953125,1.0,0.9375,0.0625,273,5.875,0.9777777777777777,,0.0,0.875
C:\Users\tsimp\OneDrive\Υπολογιστής\diplomatikh\run_4_gemma_2_9b_it\gemma-2-9b-it\framing_business\cheap_talk\20260517_215952_sh_cheaptalk_run02.json,gemma-2-9b-it,google/gemma-2-9b-it,sh,cheap_talk,framing_business,business,16,5,2,1.0,1.0,1.0,0.0,288,6.0,1.0,,0.0,1.0
C:\Users\tsimp\OneDrive\Υπολογιστής\diplomatikh\run_4_gemma_2_9b_it\gemma-2-9b-it\framing_business\cheap_talk\20260517_215952_sh_cheaptalk_run03.json,gemma-2-9b-it,google/gemma-2-9b-it,sh,cheap_talk,framing_business,business,16,5,3,1.0,1.0,1.0,0.0,288,6.0,1.0,,0.0,1.0
C:\Users\tsimp\OneDrive\Υπολογιστής\diplomatikh\run_4_gemma_2_9b_it\gemma-2-9b-it\framing_business\cheap_talk\20260517_215952_sh_cheaptalk_run04.json,gemma-2-9b-it,google/gemma-2-9b-it,sh,cheap_talk,framing_business,business,16,5,4,0.8125,1.0,0.75,0.25,228,5.5,0.7555555555555555,,0.0,0.4375
C:\Users\tsimp\OneDrive\Υπολογιστής\diplomatikh\run_4_gemma_2_9b_it\gemma-2-9b-it\framing_business\cheap_talk\20260517_215952_sh_cheaptalk_run05.json,gemma-2-9b-it,google/gemma-2-9b-it,sh,cheap_talk,framing_business,business,16,5,5,1.0,1.0,1.0,0.0,288,6.0,1.0,,0.0,1.0
C:\Users\tsimp\OneDrive\Υπολογιστής\diplomatikh\run_4_gemma_2_9b_it\gemma-2-9b-it\framing_competitive\cheap_talk\20260608_085039_pd_cheaptalk_run01.json,gemma-2-9b-it,google/gemma-2-9b-it,pd,cheap_talk,framing_competitive,competitive,16,5,1,0.0,0.0,0.0,0.0,96,2.0,1.0,0.375,0.0,0.0
C:\Users\tsimp\OneDrive\Υπολογιστής\diplomatikh\run_4_gemma_2_9b_it\gemma-2-9b-it\framing_competitive\cheap_talk\20260608_085039_pd_cheaptalk_run02.json,gemma-2-9b-it,google/gemma-2-9b-it,pd,cheap_talk,framing_competitive,competitive,16,5,2,0.03125,0.0,0.041666666666666664,-0.041666666666666664,104,1.9583333333333333,1.0,0.3125,0.0,0.0
C:\Users\tsimp\OneDrive\Υπολογιστής\diplomatikh\run_4_gemma_2_9b_it\gemma-2-9b-it\framing_competitive\cheap_talk\20260608_085039_pd_cheaptalk_run03.json,gemma-2-9b-it,google/gemma-2-9b-it,pd,cheap_talk,framing_competitive,competitive,16,5,3,0.03125,0.0625,0.020833333333333332,0.04166666666666667,97,2.2291666666666665,0.9333333333333333,0.1875,0.0,0.0
C:\Users\tsimp\OneDrive\Υπολογιστής\diplomatikh\run_4_gemma_2_9b_it\gemma-2-9b-it\framing_competitive\cheap_talk\20260608_085039_pd_cheaptalk_run04.json,gemma-2-9b-it,google/gemma-2-9b-it,pd,cheap_talk,framing_competitive,competitive,16,5,4,0.015625,0.0,0.020833333333333332,-0.020833333333333332,100,1.9791666666666667,1.0,0.25,0.0,0.0
C:\Users\tsimp\OneDrive\Υπολογιστής\diplomatikh\run_4_gemma_2_9b_it\gemma-2-9b-it\framing_competitive\cheap_talk\20260608_085039_pd_cheaptalk_run05.json,gemma-2-9b-it,google/gemma-2-9b-it,pd,cheap_talk,framing_competitive,competitive,16,5,5,0.015625,0.0,0.020833333333333332,-0.020833333333333332,100,1.9791666666666667,1.0,0.1875,0.0,0.0
C:\Users\tsimp\OneDrive\Υπολογιστής\diplomatikh\run_4_gemma_2_9b_it\gemma-2-9b-it\framing_competitive\cheap_talk\20260608_085039_sh_cheaptalk_run01.json,gemma-2-9b-it,google/gemma-2-9b-it,sh,cheap_talk,framing_competitive,competitive,16,5,1,0.6875,0.4375,0.7708333333333334,-0.33333333333333337,200,3.1666666666666665,0.4,,0.0,0.25
C:\Users\tsimp\OneDrive\Υπολογιστής\diplomatikh\run_4_gemma_2_9b_it\gemma-2-9b-it\framing_competitive\cheap_talk\20260608_085039_sh_cheaptalk_run02.json,gemma-2-9b-it,google/gemma-2-9b-it,sh,cheap_talk,framing_competitive,competitive,16,5,2,0.78125,1.0,0.7083333333333334,0.29166666666666663,218,5.416666666666667,0.7111111111111111,,0.0,0.375
C:\Users\tsimp\OneDrive\Υπολογιστής\diplomatikh\run_4_gemma_2_9b_it\gemma-2-9b-it\framing_competitive\cheap_talk\20260608_085039_sh_cheaptalk_run03.json,gemma-2-9b-it,google/gemma-2-9b-it,sh,cheap_talk,framing_competitive,competitive,16,5,3,0.5625,0.625,0.5416666666666666,0.08333333333333337,181,4.020833333333333,0.6444444444444445,,0.0,0.125
C:\Users\tsimp\OneDrive\Υπολογιστής\diplomatikh\run_4_gemma_2_9b_it\gemma-2-9b-it\framing_competitive\cheap_talk\20260608_085039_sh_cheaptalk_run04.json,gemma-2-9b-it,google/gemma-2-9b-it,sh,cheap_talk,framing_competitive,competitive,16,5,4,0.4603174603174603,0.4375,0.46808510638297873,-0.030585106382978733,150,3.0625,0.5227272727272727,,0.015625,0.125
C:\Users\tsimp\OneDrive\Υπολογιστής\diplomatikh\run_4_gemma_2_9b_it\gemma-2-9b-it\framing_competitive\cheap_talk\20260608_085039_sh_cheaptalk_run05.json,gemma-2-9b-it,google/gemma-2-9b-it,sh,cheap_talk,framing_competitive,competitive,16,5,5,0.546875,0.5625,0.5416666666666666,0.02083333333333337,154,3.2708333333333335,0.3333333333333333,,0.0,0.0
C:\Users\tsimp\OneDrive\Υπολογιστής\diplomatikh\run_4_gemma_2_9b_it\gemma-2-9b-it\framing_team\cheap_talk\20260517_215952_pd_cheaptalk_run01.json,gemma-2-9b-it,google/gemma-2-9b-it,pd,cheap_talk,framing_team,team,16,5,1,1.0,1.0,1.0,0.0,192,4.0,1.0,0.0,0.0,1.0
C:\Users\tsimp\OneDrive\Υπολογιστής\diplomatikh\run_4_gemma_2_9b_it\gemma-2-9b-it\framing_team\cheap_talk\20260517_215952_pd_cheaptalk_run02.json,gemma-2-9b-it,google/gemma-2-9b-it,pd,cheap_talk,framing_team,team,16,5,2,1.0,1.0,1.0,0.0,192,4.0,1.0,0.0,0.0,1.0
C:\Users\tsimp\OneDrive\Υπολογιστής\diplomatikh\run_4_gemma_2_9b_it\gemma-2-9b-it\framing_team\cheap_talk\20260517_215952_pd_cheaptalk_run03.json,gemma-2-9b-it,google/gemma-2-9b-it,pd,cheap_talk,framing_team,team,16,5,3,1.0,1.0,1.0,0.0,192,4.0,1.0,0.0,0.0,1.0
C:\Users\tsimp\OneDrive\Υπολογιστής\diplomatikh\run_4_gemma_2_9b_it\gemma-2-9b-it\framing_team\cheap_talk\20260517_215952_pd_cheaptalk_run04.json,gemma-2-9b-it,google/gemma-2-9b-it,pd,cheap_talk,framing_team,team,16,5,4,1.0,1.0,1.0,0.0,192,4.0,1.0,0.0,0.0,1.0
C:\Users\tsimp\OneDrive\Υπολογιστής\diplomatikh\run_4_gemma_2_9b_it\gemma-2-9b-it\framing_team\cheap_talk\20260517_215952_pd_cheaptalk_run05.json,gemma-2-9b-it,google/gemma-2-9b-it,pd,cheap_talk,framing_team,team,16,5,5,1.0,1.0,1.0,0.0,192,4.0,1.0,0.0,0.0,1.0
C:\Users\tsimp\OneDrive\Υπολογιστής\diplomatikh\run_4_gemma_2_9b_it\gemma-2-9b-it\framing_team\cheap_talk\20260517_215952_sh_cheaptalk_run01.json,gemma-2-9b-it,google/gemma-2-9b-it,sh,cheap_talk,framing_team,team,16,5,1,1.0,1.0,1.0,0.0,288,6.0,1.0,,0.0,1.0
C:\Users\tsimp\OneDrive\Υπολογιστής\diplomatikh\run_4_gemma_2_9b_it\gemma-2-9b-it\framing_team\cheap_talk\20260517_215952_sh_cheaptalk_run02.json,gemma-2-9b-it,google/gemma-2-9b-it,sh,cheap_talk,framing_team,team,16,5,2,1.0,1.0,1.0,0.0,288,6.0,1.0,,0.0,1.0
C:\Users\tsimp\OneDrive\Υπολογιστής\diplomatikh\run_4_gemma_2_9b_it\gemma-2-9b-it\framing_team\cheap_talk\20260517_215952_sh_cheaptalk_run03.json,gemma-2-9b-it,google/gemma-2-9b-it,sh,cheap_talk,framing_team,team,16,5,3,0.046875,0.0625,0.041666666666666664,0.020833333333333336,97,2.0833333333333335,0.9333333333333333,,0.0,0.0
C:\Users\tsimp\OneDrive\Υπολογιστής\diplomatikh\run_4_gemma_2_9b_it\gemma-2-9b-it\framing_team\cheap_talk\20260517_215952_sh_cheaptalk_run04.json,gemma-2-9b-it,google/gemma-2-9b-it,sh,cheap_talk,framing_team,team,16,5,4,1.0,1.0,1.0,0.0,288,6.0,1.0,,0.0,1.0
C:\Users\tsimp\OneDrive\Υπολογιστής\diplomatikh\run_4_gemma_2_9b_it\gemma-2-9b-it\framing_team\cheap_talk\20260517_215952_sh_cheaptalk_run05.json,gemma-2-9b-it,google/gemma-2-9b-it,sh,cheap_talk,framing_team,team,16,5,5,1.0,1.0,1.0,0.0,288,6.0,1.0,,0.0,1.0
C:\Users\tsimp\OneDrive\Υπολογιστής\diplomatikh\run_4_gemma_2_9b_it\gemma-2-9b-it\no_sense\cheap_talk\20260607_200316_pd_cheaptalk_run01.json,gemma-2-9b-it,google/gemma-2-9b-it,pd,cheap_talk,no_sense,neutral,16,5,1,0.0625,0.0625,0.0625,0.0,104,2.1666666666666665,0.9777777777777777,0.0,0.0,0.0
C:\Users\tsimp\OneDrive\Υπολογιστής\diplomatikh\run_4_gemma_2_9b_it\gemma-2-9b-it\no_sense\cheap_talk\20260607_200316_pd_cheaptalk_run02.json,gemma-2-9b-it,google/gemma-2-9b-it,pd,cheap_talk,no_sense,neutral,16,5,2,0.0625,0.125,0.041666666666666664,0.08333333333333334,96,2.4166666666666665,0.9333333333333333,0.0,0.0,0.0
C:\Users\tsimp\OneDrive\Υπολογιστής\diplomatikh\run_4_gemma_2_9b_it\gemma-2-9b-it\no_sense\cheap_talk\20260607_200316_pd_cheaptalk_run03.json,gemma-2-9b-it,google/gemma-2-9b-it,pd,cheap_talk,no_sense,neutral,16,5,3,0.0625,0.0,0.08333333333333333,-0.08333333333333333,112,1.9166666666666667,0.9333333333333333,0.0,0.0,0.0
C:\Users\tsimp\OneDrive\Υπολογιστής\diplomatikh\run_4_gemma_2_9b_it\gemma-2-9b-it\no_sense\cheap_talk\20260607_200316_pd_cheaptalk_run04.json,gemma-2-9b-it,google/gemma-2-9b-it,pd,cheap_talk,no_sense,neutral,16,5,4,0.171875,0.375,0.10416666666666667,0.2708333333333333,93,3.2916666666666665,0.6888888888888889,0.0,0.0,0.0
C:\Users\tsimp\OneDrive\Υπολογιστής\diplomatikh\run_4_gemma_2_9b_it\gemma-2-9b-it\no_sense\cheap_talk\20260607_200316_pd_cheaptalk_run05.json,gemma-2-9b-it,google/gemma-2-9b-it,pd,cheap_talk,no_sense,neutral,16,5,5,0.09375,0.125,0.08333333333333333,0.04166666666666667,103,2.3541666666666665,0.9111111111111111,0.0,0.0,0.0
C:\Users\tsimp\OneDrive\Υπολογιστής\diplomatikh\run_4_gemma_2_9b_it\gemma-2-9b-it\no_sense\cheap_talk\20260607_200316_sh_cheaptalk_run01.json,gemma-2-9b-it,google/gemma-2-9b-it,sh,cheap_talk,no_sense,neutral,16,5,1,0.765625,1.0,0.6875,0.3125,213,5.375,0.6666666666666666,,0.0,0.0625
C:\Users\tsimp\OneDrive\Υπολογιστής\diplomatikh\run_4_gemma_2_9b_it\gemma-2-9b-it\no_sense\cheap_talk\20260607_200316_sh_cheaptalk_run02.json,gemma-2-9b-it,google/gemma-2-9b-it,sh,cheap_talk,no_sense,neutral,16,5,2,0.828125,1.0,0.7708333333333334,0.22916666666666663,233,5.541666666666667,0.7555555555555555,,0.0,0.3125
C:\Users\tsimp\OneDrive\Υπολογιστής\diplomatikh\run_4_gemma_2_9b_it\gemma-2-9b-it\no_sense\cheap_talk\20260607_200316_sh_cheaptalk_run03.json,gemma-2-9b-it,google/gemma-2-9b-it,sh,cheap_talk,no_sense,neutral,16,5,3,0.25,0.375,0.20833333333333334,0.16666666666666666,110,2.7916666666666665,0.6444444444444445,,0.0,0.0625
C:\Users\tsimp\OneDrive\Υπολογιστής\diplomatikh\run_4_gemma_2_9b_it\gemma-2-9b-it\no_sense\cheap_talk\20260607_200316_sh_cheaptalk_run04.json,gemma-2-9b-it,google/gemma-2-9b-it,sh,cheap_talk,no_sense,neutral,16,5,4,0.984375,0.9375,1.0,-0.0625,282,5.6875,0.9333333333333333,,0.0,0.9375
C:\Users\tsimp\OneDrive\Υπολογιστής\diplomatikh\run_4_gemma_2_9b_it\gemma-2-9b-it\no_sense\cheap_talk\20260607_200316_sh_cheaptalk_run05.json,gemma-2-9b-it,google/gemma-2-9b-it,sh,cheap_talk,no_sense,neutral,16,5,5,0.78125,1.0,0.7083333333333334,0.29166666666666663,218,5.416666666666667,0.6888888888888889,,0.0,0.125
C:\Users\tsimp\OneDrive\Υπολογιστής\diplomatikh\run_4_gemma_2_9b_it\gemma-2-9b-it\silence\cheap_talk\20260607_200316_pd_cheaptalk_run01.json,gemma-2-9b-it,google/gemma-2-9b-it,pd,cheap_talk,silence,neutral,16,5,1,0.1875,0.1875,0.1875,0.0,116,2.4166666666666665,0.9333333333333333,,0.0,0.0625
C:\Users\tsimp\OneDrive\Υπολογιστής\diplomatikh\run_4_gemma_2_9b_it\gemma-2-9b-it\silence\cheap_talk\20260607_200316_pd_cheaptalk_run02.json,gemma-2-9b-it,google/gemma-2-9b-it,pd,cheap_talk,silence,neutral,16,5,2,1.0,1.0,1.0,0.0,192,4.0,1.0,,0.0,1.0
C:\Users\tsimp\OneDrive\Υπολογιστής\diplomatikh\run_4_gemma_2_9b_it\gemma-2-9b-it\silence\cheap_talk\20260607_200316_pd_cheaptalk_run03.json,gemma-2-9b-it,google/gemma-2-9b-it,pd,cheap_talk,silence,neutral,16,5,3,0.078125,0.0625,0.08333333333333333,-0.02083333333333333,106,2.1041666666666665,0.9555555555555556,,0.0,0.0625
C:\Users\tsimp\OneDrive\Υπολογιστής\diplomatikh\run_4_gemma_2_9b_it\gemma-2-9b-it\silence\cheap_talk\20260607_200316_pd_cheaptalk_run04.json,gemma-2-9b-it,google/gemma-2-9b-it,pd,cheap_talk,silence,neutral,16,5,4,0.09375,0.0625,0.10416666666666667,-0.04166666666666667,110,2.0833333333333335,0.9777777777777777,,0.0,0.0625
C:\Users\tsimp\OneDrive\Υπολογιστής\diplomatikh\run_4_gemma_2_9b_it\gemma-2-9b-it\silence\cheap_talk\20260607_200316_pd_cheaptalk_run05.json,gemma-2-9b-it,google/gemma-2-9b-it,pd,cheap_talk,silence,neutral,16,5,5,0.15873015873015872,0.1875,0.14893617021276595,0.03856382978723405,109,2.4791666666666665,0.8863636363636364,,0.015625,0.0625
C:\Users\tsimp\OneDrive\Υπολογιστής\diplomatikh\run_4_gemma_2_9b_it\gemma-2-9b-it\silence\cheap_talk\20260607_200316_sh_cheaptalk_run01.json,gemma-2-9b-it,google/gemma-2-9b-it,sh,cheap_talk,silence,neutral,16,5,1,1.0,1.0,1.0,0.0,288,6.0,1.0,,0.0,1.0
C:\Users\tsimp\OneDrive\Υπολογιστής\diplomatikh\run_4_gemma_2_9b_it\gemma-2-9b-it\silence\cheap_talk\20260607_200316_sh_cheaptalk_run02.json,gemma-2-9b-it,google/gemma-2-9b-it,sh,cheap_talk,silence,neutral,16,5,2,1.0,1.0,1.0,0.0,288,6.0,1.0,,0.0,1.0
C:\Users\tsimp\OneDrive\Υπολογιστής\diplomatikh\run_4_gemma_2_9b_it\gemma-2-9b-it\silence\cheap_talk\20260607_200316_sh_cheaptalk_run03.json,gemma-2-9b-it,google/gemma-2-9b-it,sh,cheap_talk,silence,neutral,16,5,3,1.0,1.0,1.0,0.0,288,6.0,1.0,,0.0,1.0
C:\Users\tsimp\OneDrive\Υπολογιστής\diplomatikh\run_4_gemma_2_9b_it\gemma-2-9b-it\silence\cheap_talk\20260607_200316_sh_cheaptalk_run04.json,gemma-2-9b-it,google/gemma-2-9b-it,sh,cheap_talk,silence,neutral,16,5,4,0.984375,1.0,0.9791666666666666,0.02083333333333337,283,5.958333333333333,0.9777777777777777,,0.0,0.9375
C:\Users\tsimp\OneDrive\Υπολογιστής\diplomatikh\run_4_gemma_2_9b_it\gemma-2-9b-it\silence\cheap_talk\20260607_200316_sh_cheaptalk_run05.json,gemma-2-9b-it,google/gemma-2-9b-it,sh,cheap_talk,silence,neutral,16,5,5,0.984375,1.0,0.9791666666666666,0.02083333333333337,283,5.958333333333333,0.9777777777777777,,0.0,0.9375
C:\Users\tsimp\OneDrive\Υπολογιστής\diplomatikh\run5_llama_3.1_8b_instruct\baseline\cheap_talk\20260608_172628_pd_cheaptalk_run01.json,Llama-3.1-8B-Instruct,meta-llama/Llama-3.1-8B-Instruct,pd,cheap_talk,baseline_cheap_talk,neutral,16,5,1,1.0,1.0,1.0,0.0,192,4.0,1.0,0.0,0.0,1.0
C:\Users\tsimp\OneDrive\Υπολογιστής\diplomatikh\run5_llama_3.1_8b_instruct\baseline\cheap_talk\20260608_172628_pd_cheaptalk_run02.json,Llama-3.1-8B-Instruct,meta-llama/Llama-3.1-8B-Instruct,pd,cheap_talk,baseline_cheap_talk,neutral,16,5,2,1.0,1.0,1.0,0.0,192,4.0,1.0,0.0,0.0,1.0
C:\Users\tsimp\OneDrive\Υπολογιστής\diplomatikh\run5_llama_3.1_8b_instruct\baseline\cheap_talk\20260608_172628_pd_cheaptalk_run03.json,Llama-3.1-8B-Instruct,meta-llama/Llama-3.1-8B-Instruct,pd,cheap_talk,baseline_cheap_talk,neutral,16,5,3,1.0,1.0,1.0,0.0,192,4.0,1.0,0.0,0.0,1.0
C:\Users\tsimp\OneDrive\Υπολογιστής\diplomatikh\run5_llama_3.1_8b_instruct\baseline\cheap_talk\20260608_172628_pd_cheaptalk_run04.json,Llama-3.1-8B-Instruct,meta-llama/Llama-3.1-8B-Instruct,pd,cheap_talk,baseline_cheap_talk,neutral,16,5,4,0.9375,1.0,0.9166666666666666,0.08333333333333337,180,4.166666666666667,0.9333333333333333,0.0,0.0,0.75
C:\Users\tsimp\OneDrive\Υπολογιστής\diplomatikh\run5_llama_3.1_8b_instruct\baseline\cheap_talk\20260608_172628_pd_cheaptalk_run05.json,Llama-3.1-8B-Instruct,meta-llama/Llama-3.1-8B-Instruct,pd,cheap_talk,baseline_cheap_talk,neutral,16,5,5,0.984375,1.0,0.9791666666666666,0.02083333333333337,189,4.041666666666667,0.9777777777777777,0.0,0.0,0.9375
C:\Users\tsimp\OneDrive\Υπολογιστής\diplomatikh\run5_llama_3.1_8b_instruct\baseline\cheap_talk\20260608_172628_sh_cheaptalk_run01.json,Llama-3.1-8B-Instruct,meta-llama/Llama-3.1-8B-Instruct,sh,cheap_talk,baseline_cheap_talk,neutral,16,5,1,0.796875,0.6875,0.8333333333333334,-0.14583333333333337,230,4.354166666666667,0.6222222222222222,,0.0,0.5
C:\Users\tsimp\OneDrive\Υπολογιστής\diplomatikh\run5_llama_3.1_8b_instruct\baseline\cheap_talk\20260608_172628_sh_cheaptalk_run02.json,Llama-3.1-8B-Instruct,meta-llama/Llama-3.1-8B-Instruct,sh,cheap_talk,baseline_cheap_talk,neutral,16,5,2,0.984375,1.0,0.9791666666666666,0.02083333333333337,283,5.958333333333333,0.9777777777777777,,0.0,0.9375
C:\Users\tsimp\OneDrive\Υπολογιστής\diplomatikh\run5_llama_3.1_8b_instruct\baseline\cheap_talk\20260608_172628_sh_cheaptalk_run03.json,Llama-3.1-8B-Instruct,meta-llama/Llama-3.1-8B-Instruct,sh,cheap_talk,baseline_cheap_talk,neutral,16,5,3,1.0,1.0,1.0,0.0,288,6.0,1.0,,0.0,1.0
C:\Users\tsimp\OneDrive\Υπολογιστής\diplomatikh\run5_llama_3.1_8b_instruct\baseline\cheap_talk\20260608_172628_sh_cheaptalk_run04.json,Llama-3.1-8B-Instruct,meta-llama/Llama-3.1-8B-Instruct,sh,cheap_talk,baseline_cheap_talk,neutral,16,5,4,1.0,1.0,1.0,0.0,288,6.0,1.0,,0.0,1.0
C:\Users\tsimp\OneDrive\Υπολογιστής\diplomatikh\run5_llama_3.1_8b_instruct\baseline\cheap_talk\20260608_172628_sh_cheaptalk_run05.json,Llama-3.1-8B-Instruct,meta-llama/Llama-3.1-8B-Instruct,sh,cheap_talk,baseline_cheap_talk,neutral,16,5,5,0.984375,0.9375,1.0,-0.0625,282,5.6875,0.9333333333333333,,0.0,0.9375
C:\Users\tsimp\OneDrive\Υπολογιστής\diplomatikh\run5_llama_3.1_8b_instruct\baseline\no_comm\20260608_172628_pd_nocomm_run01.json,Llama-3.1-8B-Instruct,meta-llama/Llama-3.1-8B-Instruct,pd,no_comm,no_comm,neutral,16,5,1,0.7540983606557377,0.7333333333333333,0.7608695652173914,-0.02753623188405807,167,3.2708333333333335,0.725,,0.046875,0.4375
C:\Users\tsimp\OneDrive\Υπολογιστής\diplomatikh\run5_llama_3.1_8b_instruct\baseline\no_comm\20260608_172628_pd_nocomm_run02.json,Llama-3.1-8B-Instruct,meta-llama/Llama-3.1-8B-Instruct,pd,no_comm,no_comm,neutral,16,5,2,0.29310344827586204,0.2857142857142857,0.29545454545454547,-0.009740259740259771,101,2.3125,0.6111111111111112,,0.09375,0.0
C:\Users\tsimp\OneDrive\Υπολογιστής\diplomatikh\run5_llama_3.1_8b_instruct\baseline\no_comm\20260608_172628_pd_nocomm_run03.json,Llama-3.1-8B-Instruct,meta-llama/Llama-3.1-8B-Instruct,pd,no_comm,no_comm,neutral,16,5,3,0.7741935483870968,0.8,0.7659574468085106,0.03404255319148941,162,3.5833333333333335,0.7073170731707317,,0.03125,0.375
C:\Users\tsimp\OneDrive\Υπολογιστής\diplomatikh\run5_llama_3.1_8b_instruct\baseline\no_comm\20260608_172628_pd_nocomm_run04.json,Llama-3.1-8B-Instruct,meta-llama/Llama-3.1-8B-Instruct,pd,no_comm,no_comm,neutral,16,5,4,0.1935483870967742,0.13333333333333333,0.2127659574468085,-0.07943262411347518,115,2.0833333333333335,0.7560975609756098,,0.03125,0.0
C:\Users\tsimp\OneDrive\Υπολογιστής\diplomatikh\run5_llama_3.1_8b_instruct\baseline\no_comm\20260608_172628_pd_nocomm_run05.json,Llama-3.1-8B-Instruct,meta-llama/Llama-3.1-8B-Instruct,pd,no_comm,no_comm,neutral,16,5,5,0.3333333333333333,0.4,0.3125,0.08750000000000002,125,2.9166666666666665,0.5952380952380952,,0.015625,0.0
C:\Users\tsimp\OneDrive\Υπολογιστής\diplomatikh\run5_llama_3.1_8b_instruct\baseline\no_comm\20260608_172628_sh_nocomm_run01.json,Llama-3.1-8B-Instruct,meta-llama/Llama-3.1-8B-Instruct,sh,no_comm,no_comm,neutral,16,5,1,0.7741935483870968,0.8666666666666667,0.7446808510638298,0.12198581560283694,201,4.5625,0.7857142857142857,,0.03125,0.25
C:\Users\tsimp\OneDrive\Υπολογιστής\diplomatikh\run5_llama_3.1_8b_instruct\baseline\no_comm\20260608_172628_sh_nocomm_run02.json,Llama-3.1-8B-Instruct,meta-llama/Llama-3.1-8B-Instruct,sh,no_comm,no_comm,neutral,16,5,2,0.603448275862069,0.5384615384615384,0.6222222222222222,-0.0837606837606838,148,2.7083333333333335,0.6363636363636364,,0.09375,0.25
C:\Users\tsimp\OneDrive\Υπολογιστής\diplomatikh\run5_llama_3.1_8b_instruct\baseline\no_comm\20260608_172628_sh_nocomm_run03.json,Llama-3.1-8B-Instruct,meta-llama/Llama-3.1-8B-Instruct,sh,no_comm,no_comm,neutral,16,5,3,0.7096774193548387,0.8571428571428571,0.6666666666666666,0.19047619047619047,183,4.1875,0.717948717948718,,0.03125,0.3125
C:\Users\tsimp\OneDrive\Υπολογιστής\diplomatikh\run5_llama_3.1_8b_instruct\baseline\no_comm\20260608_172628_sh_nocomm_run04.json,Llama-3.1-8B-Instruct,meta-llama/Llama-3.1-8B-Instruct,sh,no_comm,no_comm,neutral,16,5,4,0.5769230769230769,0.3333333333333333,0.627906976744186,-0.29457364341085274,93,1.4375,0.4166666666666667,,0.1875,0.0625
C:\Users\tsimp\OneDrive\Υπολογιστής\diplomatikh\run5_llama_3.1_8b_instruct\baseline\no_comm\20260608_172628_sh_nocomm_run05.json,Llama-3.1-8B-Instruct,meta-llama/Llama-3.1-8B-Instruct,sh,no_comm,no_comm,neutral,16,5,5,0.5964912280701754,0.6666666666666666,0.5777777777777777,0.0888888888888889,129,2.8125,0.5,,0.109375,0.125
C:\Users\tsimp\OneDrive\Υπολογιστής\diplomatikh\run5_llama_3.1_8b_instruct\counterfactual\cheap_talk\20260611_102745_pd_cheaptalk_run01.json,Llama-3.1-8B-Instruct,meta-llama/Llama-3.1-8B-Instruct,pd,cheap_talk,counterfactual,neutral,16,5,1,0.984375,1.0,0.9791666666666666,0.02083333333333337,189,4.041666666666667,0.9777777777777777,0.0,0.0,0.9375
C:\Users\tsimp\OneDrive\Υπολογιστής\diplomatikh\run5_llama_3.1_8b_instruct\counterfactual\cheap_talk\20260611_102745_pd_cheaptalk_run02.json,Llama-3.1-8B-Instruct,meta-llama/Llama-3.1-8B-Instruct,pd,cheap_talk,counterfactual,neutral,16,5,2,0.984375,1.0,0.9791666666666666,0.02083333333333337,189,4.041666666666667,0.9777777777777777,0.0,0.0,0.9375
C:\Users\tsimp\OneDrive\Υπολογιστής\diplomatikh\run5_llama_3.1_8b_instruct\counterfactual\cheap_talk\20260611_102745_pd_cheaptalk_run03.json,Llama-3.1-8B-Instruct,meta-llama/Llama-3.1-8B-Instruct,pd,cheap_talk,counterfactual,neutral,16,5,3,0.984375,1.0,0.9791666666666666,0.02083333333333337,189,4.041666666666667,0.9777777777777777,0.0,0.0,0.9375
C:\Users\tsimp\OneDrive\Υπολογιστής\diplomatikh\run5_llama_3.1_8b_instruct\counterfactual\cheap_talk\20260611_102745_pd_cheaptalk_run04.json,Llama-3.1-8B-Instruct,meta-llama/Llama-3.1-8B-Instruct,pd,cheap_talk,counterfactual,neutral,16,5,4,0.9206349206349206,0.9333333333333333,0.9166666666666666,0.01666666666666672,174,3.7291666666666665,0.9523809523809523,0.06666666666666667,0.015625,0.6875
C:\Users\tsimp\OneDrive\Υπολογιστής\diplomatikh\run5_llama_3.1_8b_instruct\counterfactual\cheap_talk\20260611_102745_pd_cheaptalk_run05.json,Llama-3.1-8B-Instruct,meta-llama/Llama-3.1-8B-Instruct,pd,cheap_talk,counterfactual,neutral,16,5,5,0.890625,0.8125,0.9166666666666666,-0.10416666666666663,198,3.6041666666666665,0.8222222222222222,0.1875,0.0,0.5625
C:\Users\tsimp\OneDrive\Υπολογιστής\diplomatikh\run5_llama_3.1_8b_instruct\counterfactual\cheap_talk\20260611_102745_sh_cheaptalk_run01.json,Llama-3.1-8B-Instruct,meta-llama/Llama-3.1-8B-Instruct,sh,cheap_talk,counterfactual,neutral,16,5,1,0.96875,1.0,0.9583333333333334,0.04166666666666663,278,5.916666666666667,0.9555555555555556,,0.0,0.875
C:\Users\tsimp\OneDrive\Υπολογιστής\diplomatikh\run5_llama_3.1_8b_instruct\counterfactual\cheap_talk\20260611_102745_sh_cheaptalk_run02.json,Llama-3.1-8B-Instruct,meta-llama/Llama-3.1-8B-Instruct,sh,cheap_talk,counterfactual,neutral,16,5,2,0.9523809523809523,1.0,0.9361702127659575,0.06382978723404253,267,5.75,0.9333333333333333,,0.015625,0.75
C:\Users\tsimp\OneDrive\Υπολογιστής\diplomatikh\run5_llama_3.1_8b_instruct\counterfactual\cheap_talk\20260611_102745_sh_cheaptalk_run03.json,Llama-3.1-8B-Instruct,meta-llama/Llama-3.1-8B-Instruct,sh,cheap_talk,counterfactual,neutral,16,5,3,1.0,1.0,1.0,0.0,288,6.0,1.0,,0.0,1.0
C:\Users\tsimp\OneDrive\Υπολογιστής\diplomatikh\run5_llama_3.1_8b_instruct\counterfactual\cheap_talk\20260611_102745_sh_cheaptalk_run04.json,Llama-3.1-8B-Instruct,meta-llama/Llama-3.1-8B-Instruct,sh,cheap_talk,counterfactual,neutral,16,5,4,0.953125,1.0,0.9375,0.0625,273,5.875,0.9555555555555556,,0.0,0.8125
C:\Users\tsimp\OneDrive\Υπολογιστής\diplomatikh\run5_llama_3.1_8b_instruct\counterfactual\cheap_talk\20260611_102745_sh_cheaptalk_run05.json,Llama-3.1-8B-Instruct,meta-llama/Llama-3.1-8B-Instruct,sh,cheap_talk,counterfactual,neutral,16,5,5,0.953125,0.9375,0.9583333333333334,-0.02083333333333337,275,5.666666666666667,0.8888888888888888,,0.0,0.875
C:\Users\tsimp\OneDrive\Υπολογιστής\diplomatikh\run5_llama_3.1_8b_instruct\framing_business\cheap_talk\20260611_102745_pd_cheaptalk_run01.json,Llama-3.1-8B-Instruct,meta-llama/Llama-3.1-8B-Instruct,pd,cheap_talk,framing_business,business,16,5,1,0.984375,1.0,0.9791666666666666,0.02083333333333337,189,4.041666666666667,0.9777777777777777,0.0,0.0,0.9375
C:\Users\tsimp\OneDrive\Υπολογιστής\diplomatikh\run5_llama_3.1_8b_instruct\framing_business\cheap_talk\20260611_102745_pd_cheaptalk_run02.json,Llama-3.1-8B-Instruct,meta-llama/Llama-3.1-8B-Instruct,pd,cheap_talk,framing_business,business,16,5,2,0.96875,1.0,0.9583333333333334,0.04166666666666663,186,4.083333333333333,0.9555555555555556,0.0,0.0,0.875
C:\Users\tsimp\OneDrive\Υπολογιστής\diplomatikh\run5_llama_3.1_8b_instruct\framing_business\cheap_talk\20260611_102745_pd_cheaptalk_run03.json,Llama-3.1-8B-Instruct,meta-llama/Llama-3.1-8B-Instruct,pd,cheap_talk,framing_business,business,16,5,3,0.546875,0.5,0.5625,-0.0625,163,3.0833333333333335,0.7333333333333333,0.25,0.0,0.1875
C:\Users\tsimp\OneDrive\Υπολογιστής\diplomatikh\run5_llama_3.1_8b_instruct\framing_business\cheap_talk\20260611_102745_pd_cheaptalk_run04.json,Llama-3.1-8B-Instruct,meta-llama/Llama-3.1-8B-Instruct,pd,cheap_talk,framing_business,business,16,5,4,0.484375,0.625,0.4375,0.1875,137,3.7916666666666665,0.4888888888888889,0.0625,0.0,0.0625
C:\Users\tsimp\OneDrive\Υπολογιστής\diplomatikh\run5_llama_3.1_8b_instruct\framing_business\cheap_talk\20260611_102745_pd_cheaptalk_run05.json,Llama-3.1-8B-Instruct,meta-llama/Llama-3.1-8B-Instruct,pd,cheap_talk,framing_business,business,16,5,5,0.484375,0.4375,0.5,-0.0625,159,3.0,0.5555555555555556,0.375,0.0,0.125
C:\Users\tsimp\OneDrive\Υπολογιστής\diplomatikh\run5_llama_3.1_8b_instruct\framing_business\cheap_talk\20260611_102745_sh_cheaptalk_run01.json,Llama-3.1-8B-Instruct,meta-llama/Llama-3.1-8B-Instruct,sh,cheap_talk,framing_business,business,16,5,1,0.578125,0.6875,0.5416666666666666,0.14583333333333337,175,4.083333333333333,0.7333333333333333,,0.0,0.1875
C:\Users\tsimp\OneDrive\Υπολογιστής\diplomatikh\run5_llama_3.1_8b_instruct\framing_business\cheap_talk\20260611_102745_sh_cheaptalk_run02.json,Llama-3.1-8B-Instruct,meta-llama/Llama-3.1-8B-Instruct,sh,cheap_talk,framing_business,business,16,5,2,0.4375,0.5625,0.3958333333333333,0.16666666666666669,143,3.4791666666666665,0.4888888888888889,,0.0,0.0625
C:\Users\tsimp\OneDrive\Υπολογιστής\diplomatikh\run5_llama_3.1_8b_instruct\framing_business\cheap_talk\20260611_102745_sh_cheaptalk_run03.json,Llama-3.1-8B-Instruct,meta-llama/Llama-3.1-8B-Instruct,sh,cheap_talk,framing_business,business,16,5,3,0.515625,0.625,0.4791666666666667,0.14583333333333331,163,3.8333333333333335,0.6222222222222222,,0.0,0.1875
C:\Users\tsimp\OneDrive\Υπολογιστής\diplomatikh\run5_llama_3.1_8b_instruct\framing_business\cheap_talk\20260611_102745_sh_cheaptalk_run04.json,Llama-3.1-8B-Instruct,meta-llama/Llama-3.1-8B-Instruct,sh,cheap_talk,framing_business,business,16,5,4,0.890625,0.875,0.8958333333333334,-0.02083333333333337,254,5.229166666666667,0.8444444444444444,,0.0,0.6875
C:\Users\tsimp\OneDrive\Υπολογιστής\diplomatikh\run5_llama_3.1_8b_instruct\framing_business\cheap_talk\20260611_102745_sh_cheaptalk_run05.json,Llama-3.1-8B-Instruct,meta-llama/Llama-3.1-8B-Instruct,sh,cheap_talk,framing_business,business,16,5,5,0.671875,0.625,0.6875,-0.0625,189,3.75,0.6222222222222222,,0.0,0.125
C:\Users\tsimp\OneDrive\Υπολογιστής\diplomatikh\run5_llama_3.1_8b_instruct\framing_competitive\cheap_talk\20260611_212424_pd_cheaptalk_run01.json,Llama-3.1-8B-Instruct,meta-llama/Llama-3.1-8B-Instruct,pd,cheap_talk,framing_competitive,competitive,16,5,1,0.3125,0.4375,0.2708333333333333,0.16666666666666669,119,3.3125,0.6222222222222222,0.0,0.0,0.0
C:\Users\tsimp\OneDrive\Υπολογιστής\diplomatikh\run5_llama_3.1_8b_instruct\framing_competitive\cheap_talk\20260611_212424_pd_cheaptalk_run02.json,Llama-3.1-8B-Instruct,meta-llama/Llama-3.1-8B-Instruct,pd,cheap_talk,framing_competitive,competitive,16,5,2,0.265625,0.25,0.2708333333333333,-0.020833333333333315,134,2.6875,0.6666666666666666,0.1875,0.0,0.0
C:\Users\tsimp\OneDrive\Υπολογιστής\diplomatikh\run5_llama_3.1_8b_instruct\framing_competitive\cheap_talk\20260611_212424_pd_cheaptalk_run03.json,Llama-3.1-8B-Instruct,meta-llama/Llama-3.1-8B-Instruct,pd,cheap_talk,framing_competitive,competitive,16,5,3,0.4375,0.6875,0.3541666666666667,0.3333333333333333,117,4.104166666666667,0.4222222222222222,0.125,0.0,0.0
C:\Users\tsimp\OneDrive\Υπολογιστής\diplomatikh\run5_llama_3.1_8b_instruct\framing_competitive\cheap_talk\20260611_212424_pd_cheaptalk_run04.json,Llama-3.1-8B-Instruct,meta-llama/Llama-3.1-8B-Instruct,pd,cheap_talk,framing_competitive,competitive,16,5,4,0.3125,0.1875,0.3541666666666667,-0.16666666666666669,152,2.3333333333333335,0.5555555555555556,0.0625,0.0,0.0
C:\Users\tsimp\OneDrive\Υπολογιστής\diplomatikh\run5_llama_3.1_8b_instruct\framing_competitive\cheap_talk\20260611_212424_pd_cheaptalk_run05.json,Llama-3.1-8B-Instruct,meta-llama/Llama-3.1-8B-Instruct,pd,cheap_talk,framing_competitive,competitive,16,5,5,0.4745762711864407,0.6153846153846154,0.43478260869565216,0.18060200668896326,111,2.8333333333333335,0.4411764705882353,0.07692307692307693,0.078125,0.0625
C:\Users\tsimp\OneDrive\Υπολογιστής\diplomatikh\run5_llama_3.1_8b_instruct\framing_competitive\cheap_talk\20260611_212424_sh_cheaptalk_run01.json,Llama-3.1-8B-Instruct,meta-llama/Llama-3.1-8B-Instruct,sh,cheap_talk,framing_competitive,competitive,16,5,1,0.515625,0.75,0.4375,0.3125,150,4.0625,0.4222222222222222,,0.0,0.0
C:\Users\tsimp\OneDrive\Υπολογιστής\diplomatikh\run5_llama_3.1_8b_instruct\framing_competitive\cheap_talk\20260611_212424_sh_cheaptalk_run02.json,Llama-3.1-8B-Instruct,meta-llama/Llama-3.1-8B-Instruct,sh,cheap_talk,framing_competitive,competitive,16,5,2,0.5079365079365079,0.5,0.5106382978723404,-0.010638297872340385,152,3.1041666666666665,0.6590909090909091,,0.015625,0.0625
C:\Users\tsimp\OneDrive\Υπολογιστής\diplomatikh\run5_llama_3.1_8b_instruct\framing_competitive\cheap_talk\20260611_212424_sh_cheaptalk_run03.json,Llama-3.1-8B-Instruct,meta-llama/Llama-3.1-8B-Instruct,sh,cheap_talk,framing_competitive,competitive,16,5,3,0.546875,0.75,0.4791666666666667,0.2708333333333333,154,4.020833333333333,0.4444444444444444,,0.0,0.125
C:\Users\tsimp\OneDrive\Υπολογιστής\diplomatikh\run5_llama_3.1_8b_instruct\framing_competitive\cheap_talk\20260611_212424_sh_cheaptalk_run04.json,Llama-3.1-8B-Instruct,meta-llama/Llama-3.1-8B-Instruct,sh,cheap_talk,framing_competitive,competitive,16,5,4,0.5,0.5,0.5,0.0,159,3.3125,0.7111111111111111,,0.0,0.125
C:\Users\tsimp\OneDrive\Υπολογιστής\diplomatikh\run5_llama_3.1_8b_instruct\framing_competitive\cheap_talk\20260611_212424_sh_cheaptalk_run05.json,Llama-3.1-8B-Instruct,meta-llama/Llama-3.1-8B-Instruct,sh,cheap_talk,framing_competitive,competitive,16,5,5,0.5555555555555556,0.375,0.6170212765957447,-0.24202127659574468,161,2.6666666666666665,0.4318181818181818,,0.015625,0.125
C:\Users\tsimp\OneDrive\Υπολογιστής\diplomatikh\run5_llama_3.1_8b_instruct\framing_team\cheap_talk\20260611_102745_pd_cheaptalk_run01.json,Llama-3.1-8B-Instruct,meta-llama/Llama-3.1-8B-Instruct,pd,cheap_talk,framing_team,team,16,5,1,0.765625,0.75,0.7708333333333334,-0.02083333333333337,179,3.625,0.7333333333333333,0.25,0.0,0.4375
C:\Users\tsimp\OneDrive\Υπολογιστής\diplomatikh\run5_llama_3.1_8b_instruct\framing_team\cheap_talk\20260611_102745_pd_cheaptalk_run02.json,Llama-3.1-8B-Instruct,meta-llama/Llama-3.1-8B-Instruct,pd,cheap_talk,framing_team,team,16,5,2,0.90625,0.875,0.9166666666666666,-0.04166666666666663,191,3.7708333333333335,0.9111111111111111,0.125,0.0,0.75
C:\Users\tsimp\OneDrive\Υπολογιστής\diplomatikh\run5_llama_3.1_8b_instruct\framing_team\cheap_talk\20260611_102745_pd_cheaptalk_run03.json,Llama-3.1-8B-Instruct,meta-llama/Llama-3.1-8B-Instruct,pd,cheap_talk,framing_team,team,16,5,3,0.859375,1.0,0.8125,0.1875,165,4.375,0.8,0.0,0.0,0.5
C:\Users\tsimp\OneDrive\Υπολογιστής\diplomatikh\run5_llama_3.1_8b_instruct\framing_team\cheap_talk\20260611_102745_pd_cheaptalk_run04.json,Llama-3.1-8B-Instruct,meta-llama/Llama-3.1-8B-Instruct,pd,cheap_talk,framing_team,team,16,5,4,0.640625,0.625,0.6458333333333334,-0.02083333333333337,166,3.3541666666666665,0.8222222222222222,0.375,0.0,0.4375
C:\Users\tsimp\OneDrive\Υπολογιστής\diplomatikh\run5_llama_3.1_8b_instruct\framing_team\cheap_talk\20260611_102745_pd_cheaptalk_run05.json,Llama-3.1-8B-Instruct,meta-llama/Llama-3.1-8B-Instruct,pd,cheap_talk,framing_team,team,16,5,5,0.203125,0.125,0.22916666666666666,-0.10416666666666666,131,2.2083333333333335,0.8222222222222222,0.875,0.0,0.0625
C:\Users\tsimp\OneDrive\Υπολογιστής\diplomatikh\run5_llama_3.1_8b_instruct\framing_team\cheap_talk\20260611_102745_sh_cheaptalk_run01.json,Llama-3.1-8B-Instruct,meta-llama/Llama-3.1-8B-Instruct,sh,cheap_talk,framing_team,team,16,5,1,0.828125,0.875,0.8125,0.0625,240,5.1875,0.8,,0.0,0.5
C:\Users\tsimp\OneDrive\Υπολογιστής\diplomatikh\run5_llama_3.1_8b_instruct\framing_team\cheap_talk\20260611_102745_sh_cheaptalk_run02.json,Llama-3.1-8B-Instruct,meta-llama/Llama-3.1-8B-Instruct,sh,cheap_talk,framing_team,team,16,5,2,0.671875,0.75,0.6458333333333334,0.10416666666666663,194,4.354166666666667,0.5333333333333333,,0.0,0.1875
C:\Users\tsimp\OneDrive\Υπολογιστής\diplomatikh\run5_llama_3.1_8b_instruct\framing_team\cheap_talk\20260611_102745_sh_cheaptalk_run03.json,Llama-3.1-8B-Instruct,meta-llama/Llama-3.1-8B-Instruct,sh,cheap_talk,framing_team,team,16,5,3,0.5625,0.5,0.5833333333333334,-0.08333333333333337,173,3.3541666666666665,0.5111111111111111,,0.0,0.1875
C:\Users\tsimp\OneDrive\Υπολογιστής\diplomatikh\run5_llama_3.1_8b_instruct\framing_team\cheap_talk\20260611_102745_sh_cheaptalk_run04.json,Llama-3.1-8B-Instruct,meta-llama/Llama-3.1-8B-Instruct,sh,cheap_talk,framing_team,team,16,5,4,0.484375,0.4375,0.5,-0.0625,150,2.9375,0.5111111111111111,,0.0,0.0625
C:\Users\tsimp\OneDrive\Υπολογιστής\diplomatikh\run5_llama_3.1_8b_instruct\framing_team\cheap_talk\20260611_102745_sh_cheaptalk_run05.json,Llama-3.1-8B-Instruct,meta-llama/Llama-3.1-8B-Instruct,sh,cheap_talk,framing_team,team,16,5,5,0.625,0.6875,0.6041666666666666,0.08333333333333337,196,4.333333333333333,0.7111111111111111,,0.0,0.25
C:\Users\tsimp\OneDrive\Υπολογιστής\diplomatikh\run5_llama_3.1_8b_instruct\no_sense\cheap_talk\20260608_172628_pd_cheaptalk_run01.json,Llama-3.1-8B-Instruct,meta-llama/Llama-3.1-8B-Instruct,pd,cheap_talk,no_sense,neutral,16,5,1,0.796875,0.8125,0.7916666666666666,0.02083333333333337,179,3.8333333333333335,0.8222222222222222,0.0,0.0,0.5
C:\Users\tsimp\OneDrive\Υπολογιστής\diplomatikh\run5_llama_3.1_8b_instruct\no_sense\cheap_talk\20260608_172628_pd_cheaptalk_run02.json,Llama-3.1-8B-Instruct,meta-llama/Llama-3.1-8B-Instruct,pd,cheap_talk,no_sense,neutral,16,5,2,0.21875,0.25,0.20833333333333334,0.04166666666666666,120,2.7083333333333335,0.7111111111111111,0.0,0.0,0.0625
C:\Users\tsimp\OneDrive\Υπολογιστής\diplomatikh\run5_llama_3.1_8b_instruct\no_sense\cheap_talk\20260608_172628_pd_cheaptalk_run03.json,Llama-3.1-8B-Instruct,meta-llama/Llama-3.1-8B-Instruct,pd,cheap_talk,no_sense,neutral,16,5,3,0.625,0.75,0.5833333333333334,0.16666666666666663,151,3.9791666666666665,0.5111111111111111,0.0,0.0,0.1875
C:\Users\tsimp\OneDrive\Υπολογιστής\diplomatikh\run5_llama_3.1_8b_instruct\no_sense\cheap_talk\20260608_172628_pd_cheaptalk_run04.json,Llama-3.1-8B-Instruct,meta-llama/Llama-3.1-8B-Instruct,pd,cheap_talk,no_sense,neutral,16,5,4,0.421875,0.5,0.3958333333333333,0.10416666666666669,140,3.4375,0.5777777777777777,0.0,0.0,0.0
C:\Users\tsimp\OneDrive\Υπολογιστής\diplomatikh\run5_llama_3.1_8b_instruct\no_sense\cheap_talk\20260608_172628_pd_cheaptalk_run05.json,Llama-3.1-8B-Instruct,meta-llama/Llama-3.1-8B-Instruct,pd,cheap_talk,no_sense,neutral,16,5,5,0.359375,0.375,0.3541666666666667,0.020833333333333315,138,2.9791666666666665,0.6444444444444445,0.0,0.0,0.0625
C:\Users\tsimp\OneDrive\Υπολογιστής\diplomatikh\run5_llama_3.1_8b_instruct\no_sense\cheap_talk\20260608_172628_sh_cheaptalk_run01.json,Llama-3.1-8B-Instruct,meta-llama/Llama-3.1-8B-Instruct,sh,cheap_talk,no_sense,neutral,16,5,1,0.859375,0.8125,0.875,-0.0625,246,4.9375,0.8444444444444444,,0.0,0.5625
C:\Users\tsimp\OneDrive\Υπολογιστής\diplomatikh\run5_llama_3.1_8b_instruct\no_sense\cheap_talk\20260608_172628_sh_cheaptalk_run02.json,Llama-3.1-8B-Instruct,meta-llama/Llama-3.1-8B-Instruct,sh,cheap_talk,no_sense,neutral,16,5,2,0.640625,0.625,0.6458333333333334,-0.02083333333333337,185,3.7916666666666665,0.7111111111111111,,0.0,0.25
C:\Users\tsimp\OneDrive\Υπολογιστής\diplomatikh\run5_llama_3.1_8b_instruct\no_sense\cheap_talk\20260608_172628_sh_cheaptalk_run03.json,Llama-3.1-8B-Instruct,meta-llama/Llama-3.1-8B-Instruct,sh,cheap_talk,no_sense,neutral,16,5,3,0.78125,0.875,0.75,0.125,219,4.9375,0.7111111111111111,,0.0,0.4375
C:\Users\tsimp\OneDrive\Υπολογιστής\diplomatikh\run5_llama_3.1_8b_instruct\no_sense\cheap_talk\20260608_172628_sh_cheaptalk_run04.json,Llama-3.1-8B-Instruct,meta-llama/Llama-3.1-8B-Instruct,sh,cheap_talk,no_sense,neutral,16,5,4,0.6507936507936508,0.8125,0.5957446808510638,0.2167553191489362,175,4.270833333333333,0.4772727272727273,,0.015625,0.1875
C:\Users\tsimp\OneDrive\Υπολογιστής\diplomatikh\run5_llama_3.1_8b_instruct\no_sense\cheap_talk\20260608_172628_sh_cheaptalk_run05.json,Llama-3.1-8B-Instruct,meta-llama/Llama-3.1-8B-Instruct,sh,cheap_talk,no_sense,neutral,16,5,5,0.578125,0.75,0.5208333333333334,0.22916666666666663,164,4.104166666666667,0.5111111111111111,,0.0,0.0
C:\Users\tsimp\OneDrive\Υπολογιστής\diplomatikh\run5_llama_3.1_8b_instruct\silence\cheap_talk\20260608_172628_pd_cheaptalk_run01.json,Llama-3.1-8B-Instruct,meta-llama/Llama-3.1-8B-Instruct,pd,cheap_talk,silence,neutral,16,5,1,0.328125,0.5,0.2708333333333333,0.22916666666666669,117,3.5833333333333335,0.4222222222222222,,0.0,0.0625
C:\Users\tsimp\OneDrive\Υπολογιστής\diplomatikh\run5_llama_3.1_8b_instruct\silence\cheap_talk\20260608_172628_pd_cheaptalk_run02.json,Llama-3.1-8B-Instruct,meta-llama/Llama-3.1-8B-Instruct,pd,cheap_talk,silence,neutral,16,5,2,0.359375,0.1875,0.4166666666666667,-0.22916666666666669,161,2.2083333333333335,0.6222222222222222,,0.0,0.0
C:\Users\tsimp\OneDrive\Υπολογιστής\diplomatikh\run5_llama_3.1_8b_instruct\silence\cheap_talk\20260608_172628_pd_cheaptalk_run03.json,Llama-3.1-8B-Instruct,meta-llama/Llama-3.1-8B-Instruct,pd,cheap_talk,silence,neutral,16,5,3,0.30158730158730157,0.3125,0.2978723404255319,0.0146276595744681,131,2.7291666666666665,0.7727272727272727,,0.015625,0.0625
C:\Users\tsimp\OneDrive\Υπολογιστής\diplomatikh\run5_llama_3.1_8b_instruct\silence\cheap_talk\20260608_172628_pd_cheaptalk_run04.json,Llama-3.1-8B-Instruct,meta-llama/Llama-3.1-8B-Instruct,pd,cheap_talk,silence,neutral,16,5,4,0.390625,0.4375,0.375,0.0625,141,3.25,0.5555555555555556,,0.0,0.0
C:\Users\tsimp\OneDrive\Υπολογιστής\diplomatikh\run5_llama_3.1_8b_instruct\silence\cheap_talk\20260608_172628_pd_cheaptalk_run05.json,Llama-3.1-8B-Instruct,meta-llama/Llama-3.1-8B-Instruct,pd,cheap_talk,silence,neutral,16,5,5,0.265625,0.375,0.22916666666666666,0.14583333333333334,118,3.1875,0.6,,0.0,0.0
C:\Users\tsimp\OneDrive\Υπολογιστής\diplomatikh\run5_llama_3.1_8b_instruct\silence\cheap_talk\20260608_172628_sh_cheaptalk_run01.json,Llama-3.1-8B-Instruct,meta-llama/Llama-3.1-8B-Instruct,sh,cheap_talk,silence,neutral,16,5,1,0.953125,0.9375,0.9583333333333334,-0.02083333333333337,272,5.604166666666667,0.9777777777777777,,0.0,0.8125
C:\Users\tsimp\OneDrive\Υπολογιστής\diplomatikh\run5_llama_3.1_8b_instruct\silence\cheap_talk\20260608_172628_sh_cheaptalk_run02.json,Llama-3.1-8B-Instruct,meta-llama/Llama-3.1-8B-Instruct,sh,cheap_talk,silence,neutral,16,5,2,0.796875,0.875,0.7708333333333334,0.10416666666666663,227,5.041666666666667,0.7555555555555555,,0.0,0.375
C:\Users\tsimp\OneDrive\Υπολογιστής\diplomatikh\run5_llama_3.1_8b_instruct\silence\cheap_talk\20260608_172628_sh_cheaptalk_run03.json,Llama-3.1-8B-Instruct,meta-llama/Llama-3.1-8B-Instruct,sh,cheap_talk,silence,neutral,16,5,3,0.75,0.8125,0.7291666666666666,0.08333333333333337,208,4.583333333333333,0.6666666666666666,,0.0,0.25
C:\Users\tsimp\OneDrive\Υπολογιστής\diplomatikh\run5_llama_3.1_8b_instruct\silence\cheap_talk\20260608_172628_sh_cheaptalk_run04.json,Llama-3.1-8B-Instruct,meta-llama/Llama-3.1-8B-Instruct,sh,cheap_talk,silence,neutral,16,5,4,0.9032258064516129,1.0,0.875,0.125,227,5.041666666666667,0.8461538461538461,,0.03125,0.5625
C:\Users\tsimp\OneDrive\Υπολογιστής\diplomatikh\run5_llama_3.1_8b_instruct\silence\cheap_talk\20260608_172628_sh_cheaptalk_run05.json,Llama-3.1-8B-Instruct,meta-llama/Llama-3.1-8B-Instruct,sh,cheap_talk,silence,neutral,16,5,5,0.8125,0.8125,0.8125,0.0,234,4.875,0.7111111111111111,,0.0,0.5
