path,model_id,model_id_raw,game,topology,condition,scenario,cell,framing_type,n_rounds,n_runs_config,run_id,coop_rate_overall,coop_rate_hub,coop_rate_leaf,hub_minus_leaf_coop,hub_total_payoff,leaf_avg_payoff,hub_leadership_rate,hub_exploitation_rate,invalid_rate,full_coop_rate
Llama-3.1-8B-Instruct_star\baseline\cheap_talk\20260608_172628_pd_cheaptalk_run01.json,Llama-3.1-8B-Instruct,meta-llama/Llama-3.1-8B-Instruct,pd,star,cheap_talk,baseline_cheap_talk,baseline_cheap_talk,neutral,16,5,1,1.0,1.0,1.0,0.0,192.0,4.0,1.0,0.0,0.0,1.0
Llama-3.1-8B-Instruct_star\baseline\cheap_talk\20260608_172628_pd_cheaptalk_run02.json,Llama-3.1-8B-Instruct,meta-llama/Llama-3.1-8B-Instruct,pd,star,cheap_talk,baseline_cheap_talk,baseline_cheap_talk,neutral,16,5,2,1.0,1.0,1.0,0.0,192.0,4.0,1.0,0.0,0.0,1.0
Llama-3.1-8B-Instruct_star\baseline\cheap_talk\20260608_172628_pd_cheaptalk_run03.json,Llama-3.1-8B-Instruct,meta-llama/Llama-3.1-8B-Instruct,pd,star,cheap_talk,baseline_cheap_talk,baseline_cheap_talk,neutral,16,5,3,1.0,1.0,1.0,0.0,192.0,4.0,1.0,0.0,0.0,1.0
Llama-3.1-8B-Instruct_star\baseline\cheap_talk\20260608_172628_pd_cheaptalk_run04.json,Llama-3.1-8B-Instruct,meta-llama/Llama-3.1-8B-Instruct,pd,star,cheap_talk,baseline_cheap_talk,baseline_cheap_talk,neutral,16,5,4,0.9375,1.0,0.9166666666666666,0.08333333333333337,180.0,4.166666666666667,0.9333333333333333,0.0,0.0,0.75
Llama-3.1-8B-Instruct_star\baseline\cheap_talk\20260608_172628_pd_cheaptalk_run05.json,Llama-3.1-8B-Instruct,meta-llama/Llama-3.1-8B-Instruct,pd,star,cheap_talk,baseline_cheap_talk,baseline_cheap_talk,neutral,16,5,5,0.984375,1.0,0.9791666666666666,0.02083333333333337,189.0,4.041666666666667,0.9777777777777777,0.0,0.0,0.9375
Llama-3.1-8B-Instruct_star\baseline\cheap_talk\20260608_172628_sh_cheaptalk_run01.json,Llama-3.1-8B-Instruct,meta-llama/Llama-3.1-8B-Instruct,sh,star,cheap_talk,baseline_cheap_talk,baseline_cheap_talk,neutral,16,5,1,0.796875,0.6875,0.8333333333333334,-0.14583333333333337,230.0,4.354166666666667,0.6222222222222222,,0.0,0.5
Llama-3.1-8B-Instruct_star\baseline\cheap_talk\20260608_172628_sh_cheaptalk_run02.json,Llama-3.1-8B-Instruct,meta-llama/Llama-3.1-8B-Instruct,sh,star,cheap_talk,baseline_cheap_talk,baseline_cheap_talk,neutral,16,5,2,0.984375,1.0,0.9791666666666666,0.02083333333333337,283.0,5.958333333333333,0.9777777777777777,,0.0,0.9375
Llama-3.1-8B-Instruct_star\baseline\cheap_talk\20260608_172628_sh_cheaptalk_run03.json,Llama-3.1-8B-Instruct,meta-llama/Llama-3.1-8B-Instruct,sh,star,cheap_talk,baseline_cheap_talk,baseline_cheap_talk,neutral,16,5,3,1.0,1.0,1.0,0.0,288.0,6.0,1.0,,0.0,1.0
Llama-3.1-8B-Instruct_star\baseline\cheap_talk\20260608_172628_sh_cheaptalk_run04.json,Llama-3.1-8B-Instruct,meta-llama/Llama-3.1-8B-Instruct,sh,star,cheap_talk,baseline_cheap_talk,baseline_cheap_talk,neutral,16,5,4,1.0,1.0,1.0,0.0,288.0,6.0,1.0,,0.0,1.0
Llama-3.1-8B-Instruct_star\baseline\cheap_talk\20260608_172628_sh_cheaptalk_run05.json,Llama-3.1-8B-Instruct,meta-llama/Llama-3.1-8B-Instruct,sh,star,cheap_talk,baseline_cheap_talk,baseline_cheap_talk,neutral,16,5,5,0.984375,0.9375,1.0,-0.0625,282.0,5.6875,0.9333333333333333,,0.0,0.9375
Llama-3.1-8B-Instruct_star\baseline\no_comm\20260608_172628_pd_nocomm_run01.json,Llama-3.1-8B-Instruct,meta-llama/Llama-3.1-8B-Instruct,pd,star,no_comm,no_comm,no_comm,neutral,16,5,1,0.7540983606557377,0.7333333333333333,0.7608695652173914,-0.02753623188405807,167.0,3.2708333333333335,0.725,,0.046875,0.4375
Llama-3.1-8B-Instruct_star\baseline\no_comm\20260608_172628_pd_nocomm_run02.json,Llama-3.1-8B-Instruct,meta-llama/Llama-3.1-8B-Instruct,pd,star,no_comm,no_comm,no_comm,neutral,16,5,2,0.29310344827586204,0.2857142857142857,0.29545454545454547,-0.009740259740259771,101.0,2.3125,0.6111111111111112,,0.09375,0.0
Llama-3.1-8B-Instruct_star\baseline\no_comm\20260608_172628_pd_nocomm_run03.json,Llama-3.1-8B-Instruct,meta-llama/Llama-3.1-8B-Instruct,pd,star,no_comm,no_comm,no_comm,neutral,16,5,3,0.7741935483870968,0.8,0.7659574468085106,0.03404255319148941,162.0,3.5833333333333335,0.7073170731707317,,0.03125,0.375
Llama-3.1-8B-Instruct_star\baseline\no_comm\20260608_172628_pd_nocomm_run04.json,Llama-3.1-8B-Instruct,meta-llama/Llama-3.1-8B-Instruct,pd,star,no_comm,no_comm,no_comm,neutral,16,5,4,0.1935483870967742,0.13333333333333333,0.2127659574468085,-0.07943262411347518,115.0,2.0833333333333335,0.7560975609756098,,0.03125,0.0
Llama-3.1-8B-Instruct_star\baseline\no_comm\20260608_172628_pd_nocomm_run05.json,Llama-3.1-8B-Instruct,meta-llama/Llama-3.1-8B-Instruct,pd,star,no_comm,no_comm,no_comm,neutral,16,5,5,0.3333333333333333,0.4,0.3125,0.08750000000000002,125.0,2.9166666666666665,0.5952380952380952,,0.015625,0.0
Llama-3.1-8B-Instruct_star\baseline\no_comm\20260608_172628_sh_nocomm_run01.json,Llama-3.1-8B-Instruct,meta-llama/Llama-3.1-8B-Instruct,sh,star,no_comm,no_comm,no_comm,neutral,16,5,1,0.7741935483870968,0.8666666666666667,0.7446808510638298,0.12198581560283694,201.0,4.5625,0.7857142857142857,,0.03125,0.25
Llama-3.1-8B-Instruct_star\baseline\no_comm\20260608_172628_sh_nocomm_run02.json,Llama-3.1-8B-Instruct,meta-llama/Llama-3.1-8B-Instruct,sh,star,no_comm,no_comm,no_comm,neutral,16,5,2,0.603448275862069,0.5384615384615384,0.6222222222222222,-0.0837606837606838,148.0,2.7083333333333335,0.6363636363636364,,0.09375,0.25
Llama-3.1-8B-Instruct_star\baseline\no_comm\20260608_172628_sh_nocomm_run03.json,Llama-3.1-8B-Instruct,meta-llama/Llama-3.1-8B-Instruct,sh,star,no_comm,no_comm,no_comm,neutral,16,5,3,0.7096774193548387,0.8571428571428571,0.6666666666666666,0.19047619047619047,183.0,4.1875,0.717948717948718,,0.03125,0.3125
Llama-3.1-8B-Instruct_star\baseline\no_comm\20260608_172628_sh_nocomm_run04.json,Llama-3.1-8B-Instruct,meta-llama/Llama-3.1-8B-Instruct,sh,star,no_comm,no_comm,no_comm,neutral,16,5,4,0.5769230769230769,0.3333333333333333,0.627906976744186,-0.29457364341085274,93.0,1.4375,0.4166666666666667,,0.1875,0.0625
Llama-3.1-8B-Instruct_star\baseline\no_comm\20260608_172628_sh_nocomm_run05.json,Llama-3.1-8B-Instruct,meta-llama/Llama-3.1-8B-Instruct,sh,star,no_comm,no_comm,no_comm,neutral,16,5,5,0.5964912280701754,0.6666666666666666,0.5777777777777777,0.0888888888888889,129.0,2.8125,0.5,,0.109375,0.125
Llama-3.1-8B-Instruct_star\counterfactual\cheap_talk\20260611_102745_pd_cheaptalk_run01.json,Llama-3.1-8B-Instruct,meta-llama/Llama-3.1-8B-Instruct,pd,star,cheap_talk,counterfactual,counterfactual,neutral,16,5,1,0.984375,1.0,0.9791666666666666,0.02083333333333337,189.0,4.041666666666667,0.9777777777777777,0.0,0.0,0.9375
Llama-3.1-8B-Instruct_star\counterfactual\cheap_talk\20260611_102745_pd_cheaptalk_run02.json,Llama-3.1-8B-Instruct,meta-llama/Llama-3.1-8B-Instruct,pd,star,cheap_talk,counterfactual,counterfactual,neutral,16,5,2,0.984375,1.0,0.9791666666666666,0.02083333333333337,189.0,4.041666666666667,0.9777777777777777,0.0,0.0,0.9375
Llama-3.1-8B-Instruct_star\counterfactual\cheap_talk\20260611_102745_pd_cheaptalk_run03.json,Llama-3.1-8B-Instruct,meta-llama/Llama-3.1-8B-Instruct,pd,star,cheap_talk,counterfactual,counterfactual,neutral,16,5,3,0.984375,1.0,0.9791666666666666,0.02083333333333337,189.0,4.041666666666667,0.9777777777777777,0.0,0.0,0.9375
Llama-3.1-8B-Instruct_star\counterfactual\cheap_talk\20260611_102745_pd_cheaptalk_run04.json,Llama-3.1-8B-Instruct,meta-llama/Llama-3.1-8B-Instruct,pd,star,cheap_talk,counterfactual,counterfactual,neutral,16,5,4,0.9206349206349206,0.9333333333333333,0.9166666666666666,0.01666666666666672,174.0,3.7291666666666665,0.9523809523809523,0.06666666666666667,0.015625,0.6875
Llama-3.1-8B-Instruct_star\counterfactual\cheap_talk\20260611_102745_pd_cheaptalk_run05.json,Llama-3.1-8B-Instruct,meta-llama/Llama-3.1-8B-Instruct,pd,star,cheap_talk,counterfactual,counterfactual,neutral,16,5,5,0.890625,0.8125,0.9166666666666666,-0.10416666666666663,198.0,3.6041666666666665,0.8222222222222222,0.1875,0.0,0.5625
Llama-3.1-8B-Instruct_star\counterfactual\cheap_talk\20260611_102745_sh_cheaptalk_run01.json,Llama-3.1-8B-Instruct,meta-llama/Llama-3.1-8B-Instruct,sh,star,cheap_talk,counterfactual,counterfactual,neutral,16,5,1,0.96875,1.0,0.9583333333333334,0.04166666666666663,278.0,5.916666666666667,0.9555555555555556,,0.0,0.875
Llama-3.1-8B-Instruct_star\counterfactual\cheap_talk\20260611_102745_sh_cheaptalk_run02.json,Llama-3.1-8B-Instruct,meta-llama/Llama-3.1-8B-Instruct,sh,star,cheap_talk,counterfactual,counterfactual,neutral,16,5,2,0.9523809523809523,1.0,0.9361702127659575,0.06382978723404253,267.0,5.75,0.9333333333333333,,0.015625,0.75
Llama-3.1-8B-Instruct_star\counterfactual\cheap_talk\20260611_102745_sh_cheaptalk_run03.json,Llama-3.1-8B-Instruct,meta-llama/Llama-3.1-8B-Instruct,sh,star,cheap_talk,counterfactual,counterfactual,neutral,16,5,3,1.0,1.0,1.0,0.0,288.0,6.0,1.0,,0.0,1.0
Llama-3.1-8B-Instruct_star\counterfactual\cheap_talk\20260611_102745_sh_cheaptalk_run04.json,Llama-3.1-8B-Instruct,meta-llama/Llama-3.1-8B-Instruct,sh,star,cheap_talk,counterfactual,counterfactual,neutral,16,5,4,0.953125,1.0,0.9375,0.0625,273.0,5.875,0.9555555555555556,,0.0,0.8125
Llama-3.1-8B-Instruct_star\counterfactual\cheap_talk\20260611_102745_sh_cheaptalk_run05.json,Llama-3.1-8B-Instruct,meta-llama/Llama-3.1-8B-Instruct,sh,star,cheap_talk,counterfactual,counterfactual,neutral,16,5,5,0.953125,0.9375,0.9583333333333334,-0.02083333333333337,275.0,5.666666666666667,0.8888888888888888,,0.0,0.875
Llama-3.1-8B-Instruct_star\framing_business\cheap_talk\20260611_102745_pd_cheaptalk_run01.json,Llama-3.1-8B-Instruct,meta-llama/Llama-3.1-8B-Instruct,pd,star,cheap_talk,framing_business,framing_business,business,16,5,1,0.984375,1.0,0.9791666666666666,0.02083333333333337,189.0,4.041666666666667,0.9777777777777777,0.0,0.0,0.9375
Llama-3.1-8B-Instruct_star\framing_business\cheap_talk\20260611_102745_pd_cheaptalk_run02.json,Llama-3.1-8B-Instruct,meta-llama/Llama-3.1-8B-Instruct,pd,star,cheap_talk,framing_business,framing_business,business,16,5,2,0.96875,1.0,0.9583333333333334,0.04166666666666663,186.0,4.083333333333333,0.9555555555555556,0.0,0.0,0.875
Llama-3.1-8B-Instruct_star\framing_business\cheap_talk\20260611_102745_pd_cheaptalk_run03.json,Llama-3.1-8B-Instruct,meta-llama/Llama-3.1-8B-Instruct,pd,star,cheap_talk,framing_business,framing_business,business,16,5,3,0.546875,0.5,0.5625,-0.0625,163.0,3.0833333333333335,0.7333333333333333,0.25,0.0,0.1875
Llama-3.1-8B-Instruct_star\framing_business\cheap_talk\20260611_102745_pd_cheaptalk_run04.json,Llama-3.1-8B-Instruct,meta-llama/Llama-3.1-8B-Instruct,pd,star,cheap_talk,framing_business,framing_business,business,16,5,4,0.484375,0.625,0.4375,0.1875,137.0,3.7916666666666665,0.4888888888888889,0.0625,0.0,0.0625
Llama-3.1-8B-Instruct_star\framing_business\cheap_talk\20260611_102745_pd_cheaptalk_run05.json,Llama-3.1-8B-Instruct,meta-llama/Llama-3.1-8B-Instruct,pd,star,cheap_talk,framing_business,framing_business,business,16,5,5,0.484375,0.4375,0.5,-0.0625,159.0,3.0,0.5555555555555556,0.375,0.0,0.125
Llama-3.1-8B-Instruct_star\framing_business\cheap_talk\20260611_102745_sh_cheaptalk_run01.json,Llama-3.1-8B-Instruct,meta-llama/Llama-3.1-8B-Instruct,sh,star,cheap_talk,framing_business,framing_business,business,16,5,1,0.578125,0.6875,0.5416666666666666,0.14583333333333337,175.0,4.083333333333333,0.7333333333333333,,0.0,0.1875
Llama-3.1-8B-Instruct_star\framing_business\cheap_talk\20260611_102745_sh_cheaptalk_run02.json,Llama-3.1-8B-Instruct,meta-llama/Llama-3.1-8B-Instruct,sh,star,cheap_talk,framing_business,framing_business,business,16,5,2,0.4375,0.5625,0.3958333333333333,0.16666666666666669,143.0,3.4791666666666665,0.4888888888888889,,0.0,0.0625
Llama-3.1-8B-Instruct_star\framing_business\cheap_talk\20260611_102745_sh_cheaptalk_run03.json,Llama-3.1-8B-Instruct,meta-llama/Llama-3.1-8B-Instruct,sh,star,cheap_talk,framing_business,framing_business,business,16,5,3,0.515625,0.625,0.4791666666666667,0.14583333333333331,163.0,3.8333333333333335,0.6222222222222222,,0.0,0.1875
Llama-3.1-8B-Instruct_star\framing_business\cheap_talk\20260611_102745_sh_cheaptalk_run04.json,Llama-3.1-8B-Instruct,meta-llama/Llama-3.1-8B-Instruct,sh,star,cheap_talk,framing_business,framing_business,business,16,5,4,0.890625,0.875,0.8958333333333334,-0.02083333333333337,254.0,5.229166666666667,0.8444444444444444,,0.0,0.6875
Llama-3.1-8B-Instruct_star\framing_business\cheap_talk\20260611_102745_sh_cheaptalk_run05.json,Llama-3.1-8B-Instruct,meta-llama/Llama-3.1-8B-Instruct,sh,star,cheap_talk,framing_business,framing_business,business,16,5,5,0.671875,0.625,0.6875,-0.0625,189.0,3.75,0.6222222222222222,,0.0,0.125
Llama-3.1-8B-Instruct_star\framing_business_context\cheap_talk\20260804_135633_pd_cheaptalk_run01.json,Llama-3.1-8B-Instruct,meta-llama/Llama-3.1-8B-Instruct,pd,star,cheap_talk,framing_business_context,framing_business_context[cheap_talk],neutral,16,5,1,1.0,1.0,1.0,0.0,192.0,4.0,1.0,0.0,0.0,1.0
Llama-3.1-8B-Instruct_star\framing_business_context\cheap_talk\20260804_135633_pd_cheaptalk_run02.json,Llama-3.1-8B-Instruct,meta-llama/Llama-3.1-8B-Instruct,pd,star,cheap_talk,framing_business_context,framing_business_context[cheap_talk],neutral,16,5,2,0.9375,0.9375,0.9375,0.0,189.0,3.9375,0.9333333333333333,0.0625,0.0,0.75
Llama-3.1-8B-Instruct_star\framing_business_context\cheap_talk\20260804_135633_pd_cheaptalk_run03.json,Llama-3.1-8B-Instruct,meta-llama/Llama-3.1-8B-Instruct,pd,star,cheap_talk,framing_business_context,framing_business_context[cheap_talk],neutral,16,5,3,1.0,1.0,1.0,0.0,192.0,4.0,1.0,0.0,0.0,1.0
Llama-3.1-8B-Instruct_star\framing_business_context\cheap_talk\20260804_135633_pd_cheaptalk_run04.json,Llama-3.1-8B-Instruct,meta-llama/Llama-3.1-8B-Instruct,pd,star,cheap_talk,framing_business_context,framing_business_context[cheap_talk],neutral,16,5,4,1.0,1.0,1.0,0.0,192.0,4.0,1.0,0.0,0.0,1.0
Llama-3.1-8B-Instruct_star\framing_business_context\cheap_talk\20260804_135633_pd_cheaptalk_run05.json,Llama-3.1-8B-Instruct,meta-llama/Llama-3.1-8B-Instruct,pd,star,cheap_talk,framing_business_context,framing_business_context[cheap_talk],neutral,16,5,5,1.0,1.0,1.0,0.0,192.0,4.0,1.0,0.0,0.0,1.0
Llama-3.1-8B-Instruct_star\framing_business_context\cheap_talk\20260804_135633_sh_cheaptalk_run01.json,Llama-3.1-8B-Instruct,meta-llama/Llama-3.1-8B-Instruct,sh,star,cheap_talk,framing_business_context,framing_business_context[cheap_talk],neutral,16,5,1,0.96875,1.0,0.9583333333333334,0.04166666666666663,278.0,5.916666666666667,0.9555555555555556,,0.0,0.875
Llama-3.1-8B-Instruct_star\framing_business_context\cheap_talk\20260804_135633_sh_cheaptalk_run02.json,Llama-3.1-8B-Instruct,meta-llama/Llama-3.1-8B-Instruct,sh,star,cheap_talk,framing_business_context,framing_business_context[cheap_talk],neutral,16,5,2,0.90625,0.9375,0.8958333333333334,0.04166666666666663,260.0,5.541666666666667,0.8222222222222222,,0.0,0.6875
Llama-3.1-8B-Instruct_star\framing_business_context\cheap_talk\20260804_135633_sh_cheaptalk_run03.json,Llama-3.1-8B-Instruct,meta-llama/Llama-3.1-8B-Instruct,sh,star,cheap_talk,framing_business_context,framing_business_context[cheap_talk],neutral,16,5,3,0.9365079365079365,1.0,0.9148936170212766,0.08510638297872342,262.0,5.708333333333333,0.9090909090909091,,0.015625,0.6875
Llama-3.1-8B-Instruct_star\framing_business_context\cheap_talk\20260804_135633_sh_cheaptalk_run04.json,Llama-3.1-8B-Instruct,meta-llama/Llama-3.1-8B-Instruct,sh,star,cheap_talk,framing_business_context,framing_business_context[cheap_talk],neutral,16,5,4,0.96875,0.9375,0.9791666666666666,-0.04166666666666663,277.0,5.645833333333333,0.9111111111111111,,0.0,0.875
Llama-3.1-8B-Instruct_star\framing_business_context\cheap_talk\20260804_135633_sh_cheaptalk_run05.json,Llama-3.1-8B-Instruct,meta-llama/Llama-3.1-8B-Instruct,sh,star,cheap_talk,framing_business_context,framing_business_context[cheap_talk],neutral,16,5,5,0.96875,0.9375,0.9791666666666666,-0.04166666666666663,277.0,5.645833333333333,0.9111111111111111,,0.0,0.875
Llama-3.1-8B-Instruct_star\framing_business_context\no_comm\20260804_135633_pd_nocomm_run01.json,Llama-3.1-8B-Instruct,meta-llama/Llama-3.1-8B-Instruct,pd,star,no_comm,framing_business_context,framing_business_context[no_comm],neutral,16,5,1,0.4067796610169492,0.4,0.4090909090909091,-0.009090909090909094,131.0,2.5208333333333335,0.42105263157894735,,0.078125,0.0
Llama-3.1-8B-Instruct_star\framing_business_context\no_comm\20260804_135633_pd_nocomm_run02.json,Llama-3.1-8B-Instruct,meta-llama/Llama-3.1-8B-Instruct,pd,star,no_comm,framing_business_context,framing_business_context[no_comm],neutral,16,5,2,0.5806451612903226,0.5,0.6086956521739131,-0.10869565217391308,167.0,2.9583333333333335,0.5813953488372093,,0.03125,0.0625
Llama-3.1-8B-Instruct_star\framing_business_context\no_comm\20260804_135633_pd_nocomm_run03.json,Llama-3.1-8B-Instruct,meta-llama/Llama-3.1-8B-Instruct,pd,star,no_comm,framing_business_context,framing_business_context[no_comm],neutral,16,5,3,0.543859649122807,0.6153846153846154,0.5227272727272727,0.09265734265734271,114.0,2.6875,0.4166666666666667,,0.109375,0.0625
Llama-3.1-8B-Instruct_star\framing_business_context\no_comm\20260804_135633_pd_nocomm_run04.json,Llama-3.1-8B-Instruct,meta-llama/Llama-3.1-8B-Instruct,pd,star,no_comm,framing_business_context,framing_business_context[no_comm],neutral,16,5,4,0.85,0.8666666666666667,0.8444444444444444,0.022222222222222254,163.0,3.3958333333333335,0.975,,0.0625,0.625
Llama-3.1-8B-Instruct_star\framing_business_context\no_comm\20260804_135633_pd_nocomm_run05.json,Llama-3.1-8B-Instruct,meta-llama/Llama-3.1-8B-Instruct,pd,star,no_comm,framing_business_context,framing_business_context[no_comm],neutral,16,5,5,0.5925925925925926,0.7272727272727273,0.5581395348837209,0.16913319238900637,98.0,2.3541666666666665,0.6296296296296297,,0.15625,0.0625
Llama-3.1-8B-Instruct_star\framing_business_context\no_comm\20260804_135633_sh_nocomm_run01.json,Llama-3.1-8B-Instruct,meta-llama/Llama-3.1-8B-Instruct,sh,star,no_comm,framing_business_context,framing_business_context[no_comm],neutral,16,5,1,0.8392857142857143,0.75,0.8636363636363636,-0.11363636363636365,166.0,3.2083333333333335,0.7741935483870968,,0.125,0.3125
Llama-3.1-8B-Instruct_star\framing_business_context\no_comm\20260804_135633_sh_nocomm_run02.json,Llama-3.1-8B-Instruct,meta-llama/Llama-3.1-8B-Instruct,sh,star,no_comm,framing_business_context,framing_business_context[no_comm],neutral,16,5,2,0.7627118644067796,0.8666666666666667,0.7272727272727273,0.1393939393939394,186.0,4.3125,0.7435897435897436,,0.078125,0.1875
Llama-3.1-8B-Instruct_star\framing_business_context\no_comm\20260804_135633_sh_nocomm_run03.json,Llama-3.1-8B-Instruct,meta-llama/Llama-3.1-8B-Instruct,sh,star,no_comm,framing_business_context,framing_business_context[no_comm],neutral,16,5,3,0.5357142857142857,0.5384615384615384,0.5348837209302325,0.003577817531305927,107.0,2.3541666666666665,0.6111111111111112,,0.125,0.0625
Llama-3.1-8B-Instruct_star\framing_business_context\no_comm\20260804_135633_sh_nocomm_run04.json,Llama-3.1-8B-Instruct,meta-llama/Llama-3.1-8B-Instruct,sh,star,no_comm,framing_business_context,framing_business_context[no_comm],neutral,16,5,4,0.46296296296296297,0.2727272727272727,0.5116279069767442,-0.2389006342494715,84.0,1.375,0.35714285714285715,,0.15625,0.0
Llama-3.1-8B-Instruct_star\framing_business_context\no_comm\20260804_135633_sh_nocomm_run05.json,Llama-3.1-8B-Instruct,meta-llama/Llama-3.1-8B-Instruct,sh,star,no_comm,framing_business_context,framing_business_context[no_comm],neutral,16,5,5,0.5833333333333334,0.4375,0.6363636363636364,-0.19886363636363635,167.0,2.9166666666666665,0.5853658536585366,,0.0625,0.1875
Llama-3.1-8B-Instruct_star\framing_competitive\cheap_talk\20260611_212424_pd_cheaptalk_run01.json,Llama-3.1-8B-Instruct,meta-llama/Llama-3.1-8B-Instruct,pd,star,cheap_talk,framing_competitive,framing_competitive,competitive,16,5,1,0.3125,0.4375,0.2708333333333333,0.16666666666666669,119.0,3.3125,0.6222222222222222,0.0,0.0,0.0
Llama-3.1-8B-Instruct_star\framing_competitive\cheap_talk\20260611_212424_pd_cheaptalk_run02.json,Llama-3.1-8B-Instruct,meta-llama/Llama-3.1-8B-Instruct,pd,star,cheap_talk,framing_competitive,framing_competitive,competitive,16,5,2,0.265625,0.25,0.2708333333333333,-0.020833333333333315,134.0,2.6875,0.6666666666666666,0.1875,0.0,0.0
Llama-3.1-8B-Instruct_star\framing_competitive\cheap_talk\20260611_212424_pd_cheaptalk_run03.json,Llama-3.1-8B-Instruct,meta-llama/Llama-3.1-8B-Instruct,pd,star,cheap_talk,framing_competitive,framing_competitive,competitive,16,5,3,0.4375,0.6875,0.3541666666666667,0.3333333333333333,117.0,4.104166666666667,0.4222222222222222,0.125,0.0,0.0
Llama-3.1-8B-Instruct_star\framing_competitive\cheap_talk\20260611_212424_pd_cheaptalk_run04.json,Llama-3.1-8B-Instruct,meta-llama/Llama-3.1-8B-Instruct,pd,star,cheap_talk,framing_competitive,framing_competitive,competitive,16,5,4,0.3125,0.1875,0.3541666666666667,-0.16666666666666669,152.0,2.3333333333333335,0.5555555555555556,0.0625,0.0,0.0
Llama-3.1-8B-Instruct_star\framing_competitive\cheap_talk\20260611_212424_pd_cheaptalk_run05.json,Llama-3.1-8B-Instruct,meta-llama/Llama-3.1-8B-Instruct,pd,star,cheap_talk,framing_competitive,framing_competitive,competitive,16,5,5,0.4745762711864407,0.6153846153846154,0.43478260869565216,0.18060200668896326,111.0,2.8333333333333335,0.4411764705882353,0.07692307692307693,0.078125,0.0625
Llama-3.1-8B-Instruct_star\framing_competitive\cheap_talk\20260611_212424_sh_cheaptalk_run01.json,Llama-3.1-8B-Instruct,meta-llama/Llama-3.1-8B-Instruct,sh,star,cheap_talk,framing_competitive,framing_competitive,competitive,16,5,1,0.515625,0.75,0.4375,0.3125,150.0,4.0625,0.4222222222222222,,0.0,0.0
Llama-3.1-8B-Instruct_star\framing_competitive\cheap_talk\20260611_212424_sh_cheaptalk_run02.json,Llama-3.1-8B-Instruct,meta-llama/Llama-3.1-8B-Instruct,sh,star,cheap_talk,framing_competitive,framing_competitive,competitive,16,5,2,0.5079365079365079,0.5,0.5106382978723404,-0.010638297872340385,152.0,3.1041666666666665,0.6590909090909091,,0.015625,0.0625
Llama-3.1-8B-Instruct_star\framing_competitive\cheap_talk\20260611_212424_sh_cheaptalk_run03.json,Llama-3.1-8B-Instruct,meta-llama/Llama-3.1-8B-Instruct,sh,star,cheap_talk,framing_competitive,framing_competitive,competitive,16,5,3,0.546875,0.75,0.4791666666666667,0.2708333333333333,154.0,4.020833333333333,0.4444444444444444,,0.0,0.125
Llama-3.1-8B-Instruct_star\framing_competitive\cheap_talk\20260611_212424_sh_cheaptalk_run04.json,Llama-3.1-8B-Instruct,meta-llama/Llama-3.1-8B-Instruct,sh,star,cheap_talk,framing_competitive,framing_competitive,competitive,16,5,4,0.5,0.5,0.5,0.0,159.0,3.3125,0.7111111111111111,,0.0,0.125
Llama-3.1-8B-Instruct_star\framing_competitive\cheap_talk\20260611_212424_sh_cheaptalk_run05.json,Llama-3.1-8B-Instruct,meta-llama/Llama-3.1-8B-Instruct,sh,star,cheap_talk,framing_competitive,framing_competitive,competitive,16,5,5,0.5555555555555556,0.375,0.6170212765957447,-0.24202127659574468,161.0,2.6666666666666665,0.4318181818181818,,0.015625,0.125
Llama-3.1-8B-Instruct_star\framing_competitive_context\cheap_talk\20260818_183359_pd_cheaptalk_run01.json,Llama-3.1-8B-Instruct,meta-llama/Llama-3.1-8B-Instruct,pd,star,cheap_talk,framing_competitive_context,framing_competitive_context[cheap_talk],neutral,16,5,1,1.0,1.0,1.0,0.0,192.0,4.0,1.0,0.0,0.0,1.0
Llama-3.1-8B-Instruct_star\framing_competitive_context\cheap_talk\20260818_183359_pd_cheaptalk_run02.json,Llama-3.1-8B-Instruct,meta-llama/Llama-3.1-8B-Instruct,pd,star,cheap_talk,framing_competitive_context,framing_competitive_context[cheap_talk],neutral,16,5,2,0.984375,1.0,0.9791666666666666,0.02083333333333337,189.0,4.041666666666667,0.9777777777777777,0.0,0.0,0.9375
Llama-3.1-8B-Instruct_star\framing_competitive_context\cheap_talk\20260818_183359_pd_cheaptalk_run03.json,Llama-3.1-8B-Instruct,meta-llama/Llama-3.1-8B-Instruct,pd,star,cheap_talk,framing_competitive_context,framing_competitive_context[cheap_talk],neutral,16,5,3,0.875,0.9375,0.8541666666666666,0.08333333333333337,177.0,4.104166666666667,0.8444444444444444,0.0625,0.0,0.5
Llama-3.1-8B-Instruct_star\framing_competitive_context\cheap_talk\20260818_183359_pd_cheaptalk_run04.json,Llama-3.1-8B-Instruct,meta-llama/Llama-3.1-8B-Instruct,pd,star,cheap_talk,framing_competitive_context,framing_competitive_context[cheap_talk],neutral,16,5,4,1.0,1.0,1.0,0.0,192.0,4.0,1.0,0.0,0.0,1.0
Llama-3.1-8B-Instruct_star\framing_competitive_context\cheap_talk\20260818_183359_pd_cheaptalk_run05.json,Llama-3.1-8B-Instruct,meta-llama/Llama-3.1-8B-Instruct,pd,star,cheap_talk,framing_competitive_context,framing_competitive_context[cheap_talk],neutral,16,5,5,0.875,0.875,0.875,0.0,183.0,3.8125,0.8222222222222222,0.125,0.0,0.6875
Llama-3.1-8B-Instruct_star\framing_competitive_context\cheap_talk\20260818_183359_sh_cheaptalk_run01.json,Llama-3.1-8B-Instruct,meta-llama/Llama-3.1-8B-Instruct,sh,star,cheap_talk,framing_competitive_context,framing_competitive_context[cheap_talk],neutral,16,5,1,0.984375,1.0,0.9791666666666666,0.02083333333333337,283.0,5.958333333333333,0.9777777777777777,,0.0,0.9375
Llama-3.1-8B-Instruct_star\framing_competitive_context\cheap_talk\20260818_183359_sh_cheaptalk_run02.json,Llama-3.1-8B-Instruct,meta-llama/Llama-3.1-8B-Instruct,sh,star,cheap_talk,framing_competitive_context,framing_competitive_context[cheap_talk],neutral,16,5,2,0.890625,0.9375,0.875,0.0625,252.0,5.4375,0.8444444444444444,,0.0,0.625
Llama-3.1-8B-Instruct_star\framing_competitive_context\cheap_talk\20260818_183359_sh_cheaptalk_run03.json,Llama-3.1-8B-Instruct,meta-llama/Llama-3.1-8B-Instruct,sh,star,cheap_talk,framing_competitive_context,framing_competitive_context[cheap_talk],neutral,16,5,3,0.9375,0.9375,0.9375,0.0,267.0,5.5625,0.8666666666666667,,0.0,0.75
Llama-3.1-8B-Instruct_star\framing_competitive_context\cheap_talk\20260818_183359_sh_cheaptalk_run04.json,Llama-3.1-8B-Instruct,meta-llama/Llama-3.1-8B-Instruct,sh,star,cheap_talk,framing_competitive_context,framing_competitive_context[cheap_talk],neutral,16,5,4,0.875,0.875,0.875,0.0,255.0,5.3125,1.0,,0.0,0.8125
Llama-3.1-8B-Instruct_star\framing_competitive_context\cheap_talk\20260818_183359_sh_cheaptalk_run05.json,Llama-3.1-8B-Instruct,meta-llama/Llama-3.1-8B-Instruct,sh,star,cheap_talk,framing_competitive_context,framing_competitive_context[cheap_talk],neutral,16,5,5,0.96875,1.0,0.9583333333333334,0.04166666666666663,278.0,5.916666666666667,0.9555555555555556,,0.0,0.875
Llama-3.1-8B-Instruct_star\framing_competitive_context\no_comm\20260818_183359_pd_nocomm_run01.json,Llama-3.1-8B-Instruct,meta-llama/Llama-3.1-8B-Instruct,pd,star,no_comm,framing_competitive_context,framing_competitive_context[no_comm],neutral,16,5,1,0.35714285714285715,0.4,0.34146341463414637,0.058536585365853655,98.0,2.6666666666666665,0.5555555555555556,,0.125,0.0
Llama-3.1-8B-Instruct_star\framing_competitive_context\no_comm\20260818_183359_pd_nocomm_run02.json,Llama-3.1-8B-Instruct,meta-llama/Llama-3.1-8B-Instruct,pd,star,no_comm,framing_competitive_context,framing_competitive_context[no_comm],neutral,16,5,2,0.16393442622950818,0.06666666666666667,0.1956521739130435,-0.1289855072463768,119.0,1.8541666666666667,0.8048780487804879,,0.046875,0.0
Llama-3.1-8B-Instruct_star\framing_competitive_context\no_comm\20260818_183359_pd_nocomm_run03.json,Llama-3.1-8B-Instruct,meta-llama/Llama-3.1-8B-Instruct,pd,star,no_comm,framing_competitive_context,framing_competitive_context[no_comm],neutral,16,5,3,0.22950819672131148,0.14285714285714285,0.2553191489361702,-0.11246200607902734,115.0,1.9791666666666667,0.6052631578947368,,0.046875,0.0
Llama-3.1-8B-Instruct_star\framing_competitive_context\no_comm\20260818_183359_pd_nocomm_run04.json,Llama-3.1-8B-Instruct,meta-llama/Llama-3.1-8B-Instruct,pd,star,no_comm,framing_competitive_context,framing_competitive_context[no_comm],neutral,16,5,4,0.1774193548387097,0.125,0.1956521739130435,-0.07065217391304349,121.0,2.2083333333333335,0.7906976744186046,,0.03125,0.0
Llama-3.1-8B-Instruct_star\framing_competitive_context\no_comm\20260818_183359_pd_nocomm_run05.json,Llama-3.1-8B-Instruct,meta-llama/Llama-3.1-8B-Instruct,pd,star,no_comm,framing_competitive_context,framing_competitive_context[no_comm],neutral,16,5,5,0.45,0.6666666666666666,0.37777777777777777,0.28888888888888886,112.0,3.6875,0.41025641025641024,,0.0625,0.0625
Llama-3.1-8B-Instruct_star\framing_competitive_context\no_comm\20260818_183359_sh_nocomm_run01.json,Llama-3.1-8B-Instruct,meta-llama/Llama-3.1-8B-Instruct,sh,star,no_comm,framing_competitive_context,framing_competitive_context[no_comm],neutral,16,5,1,0.6,0.7692307692307693,0.5476190476190477,0.2216117216117216,131.0,3.1666666666666665,0.5161290322580645,,0.140625,0.0625
Llama-3.1-8B-Instruct_star\framing_competitive_context\no_comm\20260818_183359_sh_nocomm_run02.json,Llama-3.1-8B-Instruct,meta-llama/Llama-3.1-8B-Instruct,sh,star,no_comm,framing_competitive_context,framing_competitive_context[no_comm],neutral,16,5,2,0.4827586206896552,0.4,0.5116279069767442,-0.11162790697674418,133.0,2.4583333333333335,0.5675675675675675,,0.09375,0.0625
Llama-3.1-8B-Instruct_star\framing_competitive_context\no_comm\20260818_183359_sh_nocomm_run03.json,Llama-3.1-8B-Instruct,meta-llama/Llama-3.1-8B-Instruct,sh,star,no_comm,framing_competitive_context,framing_competitive_context[no_comm],neutral,16,5,3,0.6,0.8666666666666667,0.5,0.3666666666666667,120.0,3.375,0.5555555555555556,,0.140625,0.0625
Llama-3.1-8B-Instruct_star\framing_competitive_context\no_comm\20260818_183359_sh_nocomm_run04.json,Llama-3.1-8B-Instruct,meta-llama/Llama-3.1-8B-Instruct,sh,star,no_comm,framing_competitive_context,framing_competitive_context[no_comm],neutral,16,5,4,0.6666666666666666,0.625,0.6808510638297872,-0.05585106382978722,182.0,3.6666666666666665,0.5,,0.015625,0.125
Llama-3.1-8B-Instruct_star\framing_competitive_context\no_comm\20260818_183359_sh_nocomm_run05.json,Llama-3.1-8B-Instruct,meta-llama/Llama-3.1-8B-Instruct,sh,star,no_comm,framing_competitive_context,framing_competitive_context[no_comm],neutral,16,5,5,0.6779661016949152,0.8,0.6363636363636364,0.1636363636363637,177.0,4.0,0.7073170731707317,,0.078125,0.375
Llama-3.1-8B-Instruct_star\framing_team\cheap_talk\20260611_102745_pd_cheaptalk_run01.json,Llama-3.1-8B-Instruct,meta-llama/Llama-3.1-8B-Instruct,pd,star,cheap_talk,framing_team,framing_team,team,16,5,1,0.765625,0.75,0.7708333333333334,-0.02083333333333337,179.0,3.625,0.7333333333333333,0.25,0.0,0.4375
Llama-3.1-8B-Instruct_star\framing_team\cheap_talk\20260611_102745_pd_cheaptalk_run02.json,Llama-3.1-8B-Instruct,meta-llama/Llama-3.1-8B-Instruct,pd,star,cheap_talk,framing_team,framing_team,team,16,5,2,0.90625,0.875,0.9166666666666666,-0.04166666666666663,191.0,3.7708333333333335,0.9111111111111111,0.125,0.0,0.75
Llama-3.1-8B-Instruct_star\framing_team\cheap_talk\20260611_102745_pd_cheaptalk_run03.json,Llama-3.1-8B-Instruct,meta-llama/Llama-3.1-8B-Instruct,pd,star,cheap_talk,framing_team,framing_team,team,16,5,3,0.859375,1.0,0.8125,0.1875,165.0,4.375,0.8,0.0,0.0,0.5
Llama-3.1-8B-Instruct_star\framing_team\cheap_talk\20260611_102745_pd_cheaptalk_run04.json,Llama-3.1-8B-Instruct,meta-llama/Llama-3.1-8B-Instruct,pd,star,cheap_talk,framing_team,framing_team,team,16,5,4,0.640625,0.625,0.6458333333333334,-0.02083333333333337,166.0,3.3541666666666665,0.8222222222222222,0.375,0.0,0.4375
Llama-3.1-8B-Instruct_star\framing_team\cheap_talk\20260611_102745_pd_cheaptalk_run05.json,Llama-3.1-8B-Instruct,meta-llama/Llama-3.1-8B-Instruct,pd,star,cheap_talk,framing_team,framing_team,team,16,5,5,0.203125,0.125,0.22916666666666666,-0.10416666666666666,131.0,2.2083333333333335,0.8222222222222222,0.875,0.0,0.0625
Llama-3.1-8B-Instruct_star\framing_team\cheap_talk\20260611_102745_sh_cheaptalk_run01.json,Llama-3.1-8B-Instruct,meta-llama/Llama-3.1-8B-Instruct,sh,star,cheap_talk,framing_team,framing_team,team,16,5,1,0.828125,0.875,0.8125,0.0625,240.0,5.1875,0.8,,0.0,0.5
Llama-3.1-8B-Instruct_star\framing_team\cheap_talk\20260611_102745_sh_cheaptalk_run02.json,Llama-3.1-8B-Instruct,meta-llama/Llama-3.1-8B-Instruct,sh,star,cheap_talk,framing_team,framing_team,team,16,5,2,0.671875,0.75,0.6458333333333334,0.10416666666666663,194.0,4.354166666666667,0.5333333333333333,,0.0,0.1875
Llama-3.1-8B-Instruct_star\framing_team\cheap_talk\20260611_102745_sh_cheaptalk_run03.json,Llama-3.1-8B-Instruct,meta-llama/Llama-3.1-8B-Instruct,sh,star,cheap_talk,framing_team,framing_team,team,16,5,3,0.5625,0.5,0.5833333333333334,-0.08333333333333337,173.0,3.3541666666666665,0.5111111111111111,,0.0,0.1875
Llama-3.1-8B-Instruct_star\framing_team\cheap_talk\20260611_102745_sh_cheaptalk_run04.json,Llama-3.1-8B-Instruct,meta-llama/Llama-3.1-8B-Instruct,sh,star,cheap_talk,framing_team,framing_team,team,16,5,4,0.484375,0.4375,0.5,-0.0625,150.0,2.9375,0.5111111111111111,,0.0,0.0625
Llama-3.1-8B-Instruct_star\framing_team\cheap_talk\20260611_102745_sh_cheaptalk_run05.json,Llama-3.1-8B-Instruct,meta-llama/Llama-3.1-8B-Instruct,sh,star,cheap_talk,framing_team,framing_team,team,16,5,5,0.625,0.6875,0.6041666666666666,0.08333333333333337,196.0,4.333333333333333,0.7111111111111111,,0.0,0.25
Llama-3.1-8B-Instruct_star\framing_team_context\cheap_talk\20260804_135633_pd_cheaptalk_run01.json,Llama-3.1-8B-Instruct,meta-llama/Llama-3.1-8B-Instruct,pd,star,cheap_talk,framing_team_context,framing_team_context[cheap_talk],neutral,16,5,1,1.0,1.0,1.0,0.0,192.0,4.0,1.0,0.0,0.0,1.0
Llama-3.1-8B-Instruct_star\framing_team_context\cheap_talk\20260804_135633_pd_cheaptalk_run02.json,Llama-3.1-8B-Instruct,meta-llama/Llama-3.1-8B-Instruct,pd,star,cheap_talk,framing_team_context,framing_team_context[cheap_talk],neutral,16,5,2,1.0,1.0,1.0,0.0,192.0,4.0,1.0,0.0,0.0,1.0
Llama-3.1-8B-Instruct_star\framing_team_context\cheap_talk\20260804_135633_pd_cheaptalk_run03.json,Llama-3.1-8B-Instruct,meta-llama/Llama-3.1-8B-Instruct,pd,star,cheap_talk,framing_team_context,framing_team_context[cheap_talk],neutral,16,5,3,1.0,1.0,1.0,0.0,192.0,4.0,1.0,0.0,0.0,1.0
Llama-3.1-8B-Instruct_star\framing_team_context\cheap_talk\20260804_135633_pd_cheaptalk_run04.json,Llama-3.1-8B-Instruct,meta-llama/Llama-3.1-8B-Instruct,pd,star,cheap_talk,framing_team_context,framing_team_context[cheap_talk],neutral,16,5,4,1.0,1.0,1.0,0.0,192.0,4.0,1.0,0.0,0.0,1.0
Llama-3.1-8B-Instruct_star\framing_team_context\cheap_talk\20260804_135633_pd_cheaptalk_run05.json,Llama-3.1-8B-Instruct,meta-llama/Llama-3.1-8B-Instruct,pd,star,cheap_talk,framing_team_context,framing_team_context[cheap_talk],neutral,16,5,5,1.0,1.0,1.0,0.0,192.0,4.0,1.0,0.0,0.0,1.0
Llama-3.1-8B-Instruct_star\framing_team_context\cheap_talk\20260804_135633_sh_cheaptalk_run01.json,Llama-3.1-8B-Instruct,meta-llama/Llama-3.1-8B-Instruct,sh,star,cheap_talk,framing_team_context,framing_team_context[cheap_talk],neutral,16,5,1,0.9016393442622951,1.0,0.8723404255319149,0.12765957446808507,231.0,5.0,0.8461538461538461,,0.046875,0.625
Llama-3.1-8B-Instruct_star\framing_team_context\cheap_talk\20260804_135633_sh_cheaptalk_run02.json,Llama-3.1-8B-Instruct,meta-llama/Llama-3.1-8B-Instruct,sh,star,cheap_talk,framing_team_context,framing_team_context[cheap_talk],neutral,16,5,2,0.671875,0.75,0.6458333333333334,0.10416666666666663,200.0,4.479166666666667,0.6666666666666666,,0.0,0.3125
Llama-3.1-8B-Instruct_star\framing_team_context\cheap_talk\20260804_135633_sh_cheaptalk_run03.json,Llama-3.1-8B-Instruct,meta-llama/Llama-3.1-8B-Instruct,sh,star,cheap_talk,framing_team_context,framing_team_context[cheap_talk],neutral,16,5,3,0.890625,0.9375,0.875,0.0625,255.0,5.5,0.8,,0.0,0.625
Llama-3.1-8B-Instruct_star\framing_team_context\cheap_talk\20260804_135633_sh_cheaptalk_run04.json,Llama-3.1-8B-Instruct,meta-llama/Llama-3.1-8B-Instruct,sh,star,cheap_talk,framing_team_context,framing_team_context[cheap_talk],neutral,16,5,4,1.0,1.0,1.0,0.0,288.0,6.0,1.0,,0.0,1.0
Llama-3.1-8B-Instruct_star\framing_team_context\cheap_talk\20260804_135633_sh_cheaptalk_run05.json,Llama-3.1-8B-Instruct,meta-llama/Llama-3.1-8B-Instruct,sh,star,cheap_talk,framing_team_context,framing_team_context[cheap_talk],neutral,16,5,5,1.0,1.0,1.0,0.0,288.0,6.0,1.0,,0.0,1.0
Llama-3.1-8B-Instruct_star\framing_team_context\no_comm\20260804_135633_pd_nocomm_run01.json,Llama-3.1-8B-Instruct,meta-llama/Llama-3.1-8B-Instruct,pd,star,no_comm,framing_team_context,framing_team_context[no_comm],neutral,16,5,1,0.603448275862069,0.7857142857142857,0.5454545454545454,0.24025974025974028,107.0,3.375,0.5277777777777778,,0.09375,0.0625
Llama-3.1-8B-Instruct_star\framing_team_context\no_comm\20260804_135633_pd_nocomm_run02.json,Llama-3.1-8B-Instruct,meta-llama/Llama-3.1-8B-Instruct,pd,star,no_comm,framing_team_context,framing_team_context[no_comm],neutral,16,5,2,0.46774193548387094,0.6428571428571429,0.4166666666666667,0.22619047619047622,124.0,3.3125,0.48717948717948717,,0.03125,0.125
Llama-3.1-8B-Instruct_star\framing_team_context\no_comm\20260804_135633_pd_nocomm_run03.json,Llama-3.1-8B-Instruct,meta-llama/Llama-3.1-8B-Instruct,pd,star,no_comm,framing_team_context,framing_team_context[no_comm],neutral,16,5,3,0.5263157894736842,0.6,0.5106382978723404,0.08936170212765959,97.0,2.2291666666666665,0.43333333333333335,,0.109375,0.0
Llama-3.1-8B-Instruct_star\framing_team_context\no_comm\20260804_135633_pd_nocomm_run04.json,Llama-3.1-8B-Instruct,meta-llama/Llama-3.1-8B-Instruct,pd,star,no_comm,framing_team_context,framing_team_context[no_comm],neutral,16,5,4,1.0,1.0,1.0,0.0,192.0,4.0,1.0,,0.0,1.0
Llama-3.1-8B-Instruct_star\framing_team_context\no_comm\20260804_135633_pd_nocomm_run05.json,Llama-3.1-8B-Instruct,meta-llama/Llama-3.1-8B-Instruct,pd,star,no_comm,framing_team_context,framing_team_context[no_comm],neutral,16,5,5,0.896551724137931,1.0,0.8723404255319149,0.12765957446808507,119.0,2.7916666666666665,0.9333333333333333,,0.09375,0.4375
Llama-3.1-8B-Instruct_star\framing_team_context\no_comm\20260804_135633_sh_nocomm_run01.json,Llama-3.1-8B-Instruct,meta-llama/Llama-3.1-8B-Instruct,sh,star,no_comm,framing_team_context,framing_team_context[no_comm],neutral,16,5,1,0.42857142857142855,0.35714285714285715,0.4523809523809524,-0.09523809523809523,110.0,2.0416666666666665,0.6764705882352942,,0.125,0.0625
Llama-3.1-8B-Instruct_star\framing_team_context\no_comm\20260804_135633_sh_nocomm_run02.json,Llama-3.1-8B-Instruct,meta-llama/Llama-3.1-8B-Instruct,sh,star,no_comm,framing_team_context,framing_team_context[no_comm],neutral,16,5,2,0.7931034482758621,0.7692307692307693,0.8,-0.03076923076923077,180.0,3.5625,0.696969696969697,,0.09375,0.3125
Llama-3.1-8B-Instruct_star\framing_team_context\no_comm\20260804_135633_sh_nocomm_run03.json,Llama-3.1-8B-Instruct,meta-llama/Llama-3.1-8B-Instruct,sh,star,no_comm,framing_team_context,framing_team_context[no_comm],neutral,16,5,3,0.8214285714285714,0.9166666666666666,0.7954545454545454,0.12121212121212122,180.0,3.75,0.90625,,0.125,0.5
Llama-3.1-8B-Instruct_star\framing_team_context\no_comm\20260804_135633_sh_nocomm_run04.json,Llama-3.1-8B-Instruct,meta-llama/Llama-3.1-8B-Instruct,sh,star,no_comm,framing_team_context,framing_team_context[no_comm],neutral,16,5,4,0.7903225806451613,0.6666666666666666,0.8297872340425532,-0.16312056737588654,209.0,3.9166666666666665,0.6341463414634146,,0.03125,0.3125
Llama-3.1-8B-Instruct_star\framing_team_context\no_comm\20260804_135633_sh_nocomm_run05.json,Llama-3.1-8B-Instruct,meta-llama/Llama-3.1-8B-Instruct,sh,star,no_comm,framing_team_context,framing_team_context[no_comm],neutral,16,5,5,0.6724137931034483,0.5714285714285714,0.7045454545454546,-0.1331168831168832,160.0,2.9583333333333335,0.6285714285714286,,0.09375,0.125
Llama-3.1-8B-Instruct_star\no_sense\cheap_talk\20260608_172628_pd_cheaptalk_run01.json,Llama-3.1-8B-Instruct,meta-llama/Llama-3.1-8B-Instruct,pd,star,cheap_talk,no_sense,no_sense,neutral,16,5,1,0.796875,0.8125,0.7916666666666666,0.02083333333333337,179.0,3.8333333333333335,0.8222222222222222,0.0,0.0,0.5
Llama-3.1-8B-Instruct_star\no_sense\cheap_talk\20260608_172628_pd_cheaptalk_run02.json,Llama-3.1-8B-Instruct,meta-llama/Llama-3.1-8B-Instruct,pd,star,cheap_talk,no_sense,no_sense,neutral,16,5,2,0.21875,0.25,0.20833333333333334,0.04166666666666666,120.0,2.7083333333333335,0.7111111111111111,0.0,0.0,0.0625
Llama-3.1-8B-Instruct_star\no_sense\cheap_talk\20260608_172628_pd_cheaptalk_run03.json,Llama-3.1-8B-Instruct,meta-llama/Llama-3.1-8B-Instruct,pd,star,cheap_talk,no_sense,no_sense,neutral,16,5,3,0.625,0.75,0.5833333333333334,0.16666666666666663,151.0,3.9791666666666665,0.5111111111111111,0.0,0.0,0.1875
Llama-3.1-8B-Instruct_star\no_sense\cheap_talk\20260608_172628_pd_cheaptalk_run04.json,Llama-3.1-8B-Instruct,meta-llama/Llama-3.1-8B-Instruct,pd,star,cheap_talk,no_sense,no_sense,neutral,16,5,4,0.421875,0.5,0.3958333333333333,0.10416666666666669,140.0,3.4375,0.5777777777777777,0.0,0.0,0.0
Llama-3.1-8B-Instruct_star\no_sense\cheap_talk\20260608_172628_pd_cheaptalk_run05.json,Llama-3.1-8B-Instruct,meta-llama/Llama-3.1-8B-Instruct,pd,star,cheap_talk,no_sense,no_sense,neutral,16,5,5,0.359375,0.375,0.3541666666666667,0.020833333333333315,138.0,2.9791666666666665,0.6444444444444445,0.0,0.0,0.0625
Llama-3.1-8B-Instruct_star\no_sense\cheap_talk\20260608_172628_sh_cheaptalk_run01.json,Llama-3.1-8B-Instruct,meta-llama/Llama-3.1-8B-Instruct,sh,star,cheap_talk,no_sense,no_sense,neutral,16,5,1,0.859375,0.8125,0.875,-0.0625,246.0,4.9375,0.8444444444444444,,0.0,0.5625
Llama-3.1-8B-Instruct_star\no_sense\cheap_talk\20260608_172628_sh_cheaptalk_run02.json,Llama-3.1-8B-Instruct,meta-llama/Llama-3.1-8B-Instruct,sh,star,cheap_talk,no_sense,no_sense,neutral,16,5,2,0.640625,0.625,0.6458333333333334,-0.02083333333333337,185.0,3.7916666666666665,0.7111111111111111,,0.0,0.25
Llama-3.1-8B-Instruct_star\no_sense\cheap_talk\20260608_172628_sh_cheaptalk_run03.json,Llama-3.1-8B-Instruct,meta-llama/Llama-3.1-8B-Instruct,sh,star,cheap_talk,no_sense,no_sense,neutral,16,5,3,0.78125,0.875,0.75,0.125,219.0,4.9375,0.7111111111111111,,0.0,0.4375
Llama-3.1-8B-Instruct_star\no_sense\cheap_talk\20260608_172628_sh_cheaptalk_run04.json,Llama-3.1-8B-Instruct,meta-llama/Llama-3.1-8B-Instruct,sh,star,cheap_talk,no_sense,no_sense,neutral,16,5,4,0.6507936507936508,0.8125,0.5957446808510638,0.2167553191489362,175.0,4.270833333333333,0.4772727272727273,,0.015625,0.1875
Llama-3.1-8B-Instruct_star\no_sense\cheap_talk\20260608_172628_sh_cheaptalk_run05.json,Llama-3.1-8B-Instruct,meta-llama/Llama-3.1-8B-Instruct,sh,star,cheap_talk,no_sense,no_sense,neutral,16,5,5,0.578125,0.75,0.5208333333333334,0.22916666666666663,164.0,4.104166666666667,0.5111111111111111,,0.0,0.0
Llama-3.1-8B-Instruct_star\silence\cheap_talk\20260608_172628_pd_cheaptalk_run01.json,Llama-3.1-8B-Instruct,meta-llama/Llama-3.1-8B-Instruct,pd,star,cheap_talk,silence,silence,neutral,16,5,1,0.328125,0.5,0.2708333333333333,0.22916666666666669,117.0,3.5833333333333335,0.4222222222222222,,0.0,0.0625
Llama-3.1-8B-Instruct_star\silence\cheap_talk\20260608_172628_pd_cheaptalk_run02.json,Llama-3.1-8B-Instruct,meta-llama/Llama-3.1-8B-Instruct,pd,star,cheap_talk,silence,silence,neutral,16,5,2,0.359375,0.1875,0.4166666666666667,-0.22916666666666669,161.0,2.2083333333333335,0.6222222222222222,,0.0,0.0
Llama-3.1-8B-Instruct_star\silence\cheap_talk\20260608_172628_pd_cheaptalk_run03.json,Llama-3.1-8B-Instruct,meta-llama/Llama-3.1-8B-Instruct,pd,star,cheap_talk,silence,silence,neutral,16,5,3,0.30158730158730157,0.3125,0.2978723404255319,0.0146276595744681,131.0,2.7291666666666665,0.7727272727272727,,0.015625,0.0625
Llama-3.1-8B-Instruct_star\silence\cheap_talk\20260608_172628_pd_cheaptalk_run04.json,Llama-3.1-8B-Instruct,meta-llama/Llama-3.1-8B-Instruct,pd,star,cheap_talk,silence,silence,neutral,16,5,4,0.390625,0.4375,0.375,0.0625,141.0,3.25,0.5555555555555556,,0.0,0.0
Llama-3.1-8B-Instruct_star\silence\cheap_talk\20260608_172628_pd_cheaptalk_run05.json,Llama-3.1-8B-Instruct,meta-llama/Llama-3.1-8B-Instruct,pd,star,cheap_talk,silence,silence,neutral,16,5,5,0.265625,0.375,0.22916666666666666,0.14583333333333334,118.0,3.1875,0.6,,0.0,0.0
Llama-3.1-8B-Instruct_star\silence\cheap_talk\20260608_172628_sh_cheaptalk_run01.json,Llama-3.1-8B-Instruct,meta-llama/Llama-3.1-8B-Instruct,sh,star,cheap_talk,silence,silence,neutral,16,5,1,0.953125,0.9375,0.9583333333333334,-0.02083333333333337,272.0,5.604166666666667,0.9777777777777777,,0.0,0.8125
Llama-3.1-8B-Instruct_star\silence\cheap_talk\20260608_172628_sh_cheaptalk_run02.json,Llama-3.1-8B-Instruct,meta-llama/Llama-3.1-8B-Instruct,sh,star,cheap_talk,silence,silence,neutral,16,5,2,0.796875,0.875,0.7708333333333334,0.10416666666666663,227.0,5.041666666666667,0.7555555555555555,,0.0,0.375
Llama-3.1-8B-Instruct_star\silence\cheap_talk\20260608_172628_sh_cheaptalk_run03.json,Llama-3.1-8B-Instruct,meta-llama/Llama-3.1-8B-Instruct,sh,star,cheap_talk,silence,silence,neutral,16,5,3,0.75,0.8125,0.7291666666666666,0.08333333333333337,208.0,4.583333333333333,0.6666666666666666,,0.0,0.25
Llama-3.1-8B-Instruct_star\silence\cheap_talk\20260608_172628_sh_cheaptalk_run04.json,Llama-3.1-8B-Instruct,meta-llama/Llama-3.1-8B-Instruct,sh,star,cheap_talk,silence,silence,neutral,16,5,4,0.9032258064516129,1.0,0.875,0.125,227.0,5.041666666666667,0.8461538461538461,,0.03125,0.5625
Llama-3.1-8B-Instruct_star\silence\cheap_talk\20260608_172628_sh_cheaptalk_run05.json,Llama-3.1-8B-Instruct,meta-llama/Llama-3.1-8B-Instruct,sh,star,cheap_talk,silence,silence,neutral,16,5,5,0.8125,0.8125,0.8125,0.0,234.0,4.875,0.7111111111111111,,0.0,0.5
Llama-3.1-8B-Instruct_cycle\baseline\cheap_talk\20260824_231540_pd_cheaptalk_run01.json,Llama-3.1-8B-Instruct,meta-llama/Llama-3.1-8B-Instruct,pd,cycle,cheap_talk,baseline_cheap_talk,baseline_cheap_talk,neutral,16,5,1,0.96875,,,,,,,,0.0,0.875
Llama-3.1-8B-Instruct_cycle\baseline\cheap_talk\20260824_231540_pd_cheaptalk_run02.json,Llama-3.1-8B-Instruct,meta-llama/Llama-3.1-8B-Instruct,pd,cycle,cheap_talk,baseline_cheap_talk,baseline_cheap_talk,neutral,16,5,2,1.0,,,,,,,,0.0,1.0
Llama-3.1-8B-Instruct_cycle\baseline\cheap_talk\20260824_231540_pd_cheaptalk_run03.json,Llama-3.1-8B-Instruct,meta-llama/Llama-3.1-8B-Instruct,pd,cycle,cheap_talk,baseline_cheap_talk,baseline_cheap_talk,neutral,16,5,3,0.984375,,,,,,,,0.0,0.9375
Llama-3.1-8B-Instruct_cycle\baseline\cheap_talk\20260824_231540_pd_cheaptalk_run04.json,Llama-3.1-8B-Instruct,meta-llama/Llama-3.1-8B-Instruct,pd,cycle,cheap_talk,baseline_cheap_talk,baseline_cheap_talk,neutral,16,5,4,1.0,,,,,,,,0.0,1.0
Llama-3.1-8B-Instruct_cycle\baseline\cheap_talk\20260824_231540_pd_cheaptalk_run05.json,Llama-3.1-8B-Instruct,meta-llama/Llama-3.1-8B-Instruct,pd,cycle,cheap_talk,baseline_cheap_talk,baseline_cheap_talk,neutral,16,5,5,1.0,,,,,,,,0.0,1.0
Llama-3.1-8B-Instruct_cycle\baseline\cheap_talk\20260824_231540_sh_cheaptalk_run01.json,Llama-3.1-8B-Instruct,meta-llama/Llama-3.1-8B-Instruct,sh,cycle,cheap_talk,baseline_cheap_talk,baseline_cheap_talk,neutral,16,5,1,0.96875,,,,,,,,0.0,0.875
Llama-3.1-8B-Instruct_cycle\baseline\cheap_talk\20260824_231540_sh_cheaptalk_run02.json,Llama-3.1-8B-Instruct,meta-llama/Llama-3.1-8B-Instruct,sh,cycle,cheap_talk,baseline_cheap_talk,baseline_cheap_talk,neutral,16,5,2,0.90625,,,,,,,,0.0,0.625
Llama-3.1-8B-Instruct_cycle\baseline\cheap_talk\20260824_231540_sh_cheaptalk_run03.json,Llama-3.1-8B-Instruct,meta-llama/Llama-3.1-8B-Instruct,sh,cycle,cheap_talk,baseline_cheap_talk,baseline_cheap_talk,neutral,16,5,3,0.953125,,,,,,,,0.0,0.8125
Llama-3.1-8B-Instruct_cycle\baseline\cheap_talk\20260824_231540_sh_cheaptalk_run04.json,Llama-3.1-8B-Instruct,meta-llama/Llama-3.1-8B-Instruct,sh,cycle,cheap_talk,baseline_cheap_talk,baseline_cheap_talk,neutral,16,5,4,0.78125,,,,,,,,0.0,0.5
Llama-3.1-8B-Instruct_cycle\baseline\cheap_talk\20260824_231540_sh_cheaptalk_run05.json,Llama-3.1-8B-Instruct,meta-llama/Llama-3.1-8B-Instruct,sh,cycle,cheap_talk,baseline_cheap_talk,baseline_cheap_talk,neutral,16,5,5,0.96875,,,,,,,,0.0,0.9375
Llama-3.1-8B-Instruct_cycle\baseline\no_comm\20260824_231540_pd_nocomm_run01.json,Llama-3.1-8B-Instruct,meta-llama/Llama-3.1-8B-Instruct,pd,cycle,no_comm,no_comm,no_comm,neutral,16,5,1,0.6,,,,,,,,0.0625,0.125
Llama-3.1-8B-Instruct_cycle\baseline\no_comm\20260824_231540_pd_nocomm_run02.json,Llama-3.1-8B-Instruct,meta-llama/Llama-3.1-8B-Instruct,pd,cycle,no_comm,no_comm,no_comm,neutral,16,5,2,0.39344262295081966,,,,,,,,0.046875,0.0
Llama-3.1-8B-Instruct_cycle\baseline\no_comm\20260824_231540_pd_nocomm_run03.json,Llama-3.1-8B-Instruct,meta-llama/Llama-3.1-8B-Instruct,pd,cycle,no_comm,no_comm,no_comm,neutral,16,5,3,0.8524590163934426,,,,,,,,0.046875,0.4375
Llama-3.1-8B-Instruct_cycle\baseline\no_comm\20260824_231540_pd_nocomm_run04.json,Llama-3.1-8B-Instruct,meta-llama/Llama-3.1-8B-Instruct,pd,cycle,no_comm,no_comm,no_comm,neutral,16,5,4,0.543859649122807,,,,,,,,0.109375,0.0625
Llama-3.1-8B-Instruct_cycle\baseline\no_comm\20260824_231540_pd_nocomm_run05.json,Llama-3.1-8B-Instruct,meta-llama/Llama-3.1-8B-Instruct,pd,cycle,no_comm,no_comm,no_comm,neutral,16,5,5,0.45098039215686275,,,,,,,,0.203125,0.0
Llama-3.1-8B-Instruct_cycle\baseline\no_comm\20260824_231540_sh_nocomm_run01.json,Llama-3.1-8B-Instruct,meta-llama/Llama-3.1-8B-Instruct,sh,cycle,no_comm,no_comm,no_comm,neutral,16,5,1,0.7833333333333333,,,,,,,,0.0625,0.3125
Llama-3.1-8B-Instruct_cycle\baseline\no_comm\20260824_231540_sh_nocomm_run02.json,Llama-3.1-8B-Instruct,meta-llama/Llama-3.1-8B-Instruct,sh,cycle,no_comm,no_comm,no_comm,neutral,16,5,2,0.5254237288135594,,,,,,,,0.078125,0.0625
Llama-3.1-8B-Instruct_cycle\baseline\no_comm\20260824_231540_sh_nocomm_run03.json,Llama-3.1-8B-Instruct,meta-llama/Llama-3.1-8B-Instruct,sh,cycle,no_comm,no_comm,no_comm,neutral,16,5,3,0.7924528301886793,,,,,,,,0.171875,0.375
Llama-3.1-8B-Instruct_cycle\baseline\no_comm\20260824_231540_sh_nocomm_run04.json,Llama-3.1-8B-Instruct,meta-llama/Llama-3.1-8B-Instruct,sh,cycle,no_comm,no_comm,no_comm,neutral,16,5,4,0.7272727272727273,,,,,,,,0.140625,0.1875
Llama-3.1-8B-Instruct_cycle\baseline\no_comm\20260824_231540_sh_nocomm_run05.json,Llama-3.1-8B-Instruct,meta-llama/Llama-3.1-8B-Instruct,sh,cycle,no_comm,no_comm,no_comm,neutral,16,5,5,0.6842105263157895,,,,,,,,0.109375,0.1875
Llama-3.1-8B-Instruct_cycle\counterfactual\cheap_talk\20260824_231853_pd_cheaptalk_run01.json,Llama-3.1-8B-Instruct,meta-llama/Llama-3.1-8B-Instruct,pd,cycle,cheap_talk,counterfactual,counterfactual,neutral,16,5,1,0.984375,,,,,,,,0.0,0.9375
Llama-3.1-8B-Instruct_cycle\counterfactual\cheap_talk\20260824_231853_pd_cheaptalk_run02.json,Llama-3.1-8B-Instruct,meta-llama/Llama-3.1-8B-Instruct,pd,cycle,cheap_talk,counterfactual,counterfactual,neutral,16,5,2,1.0,,,,,,,,0.0,1.0
Llama-3.1-8B-Instruct_cycle\counterfactual\cheap_talk\20260824_231853_pd_cheaptalk_run03.json,Llama-3.1-8B-Instruct,meta-llama/Llama-3.1-8B-Instruct,pd,cycle,cheap_talk,counterfactual,counterfactual,neutral,16,5,3,1.0,,,,,,,,0.015625,0.9375
Llama-3.1-8B-Instruct_cycle\counterfactual\cheap_talk\20260824_231853_pd_cheaptalk_run04.json,Llama-3.1-8B-Instruct,meta-llama/Llama-3.1-8B-Instruct,pd,cycle,cheap_talk,counterfactual,counterfactual,neutral,16,5,4,1.0,,,,,,,,0.0,1.0
Llama-3.1-8B-Instruct_cycle\counterfactual\cheap_talk\20260824_231853_pd_cheaptalk_run05.json,Llama-3.1-8B-Instruct,meta-llama/Llama-3.1-8B-Instruct,pd,cycle,cheap_talk,counterfactual,counterfactual,neutral,16,5,5,0.984375,,,,,,,,0.0,0.9375
Llama-3.1-8B-Instruct_cycle\counterfactual\cheap_talk\20260824_231853_sh_cheaptalk_run01.json,Llama-3.1-8B-Instruct,meta-llama/Llama-3.1-8B-Instruct,sh,cycle,cheap_talk,counterfactual,counterfactual,neutral,16,5,1,1.0,,,,,,,,0.0,1.0
Llama-3.1-8B-Instruct_cycle\counterfactual\cheap_talk\20260824_231853_sh_cheaptalk_run02.json,Llama-3.1-8B-Instruct,meta-llama/Llama-3.1-8B-Instruct,sh,cycle,cheap_talk,counterfactual,counterfactual,neutral,16,5,2,0.9375,,,,,,,,0.0,0.75
Llama-3.1-8B-Instruct_cycle\counterfactual\cheap_talk\20260824_231853_sh_cheaptalk_run03.json,Llama-3.1-8B-Instruct,meta-llama/Llama-3.1-8B-Instruct,sh,cycle,cheap_talk,counterfactual,counterfactual,neutral,16,5,3,0.96875,,,,,,,,0.0,0.875
Llama-3.1-8B-Instruct_cycle\counterfactual\cheap_talk\20260824_231853_sh_cheaptalk_run04.json,Llama-3.1-8B-Instruct,meta-llama/Llama-3.1-8B-Instruct,sh,cycle,cheap_talk,counterfactual,counterfactual,neutral,16,5,4,0.953125,,,,,,,,0.0,0.875
Llama-3.1-8B-Instruct_cycle\counterfactual\cheap_talk\20260824_231853_sh_cheaptalk_run05.json,Llama-3.1-8B-Instruct,meta-llama/Llama-3.1-8B-Instruct,sh,cycle,cheap_talk,counterfactual,counterfactual,neutral,16,5,5,0.953125,,,,,,,,0.0,0.8125
Llama-3.1-8B-Instruct_cycle\framing_business\cheap_talk\20260825_102540_pd_cheaptalk_run01.json,Llama-3.1-8B-Instruct,meta-llama/Llama-3.1-8B-Instruct,pd,cycle,cheap_talk,framing_business,framing_business,business,16,5,1,0.53125,,,,,,,,0.0,0.125
Llama-3.1-8B-Instruct_cycle\framing_business\cheap_talk\20260825_102540_pd_cheaptalk_run02.json,Llama-3.1-8B-Instruct,meta-llama/Llama-3.1-8B-Instruct,pd,cycle,cheap_talk,framing_business,framing_business,business,16,5,2,0.8125,,,,,,,,0.0,0.3125
Llama-3.1-8B-Instruct_cycle\framing_business\cheap_talk\20260825_102540_pd_cheaptalk_run03.json,Llama-3.1-8B-Instruct,meta-llama/Llama-3.1-8B-Instruct,pd,cycle,cheap_talk,framing_business,framing_business,business,16,5,3,0.859375,,,,,,,,0.0,0.5625
Llama-3.1-8B-Instruct_cycle\framing_business\cheap_talk\20260825_102540_pd_cheaptalk_run04.json,Llama-3.1-8B-Instruct,meta-llama/Llama-3.1-8B-Instruct,pd,cycle,cheap_talk,framing_business,framing_business,business,16,5,4,0.703125,,,,,,,,0.0,0.4375
Llama-3.1-8B-Instruct_cycle\framing_business\cheap_talk\20260825_102540_pd_cheaptalk_run05.json,Llama-3.1-8B-Instruct,meta-llama/Llama-3.1-8B-Instruct,pd,cycle,cheap_talk,framing_business,framing_business,business,16,5,5,1.0,,,,,,,,0.0,1.0
Llama-3.1-8B-Instruct_cycle\framing_business\cheap_talk\20260825_102540_sh_cheaptalk_run01.json,Llama-3.1-8B-Instruct,meta-llama/Llama-3.1-8B-Instruct,sh,cycle,cheap_talk,framing_business,framing_business,business,16,5,1,0.8571428571428571,,,,,,,,0.015625,0.5625
Llama-3.1-8B-Instruct_cycle\framing_business\cheap_talk\20260825_102540_sh_cheaptalk_run02.json,Llama-3.1-8B-Instruct,meta-llama/Llama-3.1-8B-Instruct,sh,cycle,cheap_talk,framing_business,framing_business,business,16,5,2,0.796875,,,,,,,,0.0,0.5625
Llama-3.1-8B-Instruct_cycle\framing_business\cheap_talk\20260825_102540_sh_cheaptalk_run03.json,Llama-3.1-8B-Instruct,meta-llama/Llama-3.1-8B-Instruct,sh,cycle,cheap_talk,framing_business,framing_business,business,16,5,3,0.8125,,,,,,,,0.0,0.375
Llama-3.1-8B-Instruct_cycle\framing_business\cheap_talk\20260825_102540_sh_cheaptalk_run04.json,Llama-3.1-8B-Instruct,meta-llama/Llama-3.1-8B-Instruct,sh,cycle,cheap_talk,framing_business,framing_business,business,16,5,4,0.703125,,,,,,,,0.0,0.25
Llama-3.1-8B-Instruct_cycle\framing_business\cheap_talk\20260825_102540_sh_cheaptalk_run05.json,Llama-3.1-8B-Instruct,meta-llama/Llama-3.1-8B-Instruct,sh,cycle,cheap_talk,framing_business,framing_business,business,16,5,5,0.7619047619047619,,,,,,,,0.015625,0.1875
Llama-3.1-8B-Instruct_cycle\framing_business_context\cheap_talk\20260825_213117_pd_cheaptalk_run01.json,Llama-3.1-8B-Instruct,meta-llama/Llama-3.1-8B-Instruct,pd,cycle,cheap_talk,framing_business_context,framing_business_context[cheap_talk],neutral,16,5,1,1.0,,,,,,,,0.0,1.0
Llama-3.1-8B-Instruct_cycle\framing_business_context\cheap_talk\20260825_213117_pd_cheaptalk_run02.json,Llama-3.1-8B-Instruct,meta-llama/Llama-3.1-8B-Instruct,pd,cycle,cheap_talk,framing_business_context,framing_business_context[cheap_talk],neutral,16,5,2,1.0,,,,,,,,0.0,1.0
Llama-3.1-8B-Instruct_cycle\framing_business_context\cheap_talk\20260825_213117_pd_cheaptalk_run03.json,Llama-3.1-8B-Instruct,meta-llama/Llama-3.1-8B-Instruct,pd,cycle,cheap_talk,framing_business_context,framing_business_context[cheap_talk],neutral,16,5,3,1.0,,,,,,,,0.0,1.0
Llama-3.1-8B-Instruct_cycle\framing_business_context\cheap_talk\20260825_213117_pd_cheaptalk_run04.json,Llama-3.1-8B-Instruct,meta-llama/Llama-3.1-8B-Instruct,pd,cycle,cheap_talk,framing_business_context,framing_business_context[cheap_talk],neutral,16,5,4,1.0,,,,,,,,0.0,1.0
Llama-3.1-8B-Instruct_cycle\framing_business_context\cheap_talk\20260825_213117_pd_cheaptalk_run05.json,Llama-3.1-8B-Instruct,meta-llama/Llama-3.1-8B-Instruct,pd,cycle,cheap_talk,framing_business_context,framing_business_context[cheap_talk],neutral,16,5,5,0.890625,,,,,,,,0.0,0.625
Llama-3.1-8B-Instruct_cycle\framing_business_context\cheap_talk\20260825_213117_sh_cheaptalk_run01.json,Llama-3.1-8B-Instruct,meta-llama/Llama-3.1-8B-Instruct,sh,cycle,cheap_talk,framing_business_context,framing_business_context[cheap_talk],neutral,16,5,1,0.96875,,,,,,,,0.0,0.875
Llama-3.1-8B-Instruct_cycle\framing_business_context\cheap_talk\20260825_213117_sh_cheaptalk_run02.json,Llama-3.1-8B-Instruct,meta-llama/Llama-3.1-8B-Instruct,sh,cycle,cheap_talk,framing_business_context,framing_business_context[cheap_talk],neutral,16,5,2,0.921875,,,,,,,,0.0,0.6875
Llama-3.1-8B-Instruct_cycle\framing_business_context\cheap_talk\20260825_213117_sh_cheaptalk_run03.json,Llama-3.1-8B-Instruct,meta-llama/Llama-3.1-8B-Instruct,sh,cycle,cheap_talk,framing_business_context,framing_business_context[cheap_talk],neutral,16,5,3,0.9375,,,,,,,,0.0,0.8125
Llama-3.1-8B-Instruct_cycle\framing_business_context\cheap_talk\20260825_213117_sh_cheaptalk_run04.json,Llama-3.1-8B-Instruct,meta-llama/Llama-3.1-8B-Instruct,sh,cycle,cheap_talk,framing_business_context,framing_business_context[cheap_talk],neutral,16,5,4,1.0,,,,,,,,0.0,1.0
Llama-3.1-8B-Instruct_cycle\framing_business_context\cheap_talk\20260825_213117_sh_cheaptalk_run05.json,Llama-3.1-8B-Instruct,meta-llama/Llama-3.1-8B-Instruct,sh,cycle,cheap_talk,framing_business_context,framing_business_context[cheap_talk],neutral,16,5,5,0.8125,,,,,,,,0.0,0.625
Llama-3.1-8B-Instruct_cycle\framing_business_context\no_comm\20260825_213117_pd_nocomm_run01.json,Llama-3.1-8B-Instruct,meta-llama/Llama-3.1-8B-Instruct,pd,cycle,no_comm,framing_business_context,framing_business_context[no_comm],neutral,16,5,1,0.43103448275862066,,,,,,,,0.09375,0.0
Llama-3.1-8B-Instruct_cycle\framing_business_context\no_comm\20260825_213117_pd_nocomm_run02.json,Llama-3.1-8B-Instruct,meta-llama/Llama-3.1-8B-Instruct,pd,cycle,no_comm,framing_business_context,framing_business_context[no_comm],neutral,16,5,2,0.5932203389830508,,,,,,,,0.078125,0.125
Llama-3.1-8B-Instruct_cycle\framing_business_context\no_comm\20260825_213117_pd_nocomm_run03.json,Llama-3.1-8B-Instruct,meta-llama/Llama-3.1-8B-Instruct,pd,cycle,no_comm,framing_business_context,framing_business_context[no_comm],neutral,16,5,3,0.3770491803278688,,,,,,,,0.046875,0.0625
Llama-3.1-8B-Instruct_cycle\framing_business_context\no_comm\20260825_213117_pd_nocomm_run04.json,Llama-3.1-8B-Instruct,meta-llama/Llama-3.1-8B-Instruct,pd,cycle,no_comm,framing_business_context,framing_business_context[no_comm],neutral,16,5,4,0.45,,,,,,,,0.0625,0.0
Llama-3.1-8B-Instruct_cycle\framing_business_context\no_comm\20260825_213117_pd_nocomm_run05.json,Llama-3.1-8B-Instruct,meta-llama/Llama-3.1-8B-Instruct,pd,cycle,no_comm,framing_business_context,framing_business_context[no_comm],neutral,16,5,5,0.75,,,,,,,,0.0625,0.375
Llama-3.1-8B-Instruct_cycle\framing_business_context\no_comm\20260825_213117_sh_nocomm_run01.json,Llama-3.1-8B-Instruct,meta-llama/Llama-3.1-8B-Instruct,sh,cycle,no_comm,framing_business_context,framing_business_context[no_comm],neutral,16,5,1,0.55,,,,,,,,0.0625,0.0625
Llama-3.1-8B-Instruct_cycle\framing_business_context\no_comm\20260825_213117_sh_nocomm_run02.json,Llama-3.1-8B-Instruct,meta-llama/Llama-3.1-8B-Instruct,sh,cycle,no_comm,framing_business_context,framing_business_context[no_comm],neutral,16,5,2,0.7931034482758621,,,,,,,,0.09375,0.4375
Llama-3.1-8B-Instruct_cycle\framing_business_context\no_comm\20260825_213117_sh_nocomm_run03.json,Llama-3.1-8B-Instruct,meta-llama/Llama-3.1-8B-Instruct,sh,cycle,no_comm,framing_business_context,framing_business_context[no_comm],neutral,16,5,3,0.7627118644067796,,,,,,,,0.078125,0.1875
Llama-3.1-8B-Instruct_cycle\framing_business_context\no_comm\20260825_213117_sh_nocomm_run04.json,Llama-3.1-8B-Instruct,meta-llama/Llama-3.1-8B-Instruct,sh,cycle,no_comm,framing_business_context,framing_business_context[no_comm],neutral,16,5,4,0.8360655737704918,,,,,,,,0.046875,0.5625
Llama-3.1-8B-Instruct_cycle\framing_business_context\no_comm\20260825_213117_sh_nocomm_run05.json,Llama-3.1-8B-Instruct,meta-llama/Llama-3.1-8B-Instruct,sh,cycle,no_comm,framing_business_context,framing_business_context[no_comm],neutral,16,5,5,0.711864406779661,,,,,,,,0.078125,0.125
Llama-3.1-8B-Instruct_cycle\framing_competitive\cheap_talk\20260825_110527_pd_cheaptalk_run01.json,Llama-3.1-8B-Instruct,meta-llama/Llama-3.1-8B-Instruct,pd,cycle,cheap_talk,framing_competitive,framing_competitive,competitive,16,5,1,0.265625,,,,,,,,0.0,0.0
Llama-3.1-8B-Instruct_cycle\framing_competitive\cheap_talk\20260825_110527_pd_cheaptalk_run02.json,Llama-3.1-8B-Instruct,meta-llama/Llama-3.1-8B-Instruct,pd,cycle,cheap_talk,framing_competitive,framing_competitive,competitive,16,5,2,0.47619047619047616,,,,,,,,0.015625,0.0625
Llama-3.1-8B-Instruct_cycle\framing_competitive\cheap_talk\20260825_110527_pd_cheaptalk_run03.json,Llama-3.1-8B-Instruct,meta-llama/Llama-3.1-8B-Instruct,pd,cycle,cheap_talk,framing_competitive,framing_competitive,competitive,16,5,3,0.25396825396825395,,,,,,,,0.015625,0.0
Llama-3.1-8B-Instruct_cycle\framing_competitive\cheap_talk\20260825_110527_pd_cheaptalk_run04.json,Llama-3.1-8B-Instruct,meta-llama/Llama-3.1-8B-Instruct,pd,cycle,cheap_talk,framing_competitive,framing_competitive,competitive,16,5,4,0.3125,,,,,,,,0.0,0.0
Llama-3.1-8B-Instruct_cycle\framing_competitive\cheap_talk\20260825_110527_pd_cheaptalk_run05.json,Llama-3.1-8B-Instruct,meta-llama/Llama-3.1-8B-Instruct,pd,cycle,cheap_talk,framing_competitive,framing_competitive,competitive,16,5,5,0.2857142857142857,,,,,,,,0.015625,0.0
Llama-3.1-8B-Instruct_cycle\framing_competitive\cheap_talk\20260825_110527_sh_cheaptalk_run01.json,Llama-3.1-8B-Instruct,meta-llama/Llama-3.1-8B-Instruct,sh,cycle,cheap_talk,framing_competitive,framing_competitive,competitive,16,5,1,0.4444444444444444,,,,,,,,0.015625,0.0625
Llama-3.1-8B-Instruct_cycle\framing_competitive\cheap_talk\20260825_110527_sh_cheaptalk_run02.json,Llama-3.1-8B-Instruct,meta-llama/Llama-3.1-8B-Instruct,sh,cycle,cheap_talk,framing_competitive,framing_competitive,competitive,16,5,2,0.578125,,,,,,,,0.0,0.1875
Llama-3.1-8B-Instruct_cycle\framing_competitive\cheap_talk\20260825_110527_sh_cheaptalk_run03.json,Llama-3.1-8B-Instruct,meta-llama/Llama-3.1-8B-Instruct,sh,cycle,cheap_talk,framing_competitive,framing_competitive,competitive,16,5,3,0.5714285714285714,,,,,,,,0.015625,0.1875
Llama-3.1-8B-Instruct_cycle\framing_competitive\cheap_talk\20260825_110527_sh_cheaptalk_run04.json,Llama-3.1-8B-Instruct,meta-llama/Llama-3.1-8B-Instruct,sh,cycle,cheap_talk,framing_competitive,framing_competitive,competitive,16,5,4,0.59375,,,,,,,,0.0,0.0625
Llama-3.1-8B-Instruct_cycle\framing_competitive\cheap_talk\20260825_110527_sh_cheaptalk_run05.json,Llama-3.1-8B-Instruct,meta-llama/Llama-3.1-8B-Instruct,sh,cycle,cheap_talk,framing_competitive,framing_competitive,competitive,16,5,5,0.59375,,,,,,,,0.0,0.1875
Llama-3.1-8B-Instruct_cycle\framing_competitive_context\cheap_talk\20260825_213217_pd_cheaptalk_run01.json,Llama-3.1-8B-Instruct,meta-llama/Llama-3.1-8B-Instruct,pd,cycle,cheap_talk,framing_competitive_context,framing_competitive_context[cheap_talk],neutral,16,5,1,0.984375,,,,,,,,0.0,0.9375
Llama-3.1-8B-Instruct_cycle\framing_competitive_context\cheap_talk\20260825_213217_pd_cheaptalk_run02.json,Llama-3.1-8B-Instruct,meta-llama/Llama-3.1-8B-Instruct,pd,cycle,cheap_talk,framing_competitive_context,framing_competitive_context[cheap_talk],neutral,16,5,2,0.96875,,,,,,,,0.0,0.875
Llama-3.1-8B-Instruct_cycle\framing_competitive_context\cheap_talk\20260825_213217_pd_cheaptalk_run03.json,Llama-3.1-8B-Instruct,meta-llama/Llama-3.1-8B-Instruct,pd,cycle,cheap_talk,framing_competitive_context,framing_competitive_context[cheap_talk],neutral,16,5,3,1.0,,,,,,,,0.015625,0.9375
Llama-3.1-8B-Instruct_cycle\framing_competitive_context\cheap_talk\20260825_213217_pd_cheaptalk_run04.json,Llama-3.1-8B-Instruct,meta-llama/Llama-3.1-8B-Instruct,pd,cycle,cheap_talk,framing_competitive_context,framing_competitive_context[cheap_talk],neutral,16,5,4,1.0,,,,,,,,0.0,1.0
Llama-3.1-8B-Instruct_cycle\framing_competitive_context\cheap_talk\20260825_213217_pd_cheaptalk_run05.json,Llama-3.1-8B-Instruct,meta-llama/Llama-3.1-8B-Instruct,pd,cycle,cheap_talk,framing_competitive_context,framing_competitive_context[cheap_talk],neutral,16,5,5,0.9523809523809523,,,,,,,,0.015625,0.75
Llama-3.1-8B-Instruct_cycle\framing_competitive_context\cheap_talk\20260825_213217_sh_cheaptalk_run01.json,Llama-3.1-8B-Instruct,meta-llama/Llama-3.1-8B-Instruct,sh,cycle,cheap_talk,framing_competitive_context,framing_competitive_context[cheap_talk],neutral,16,5,1,0.96875,,,,,,,,0.0,0.875
Llama-3.1-8B-Instruct_cycle\framing_competitive_context\cheap_talk\20260825_213217_sh_cheaptalk_run02.json,Llama-3.1-8B-Instruct,meta-llama/Llama-3.1-8B-Instruct,sh,cycle,cheap_talk,framing_competitive_context,framing_competitive_context[cheap_talk],neutral,16,5,2,0.921875,,,,,,,,0.0,0.6875
Llama-3.1-8B-Instruct_cycle\framing_competitive_context\cheap_talk\20260825_213217_sh_cheaptalk_run03.json,Llama-3.1-8B-Instruct,meta-llama/Llama-3.1-8B-Instruct,sh,cycle,cheap_talk,framing_competitive_context,framing_competitive_context[cheap_talk],neutral,16,5,3,1.0,,,,,,,,0.0,1.0
Llama-3.1-8B-Instruct_cycle\framing_competitive_context\cheap_talk\20260825_213217_sh_cheaptalk_run04.json,Llama-3.1-8B-Instruct,meta-llama/Llama-3.1-8B-Instruct,sh,cycle,cheap_talk,framing_competitive_context,framing_competitive_context[cheap_talk],neutral,16,5,4,1.0,,,,,,,,0.0,1.0
Llama-3.1-8B-Instruct_cycle\framing_competitive_context\cheap_talk\20260825_213217_sh_cheaptalk_run05.json,Llama-3.1-8B-Instruct,meta-llama/Llama-3.1-8B-Instruct,sh,cycle,cheap_talk,framing_competitive_context,framing_competitive_context[cheap_talk],neutral,16,5,5,0.96875,,,,,,,,0.0,0.9375
Llama-3.1-8B-Instruct_cycle\framing_competitive_context\no_comm\20260825_213217_pd_nocomm_run01.json,Llama-3.1-8B-Instruct,meta-llama/Llama-3.1-8B-Instruct,pd,cycle,no_comm,framing_competitive_context,framing_competitive_context[no_comm],neutral,16,5,1,0.3709677419354839,,,,,,,,0.03125,0.125
Llama-3.1-8B-Instruct_cycle\framing_competitive_context\no_comm\20260825_213217_pd_nocomm_run02.json,Llama-3.1-8B-Instruct,meta-llama/Llama-3.1-8B-Instruct,pd,cycle,no_comm,framing_competitive_context,framing_competitive_context[no_comm],neutral,16,5,2,0.4489795918367347,,,,,,,,0.234375,0.0
Llama-3.1-8B-Instruct_cycle\framing_competitive_context\no_comm\20260825_213217_pd_nocomm_run03.json,Llama-3.1-8B-Instruct,meta-llama/Llama-3.1-8B-Instruct,pd,cycle,no_comm,framing_competitive_context,framing_competitive_context[no_comm],neutral,16,5,3,0.4,,,,,,,,0.140625,0.0
Llama-3.1-8B-Instruct_cycle\framing_competitive_context\no_comm\20260825_213217_pd_nocomm_run04.json,Llama-3.1-8B-Instruct,meta-llama/Llama-3.1-8B-Instruct,pd,cycle,no_comm,framing_competitive_context,framing_competitive_context[no_comm],neutral,16,5,4,0.5714285714285714,,,,,,,,0.125,0.1875
Llama-3.1-8B-Instruct_cycle\framing_competitive_context\no_comm\20260825_213217_pd_nocomm_run05.json,Llama-3.1-8B-Instruct,meta-llama/Llama-3.1-8B-Instruct,pd,cycle,no_comm,framing_competitive_context,framing_competitive_context[no_comm],neutral,16,5,5,0.4666666666666667,,,,,,,,0.0625,0.0625
Llama-3.1-8B-Instruct_cycle\framing_competitive_context\no_comm\20260825_213217_sh_nocomm_run01.json,Llama-3.1-8B-Instruct,meta-llama/Llama-3.1-8B-Instruct,sh,cycle,no_comm,framing_competitive_context,framing_competitive_context[no_comm],neutral,16,5,1,0.6111111111111112,,,,,,,,0.15625,0.125
Llama-3.1-8B-Instruct_cycle\framing_competitive_context\no_comm\20260825_213217_sh_nocomm_run02.json,Llama-3.1-8B-Instruct,meta-llama/Llama-3.1-8B-Instruct,sh,cycle,no_comm,framing_competitive_context,framing_competitive_context[no_comm],neutral,16,5,2,0.5769230769230769,,,,,,,,0.1875,0.0625
Llama-3.1-8B-Instruct_cycle\framing_competitive_context\no_comm\20260825_213217_sh_nocomm_run03.json,Llama-3.1-8B-Instruct,meta-llama/Llama-3.1-8B-Instruct,sh,cycle,no_comm,framing_competitive_context,framing_competitive_context[no_comm],neutral,16,5,3,0.38596491228070173,,,,,,,,0.109375,0.0
Llama-3.1-8B-Instruct_cycle\framing_competitive_context\no_comm\20260825_213217_sh_nocomm_run04.json,Llama-3.1-8B-Instruct,meta-llama/Llama-3.1-8B-Instruct,sh,cycle,no_comm,framing_competitive_context,framing_competitive_context[no_comm],neutral,16,5,4,0.6071428571428571,,,,,,,,0.125,0.125
Llama-3.1-8B-Instruct_cycle\framing_competitive_context\no_comm\20260825_213217_sh_nocomm_run05.json,Llama-3.1-8B-Instruct,meta-llama/Llama-3.1-8B-Instruct,sh,cycle,no_comm,framing_competitive_context,framing_competitive_context[no_comm],neutral,16,5,5,0.5849056603773585,,,,,,,,0.171875,0.125
Llama-3.1-8B-Instruct_cycle\framing_team\cheap_talk\20260825_102540_pd_cheaptalk_run01.json,Llama-3.1-8B-Instruct,meta-llama/Llama-3.1-8B-Instruct,pd,cycle,cheap_talk,framing_team,framing_team,team,16,5,1,0.921875,,,,,,,,0.0,0.75
Llama-3.1-8B-Instruct_cycle\framing_team\cheap_talk\20260825_102540_pd_cheaptalk_run02.json,Llama-3.1-8B-Instruct,meta-llama/Llama-3.1-8B-Instruct,pd,cycle,cheap_talk,framing_team,framing_team,team,16,5,2,0.8125,,,,,,,,0.0,0.375
Llama-3.1-8B-Instruct_cycle\framing_team\cheap_talk\20260825_102540_pd_cheaptalk_run03.json,Llama-3.1-8B-Instruct,meta-llama/Llama-3.1-8B-Instruct,pd,cycle,cheap_talk,framing_team,framing_team,team,16,5,3,0.40625,,,,,,,,0.0,0.0
Llama-3.1-8B-Instruct_cycle\framing_team\cheap_talk\20260825_102540_pd_cheaptalk_run04.json,Llama-3.1-8B-Instruct,meta-llama/Llama-3.1-8B-Instruct,pd,cycle,cheap_talk,framing_team,framing_team,team,16,5,4,0.671875,,,,,,,,0.0,0.25
Llama-3.1-8B-Instruct_cycle\framing_team\cheap_talk\20260825_102540_pd_cheaptalk_run05.json,Llama-3.1-8B-Instruct,meta-llama/Llama-3.1-8B-Instruct,pd,cycle,cheap_talk,framing_team,framing_team,team,16,5,5,0.5873015873015873,,,,,,,,0.015625,0.1875
Llama-3.1-8B-Instruct_cycle\framing_team\cheap_talk\20260825_102540_sh_cheaptalk_run01.json,Llama-3.1-8B-Instruct,meta-llama/Llama-3.1-8B-Instruct,sh,cycle,cheap_talk,framing_team,framing_team,team,16,5,1,0.671875,,,,,,,,0.0,0.375
Llama-3.1-8B-Instruct_cycle\framing_team\cheap_talk\20260825_102540_sh_cheaptalk_run02.json,Llama-3.1-8B-Instruct,meta-llama/Llama-3.1-8B-Instruct,sh,cycle,cheap_talk,framing_team,framing_team,team,16,5,2,0.765625,,,,,,,,0.0,0.5
Llama-3.1-8B-Instruct_cycle\framing_team\cheap_talk\20260825_102540_sh_cheaptalk_run03.json,Llama-3.1-8B-Instruct,meta-llama/Llama-3.1-8B-Instruct,sh,cycle,cheap_talk,framing_team,framing_team,team,16,5,3,0.6875,,,,,,,,0.0,0.375
Llama-3.1-8B-Instruct_cycle\framing_team\cheap_talk\20260825_102540_sh_cheaptalk_run04.json,Llama-3.1-8B-Instruct,meta-llama/Llama-3.1-8B-Instruct,sh,cycle,cheap_talk,framing_team,framing_team,team,16,5,4,0.703125,,,,,,,,0.0,0.25
Llama-3.1-8B-Instruct_cycle\framing_team\cheap_talk\20260825_102540_sh_cheaptalk_run05.json,Llama-3.1-8B-Instruct,meta-llama/Llama-3.1-8B-Instruct,sh,cycle,cheap_talk,framing_team,framing_team,team,16,5,5,0.625,,,,,,,,0.0,0.125
Llama-3.1-8B-Instruct_cycle\framing_team_context\cheap_talk\20260825_213117_pd_cheaptalk_run01.json,Llama-3.1-8B-Instruct,meta-llama/Llama-3.1-8B-Instruct,pd,cycle,cheap_talk,framing_team_context,framing_team_context[cheap_talk],neutral,16,5,1,1.0,,,,,,,,0.0,1.0
Llama-3.1-8B-Instruct_cycle\framing_team_context\cheap_talk\20260825_213117_pd_cheaptalk_run02.json,Llama-3.1-8B-Instruct,meta-llama/Llama-3.1-8B-Instruct,pd,cycle,cheap_talk,framing_team_context,framing_team_context[cheap_talk],neutral,16,5,2,1.0,,,,,,,,0.0,1.0
Llama-3.1-8B-Instruct_cycle\framing_team_context\cheap_talk\20260825_213117_pd_cheaptalk_run03.json,Llama-3.1-8B-Instruct,meta-llama/Llama-3.1-8B-Instruct,pd,cycle,cheap_talk,framing_team_context,framing_team_context[cheap_talk],neutral,16,5,3,1.0,,,,,,,,0.0,1.0
Llama-3.1-8B-Instruct_cycle\framing_team_context\cheap_talk\20260825_213117_pd_cheaptalk_run04.json,Llama-3.1-8B-Instruct,meta-llama/Llama-3.1-8B-Instruct,pd,cycle,cheap_talk,framing_team_context,framing_team_context[cheap_talk],neutral,16,5,4,0.96875,,,,,,,,0.0,0.875
Llama-3.1-8B-Instruct_cycle\framing_team_context\cheap_talk\20260825_213117_pd_cheaptalk_run05.json,Llama-3.1-8B-Instruct,meta-llama/Llama-3.1-8B-Instruct,pd,cycle,cheap_talk,framing_team_context,framing_team_context[cheap_talk],neutral,16,5,5,1.0,,,,,,,,0.0,1.0
Llama-3.1-8B-Instruct_cycle\framing_team_context\cheap_talk\20260825_213117_sh_cheaptalk_run01.json,Llama-3.1-8B-Instruct,meta-llama/Llama-3.1-8B-Instruct,sh,cycle,cheap_talk,framing_team_context,framing_team_context[cheap_talk],neutral,16,5,1,0.84375,,,,,,,,0.0,0.6875
Llama-3.1-8B-Instruct_cycle\framing_team_context\cheap_talk\20260825_213117_sh_cheaptalk_run02.json,Llama-3.1-8B-Instruct,meta-llama/Llama-3.1-8B-Instruct,sh,cycle,cheap_talk,framing_team_context,framing_team_context[cheap_talk],neutral,16,5,2,0.96875,,,,,,,,0.0,0.9375
Llama-3.1-8B-Instruct_cycle\framing_team_context\cheap_talk\20260825_213117_sh_cheaptalk_run03.json,Llama-3.1-8B-Instruct,meta-llama/Llama-3.1-8B-Instruct,sh,cycle,cheap_talk,framing_team_context,framing_team_context[cheap_talk],neutral,16,5,3,0.8125,,,,,,,,0.0,0.5625
Llama-3.1-8B-Instruct_cycle\framing_team_context\cheap_talk\20260825_213117_sh_cheaptalk_run04.json,Llama-3.1-8B-Instruct,meta-llama/Llama-3.1-8B-Instruct,sh,cycle,cheap_talk,framing_team_context,framing_team_context[cheap_talk],neutral,16,5,4,0.78125,,,,,,,,0.0,0.5
Llama-3.1-8B-Instruct_cycle\framing_team_context\cheap_talk\20260825_213117_sh_cheaptalk_run05.json,Llama-3.1-8B-Instruct,meta-llama/Llama-3.1-8B-Instruct,sh,cycle,cheap_talk,framing_team_context,framing_team_context[cheap_talk],neutral,16,5,5,0.9375,,,,,,,,0.0,0.875
Llama-3.1-8B-Instruct_cycle\framing_team_context\no_comm\20260825_213117_pd_nocomm_run01.json,Llama-3.1-8B-Instruct,meta-llama/Llama-3.1-8B-Instruct,pd,cycle,no_comm,framing_team_context,framing_team_context[no_comm],neutral,16,5,1,0.6779661016949152,,,,,,,,0.078125,0.1875
Llama-3.1-8B-Instruct_cycle\framing_team_context\no_comm\20260825_213117_pd_nocomm_run02.json,Llama-3.1-8B-Instruct,meta-llama/Llama-3.1-8B-Instruct,pd,cycle,no_comm,framing_team_context,framing_team_context[no_comm],neutral,16,5,2,1.0,,,,,,,,0.03125,0.875
Llama-3.1-8B-Instruct_cycle\framing_team_context\no_comm\20260825_213117_pd_nocomm_run03.json,Llama-3.1-8B-Instruct,meta-llama/Llama-3.1-8B-Instruct,pd,cycle,no_comm,framing_team_context,framing_team_context[no_comm],neutral,16,5,3,0.9137931034482759,,,,,,,,0.09375,0.4375
Llama-3.1-8B-Instruct_cycle\framing_team_context\no_comm\20260825_213117_pd_nocomm_run04.json,Llama-3.1-8B-Instruct,meta-llama/Llama-3.1-8B-Instruct,pd,cycle,no_comm,framing_team_context,framing_team_context[no_comm],neutral,16,5,4,0.8235294117647058,,,,,,,,0.203125,0.3125
Llama-3.1-8B-Instruct_cycle\framing_team_context\no_comm\20260825_213117_pd_nocomm_run05.json,Llama-3.1-8B-Instruct,meta-llama/Llama-3.1-8B-Instruct,pd,cycle,no_comm,framing_team_context,framing_team_context[no_comm],neutral,16,5,5,1.0,,,,,,,,0.0,1.0
Llama-3.1-8B-Instruct_cycle\framing_team_context\no_comm\20260825_213117_sh_nocomm_run01.json,Llama-3.1-8B-Instruct,meta-llama/Llama-3.1-8B-Instruct,sh,cycle,no_comm,framing_team_context,framing_team_context[no_comm],neutral,16,5,1,0.7413793103448276,,,,,,,,0.09375,0.25
Llama-3.1-8B-Instruct_cycle\framing_team_context\no_comm\20260825_213117_sh_nocomm_run02.json,Llama-3.1-8B-Instruct,meta-llama/Llama-3.1-8B-Instruct,sh,cycle,no_comm,framing_team_context,framing_team_context[no_comm],neutral,16,5,2,0.7540983606557377,,,,,,,,0.046875,0.375
Llama-3.1-8B-Instruct_cycle\framing_team_context\no_comm\20260825_213117_sh_nocomm_run03.json,Llama-3.1-8B-Instruct,meta-llama/Llama-3.1-8B-Instruct,sh,cycle,no_comm,framing_team_context,framing_team_context[no_comm],neutral,16,5,3,0.5932203389830508,,,,,,,,0.078125,0.0625
Llama-3.1-8B-Instruct_cycle\framing_team_context\no_comm\20260825_213117_sh_nocomm_run04.json,Llama-3.1-8B-Instruct,meta-llama/Llama-3.1-8B-Instruct,sh,cycle,no_comm,framing_team_context,framing_team_context[no_comm],neutral,16,5,4,0.7377049180327869,,,,,,,,0.046875,0.125
Llama-3.1-8B-Instruct_cycle\framing_team_context\no_comm\20260825_213117_sh_nocomm_run05.json,Llama-3.1-8B-Instruct,meta-llama/Llama-3.1-8B-Instruct,sh,cycle,no_comm,framing_team_context,framing_team_context[no_comm],neutral,16,5,5,0.6071428571428571,,,,,,,,0.125,0.125
Llama-3.1-8B-Instruct_cycle\no_sense\cheap_talk\20260824_231540_pd_cheaptalk_run01.json,Llama-3.1-8B-Instruct,meta-llama/Llama-3.1-8B-Instruct,pd,cycle,cheap_talk,no_sense,no_sense,neutral,16,5,1,0.453125,,,,,,,,0.0,0.0625
Llama-3.1-8B-Instruct_cycle\no_sense\cheap_talk\20260824_231540_pd_cheaptalk_run02.json,Llama-3.1-8B-Instruct,meta-llama/Llama-3.1-8B-Instruct,pd,cycle,cheap_talk,no_sense,no_sense,neutral,16,5,2,0.765625,,,,,,,,0.0,0.3125
Llama-3.1-8B-Instruct_cycle\no_sense\cheap_talk\20260824_231540_pd_cheaptalk_run03.json,Llama-3.1-8B-Instruct,meta-llama/Llama-3.1-8B-Instruct,pd,cycle,cheap_talk,no_sense,no_sense,neutral,16,5,3,0.7419354838709677,,,,,,,,0.03125,0.25
Llama-3.1-8B-Instruct_cycle\no_sense\cheap_talk\20260824_231540_pd_cheaptalk_run04.json,Llama-3.1-8B-Instruct,meta-llama/Llama-3.1-8B-Instruct,pd,cycle,cheap_talk,no_sense,no_sense,neutral,16,5,4,0.828125,,,,,,,,0.0,0.5625
Llama-3.1-8B-Instruct_cycle\no_sense\cheap_talk\20260824_231540_pd_cheaptalk_run05.json,Llama-3.1-8B-Instruct,meta-llama/Llama-3.1-8B-Instruct,pd,cycle,cheap_talk,no_sense,no_sense,neutral,16,5,5,0.34375,,,,,,,,0.0,0.0
Llama-3.1-8B-Instruct_cycle\no_sense\cheap_talk\20260824_231540_sh_cheaptalk_run01.json,Llama-3.1-8B-Instruct,meta-llama/Llama-3.1-8B-Instruct,sh,cycle,cheap_talk,no_sense,no_sense,neutral,16,5,1,0.84375,,,,,,,,0.0,0.5
Llama-3.1-8B-Instruct_cycle\no_sense\cheap_talk\20260824_231540_sh_cheaptalk_run02.json,Llama-3.1-8B-Instruct,meta-llama/Llama-3.1-8B-Instruct,sh,cycle,cheap_talk,no_sense,no_sense,neutral,16,5,2,0.6875,,,,,,,,0.0,0.1875
Llama-3.1-8B-Instruct_cycle\no_sense\cheap_talk\20260824_231540_sh_cheaptalk_run03.json,Llama-3.1-8B-Instruct,meta-llama/Llama-3.1-8B-Instruct,sh,cycle,cheap_talk,no_sense,no_sense,neutral,16,5,3,0.8125,,,,,,,,0.0,0.375
Llama-3.1-8B-Instruct_cycle\no_sense\cheap_talk\20260824_231540_sh_cheaptalk_run04.json,Llama-3.1-8B-Instruct,meta-llama/Llama-3.1-8B-Instruct,sh,cycle,cheap_talk,no_sense,no_sense,neutral,16,5,4,0.578125,,,,,,,,0.0,0.125
Llama-3.1-8B-Instruct_cycle\no_sense\cheap_talk\20260824_231540_sh_cheaptalk_run05.json,Llama-3.1-8B-Instruct,meta-llama/Llama-3.1-8B-Instruct,sh,cycle,cheap_talk,no_sense,no_sense,neutral,16,5,5,0.78125,,,,,,,,0.0,0.375
Llama-3.1-8B-Instruct_cycle\silence\cheap_talk\20260824_231853_pd_cheaptalk_run01.json,Llama-3.1-8B-Instruct,meta-llama/Llama-3.1-8B-Instruct,pd,cycle,cheap_talk,silence,silence,neutral,16,5,1,0.36507936507936506,,,,,,,,0.015625,0.0625
Llama-3.1-8B-Instruct_cycle\silence\cheap_talk\20260824_231853_pd_cheaptalk_run02.json,Llama-3.1-8B-Instruct,meta-llama/Llama-3.1-8B-Instruct,pd,cycle,cheap_talk,silence,silence,neutral,16,5,2,0.39344262295081966,,,,,,,,0.046875,0.0625
Llama-3.1-8B-Instruct_cycle\silence\cheap_talk\20260824_231853_pd_cheaptalk_run03.json,Llama-3.1-8B-Instruct,meta-llama/Llama-3.1-8B-Instruct,pd,cycle,cheap_talk,silence,silence,neutral,16,5,3,0.9838709677419355,,,,,,,,0.03125,0.8125
Llama-3.1-8B-Instruct_cycle\silence\cheap_talk\20260824_231853_pd_cheaptalk_run04.json,Llama-3.1-8B-Instruct,meta-llama/Llama-3.1-8B-Instruct,pd,cycle,cheap_talk,silence,silence,neutral,16,5,4,0.9523809523809523,,,,,,,,0.015625,0.75
Llama-3.1-8B-Instruct_cycle\silence\cheap_talk\20260824_231853_pd_cheaptalk_run05.json,Llama-3.1-8B-Instruct,meta-llama/Llama-3.1-8B-Instruct,pd,cycle,cheap_talk,silence,silence,neutral,16,5,5,0.9833333333333333,,,,,,,,0.0625,0.6875
Llama-3.1-8B-Instruct_cycle\silence\cheap_talk\20260824_231853_sh_cheaptalk_run01.json,Llama-3.1-8B-Instruct,meta-llama/Llama-3.1-8B-Instruct,sh,cycle,cheap_talk,silence,silence,neutral,16,5,1,0.819672131147541,,,,,,,,0.046875,0.3125
Llama-3.1-8B-Instruct_cycle\silence\cheap_talk\20260824_231853_sh_cheaptalk_run02.json,Llama-3.1-8B-Instruct,meta-llama/Llama-3.1-8B-Instruct,sh,cycle,cheap_talk,silence,silence,neutral,16,5,2,0.4426229508196721,,,,,,,,0.046875,0.0
Llama-3.1-8B-Instruct_cycle\silence\cheap_talk\20260824_231853_sh_cheaptalk_run03.json,Llama-3.1-8B-Instruct,meta-llama/Llama-3.1-8B-Instruct,sh,cycle,cheap_talk,silence,silence,neutral,16,5,3,0.7419354838709677,,,,,,,,0.03125,0.0
Llama-3.1-8B-Instruct_cycle\silence\cheap_talk\20260824_231853_sh_cheaptalk_run04.json,Llama-3.1-8B-Instruct,meta-llama/Llama-3.1-8B-Instruct,sh,cycle,cheap_talk,silence,silence,neutral,16,5,4,0.7096774193548387,,,,,,,,0.03125,0.25
Llama-3.1-8B-Instruct_cycle\silence\cheap_talk\20260824_231853_sh_cheaptalk_run05.json,Llama-3.1-8B-Instruct,meta-llama/Llama-3.1-8B-Instruct,sh,cycle,cheap_talk,silence,silence,neutral,16,5,5,0.532258064516129,,,,,,,,0.03125,0.0
Qwen2.5-7B-Instruct_star\baseline\cheap_talk\20260511_124412_pd_cheaptalk_run01.json,Qwen2.5-7B-Instruct,Qwen/Qwen2.5-7B-Instruct,pd,star,cheap_talk,baseline_cheap_talk,baseline_cheap_talk,neutral,16,5,1,1.0,1.0,1.0,0.0,192.0,4.0,1.0,0.0,0.0,1.0
Qwen2.5-7B-Instruct_star\baseline\cheap_talk\20260511_124412_pd_cheaptalk_run02.json,Qwen2.5-7B-Instruct,Qwen/Qwen2.5-7B-Instruct,pd,star,cheap_talk,baseline_cheap_talk,baseline_cheap_talk,neutral,16,5,2,1.0,1.0,1.0,0.0,192.0,4.0,1.0,0.0,0.0,1.0
Qwen2.5-7B-Instruct_star\baseline\cheap_talk\20260511_124412_pd_cheaptalk_run03.json,Qwen2.5-7B-Instruct,Qwen/Qwen2.5-7B-Instruct,pd,star,cheap_talk,baseline_cheap_talk,baseline_cheap_talk,neutral,16,5,3,1.0,1.0,1.0,0.0,192.0,4.0,1.0,0.0,0.0,1.0
Qwen2.5-7B-Instruct_star\baseline\cheap_talk\20260511_124412_pd_cheaptalk_run04.json,Qwen2.5-7B-Instruct,Qwen/Qwen2.5-7B-Instruct,pd,star,cheap_talk,baseline_cheap_talk,baseline_cheap_talk,neutral,16,5,4,1.0,1.0,1.0,0.0,192.0,4.0,1.0,0.0,0.0,1.0
Qwen2.5-7B-Instruct_star\baseline\cheap_talk\20260511_124412_pd_cheaptalk_run05.json,Qwen2.5-7B-Instruct,Qwen/Qwen2.5-7B-Instruct,pd,star,cheap_talk,baseline_cheap_talk,baseline_cheap_talk,neutral,16,5,5,1.0,1.0,1.0,0.0,192.0,4.0,1.0,0.0,0.0,1.0
Qwen2.5-7B-Instruct_star\baseline\cheap_talk\20260511_124412_sh_cheaptalk_run01.json,Qwen2.5-7B-Instruct,Qwen/Qwen2.5-7B-Instruct,sh,star,cheap_talk,baseline_cheap_talk,baseline_cheap_talk,neutral,16,5,1,1.0,1.0,1.0,0.0,288.0,6.0,1.0,,0.0,1.0
Qwen2.5-7B-Instruct_star\baseline\cheap_talk\20260511_124412_sh_cheaptalk_run02.json,Qwen2.5-7B-Instruct,Qwen/Qwen2.5-7B-Instruct,sh,star,cheap_talk,baseline_cheap_talk,baseline_cheap_talk,neutral,16,5,2,1.0,1.0,1.0,0.0,288.0,6.0,1.0,,0.0,1.0
Qwen2.5-7B-Instruct_star\baseline\cheap_talk\20260511_124412_sh_cheaptalk_run03.json,Qwen2.5-7B-Instruct,Qwen/Qwen2.5-7B-Instruct,sh,star,cheap_talk,baseline_cheap_talk,baseline_cheap_talk,neutral,16,5,3,1.0,1.0,1.0,0.0,288.0,6.0,1.0,,0.0,1.0
Qwen2.5-7B-Instruct_star\baseline\cheap_talk\20260511_124412_sh_cheaptalk_run04.json,Qwen2.5-7B-Instruct,Qwen/Qwen2.5-7B-Instruct,sh,star,cheap_talk,baseline_cheap_talk,baseline_cheap_talk,neutral,16,5,4,1.0,1.0,1.0,0.0,288.0,6.0,1.0,,0.0,1.0
Qwen2.5-7B-Instruct_star\baseline\cheap_talk\20260511_124412_sh_cheaptalk_run05.json,Qwen2.5-7B-Instruct,Qwen/Qwen2.5-7B-Instruct,sh,star,cheap_talk,baseline_cheap_talk,baseline_cheap_talk,neutral,16,5,5,1.0,1.0,1.0,0.0,288.0,6.0,1.0,,0.0,1.0
Qwen2.5-7B-Instruct_star\baseline\no_comm\20260511_124412_pd_nocomm_run01.json,Qwen2.5-7B-Instruct,Qwen/Qwen2.5-7B-Instruct,pd,star,no_comm,no_comm,no_comm,neutral,16,5,1,0.046875,0.0,0.0625,-0.0625,108.0,1.9375,0.9555555555555556,,0.0,0.0
Qwen2.5-7B-Instruct_star\baseline\no_comm\20260511_124412_pd_nocomm_run02.json,Qwen2.5-7B-Instruct,Qwen/Qwen2.5-7B-Instruct,pd,star,no_comm,no_comm,no_comm,neutral,16,5,2,0.09375,0.0625,0.10416666666666667,-0.04166666666666667,111.0,2.1041666666666665,1.0,,0.0,0.0
Qwen2.5-7B-Instruct_star\baseline\no_comm\20260511_124412_pd_nocomm_run03.json,Qwen2.5-7B-Instruct,Qwen/Qwen2.5-7B-Instruct,pd,star,no_comm,no_comm,no_comm,neutral,16,5,3,0.078125,0.0625,0.08333333333333333,-0.02083333333333333,108.0,2.1458333333333335,0.9333333333333333,,0.0,0.0
Qwen2.5-7B-Instruct_star\baseline\no_comm\20260511_124412_pd_nocomm_run04.json,Qwen2.5-7B-Instruct,Qwen/Qwen2.5-7B-Instruct,pd,star,no_comm,no_comm,no_comm,neutral,16,5,4,0.0625,0.0625,0.0625,0.0,105.0,2.1875,0.9111111111111111,,0.0,0.0
Qwen2.5-7B-Instruct_star\baseline\no_comm\20260511_124412_pd_nocomm_run05.json,Qwen2.5-7B-Instruct,Qwen/Qwen2.5-7B-Instruct,pd,star,no_comm,no_comm,no_comm,neutral,16,5,5,0.140625,0.125,0.14583333333333334,-0.020833333333333343,116.0,2.3125,0.8444444444444444,,0.0,0.0
Qwen2.5-7B-Instruct_star\baseline\no_comm\20260511_124412_sh_nocomm_run01.json,Qwen2.5-7B-Instruct,Qwen/Qwen2.5-7B-Instruct,sh,star,no_comm,no_comm,no_comm,neutral,16,5,1,0.90625,0.9375,0.8958333333333334,0.04166666666666663,260.0,5.541666666666667,0.9111111111111111,,0.0,0.75
Qwen2.5-7B-Instruct_star\baseline\no_comm\20260511_124412_sh_nocomm_run02.json,Qwen2.5-7B-Instruct,Qwen/Qwen2.5-7B-Instruct,sh,star,no_comm,no_comm,no_comm,neutral,16,5,2,1.0,1.0,1.0,0.0,288.0,6.0,1.0,,0.0,1.0
Qwen2.5-7B-Instruct_star\baseline\no_comm\20260511_124412_sh_nocomm_run03.json,Qwen2.5-7B-Instruct,Qwen/Qwen2.5-7B-Instruct,sh,star,no_comm,no_comm,no_comm,neutral,16,5,3,0.96875,1.0,0.9583333333333334,0.04166666666666663,278.0,5.916666666666667,0.9777777777777777,,0.0,0.875
Qwen2.5-7B-Instruct_star\baseline\no_comm\20260511_124412_sh_nocomm_run04.json,Qwen2.5-7B-Instruct,Qwen/Qwen2.5-7B-Instruct,sh,star,no_comm,no_comm,no_comm,neutral,16,5,4,0.84375,0.8125,0.8541666666666666,-0.04166666666666663,241.0,4.895833333333333,0.8222222222222222,,0.0,0.625
Qwen2.5-7B-Instruct_star\baseline\no_comm\20260511_124412_sh_nocomm_run05.json,Qwen2.5-7B-Instruct,Qwen/Qwen2.5-7B-Instruct,sh,star,no_comm,no_comm,no_comm,neutral,16,5,5,0.9375,0.9375,0.9375,0.0,267.0,5.5625,0.9111111111111111,,0.0,0.75
Qwen2.5-7B-Instruct_star\counterfactual\cheap_talk\20260511_124412_pd_cheaptalk_run01.json,Qwen2.5-7B-Instruct,Qwen/Qwen2.5-7B-Instruct,pd,star,cheap_talk,counterfactual,counterfactual,neutral,16,5,1,0.5625,0.6875,0.5208333333333334,0.16666666666666663,141.0,3.7708333333333335,0.5333333333333333,0.3125,0.0,0.25
Qwen2.5-7B-Instruct_star\counterfactual\cheap_talk\20260511_124412_pd_cheaptalk_run02.json,Qwen2.5-7B-Instruct,Qwen/Qwen2.5-7B-Instruct,pd,star,cheap_talk,counterfactual,counterfactual,neutral,16,5,2,0.921875,1.0,0.8958333333333334,0.10416666666666663,177.0,4.208333333333333,0.8888888888888888,0.0,0.0,0.6875
Qwen2.5-7B-Instruct_star\counterfactual\cheap_talk\20260511_124412_pd_cheaptalk_run03.json,Qwen2.5-7B-Instruct,Qwen/Qwen2.5-7B-Instruct,pd,star,cheap_talk,counterfactual,counterfactual,neutral,16,5,3,0.796875,1.0,0.7291666666666666,0.27083333333333337,153.0,4.541666666666667,0.7111111111111111,0.0,0.0,0.3125
Qwen2.5-7B-Instruct_star\counterfactual\cheap_talk\20260511_124412_pd_cheaptalk_run04.json,Qwen2.5-7B-Instruct,Qwen/Qwen2.5-7B-Instruct,pd,star,cheap_talk,counterfactual,counterfactual,neutral,16,5,4,0.71875,0.875,0.6666666666666666,0.20833333333333337,152.0,4.208333333333333,0.6444444444444445,0.125,0.0,0.25
Qwen2.5-7B-Instruct_star\counterfactual\cheap_talk\20260511_124412_pd_cheaptalk_run05.json,Qwen2.5-7B-Instruct,Qwen/Qwen2.5-7B-Instruct,pd,star,cheap_talk,counterfactual,counterfactual,neutral,16,5,5,0.828125,1.0,0.7708333333333334,0.22916666666666663,159.0,4.458333333333333,0.8,0.0,0.0,0.5625
Qwen2.5-7B-Instruct_star\counterfactual\cheap_talk\20260511_124412_sh_cheaptalk_run01.json,Qwen2.5-7B-Instruct,Qwen/Qwen2.5-7B-Instruct,sh,star,cheap_talk,counterfactual,counterfactual,neutral,16,5,1,1.0,1.0,1.0,0.0,288.0,6.0,1.0,,0.0,1.0
Qwen2.5-7B-Instruct_star\counterfactual\cheap_talk\20260511_124412_sh_cheaptalk_run02.json,Qwen2.5-7B-Instruct,Qwen/Qwen2.5-7B-Instruct,sh,star,cheap_talk,counterfactual,counterfactual,neutral,16,5,2,1.0,1.0,1.0,0.0,288.0,6.0,1.0,,0.0,1.0
Qwen2.5-7B-Instruct_star\counterfactual\cheap_talk\20260511_124412_sh_cheaptalk_run03.json,Qwen2.5-7B-Instruct,Qwen/Qwen2.5-7B-Instruct,sh,star,cheap_talk,counterfactual,counterfactual,neutral,16,5,3,1.0,1.0,1.0,0.0,288.0,6.0,1.0,,0.0,1.0
Qwen2.5-7B-Instruct_star\counterfactual\cheap_talk\20260511_124412_sh_cheaptalk_run04.json,Qwen2.5-7B-Instruct,Qwen/Qwen2.5-7B-Instruct,sh,star,cheap_talk,counterfactual,counterfactual,neutral,16,5,4,0.984375,1.0,0.9791666666666666,0.02083333333333337,283.0,5.958333333333333,0.9777777777777777,,0.0,0.9375
Qwen2.5-7B-Instruct_star\counterfactual\cheap_talk\20260511_124412_sh_cheaptalk_run05.json,Qwen2.5-7B-Instruct,Qwen/Qwen2.5-7B-Instruct,sh,star,cheap_talk,counterfactual,counterfactual,neutral,16,5,5,0.984375,1.0,0.9791666666666666,0.02083333333333337,283.0,5.958333333333333,0.9777777777777777,,0.0,0.9375
Qwen2.5-7B-Instruct_star\framing_business\cheap_talk\20260612_095139_pd_cheaptalk_run01.json,Qwen2.5-7B-Instruct,Qwen/Qwen2.5-7B-Instruct,pd,star,cheap_talk,framing_business,framing_business,business,16,5,1,0.984375,1.0,0.9791666666666666,0.02083333333333337,189.0,4.041666666666667,0.9777777777777777,0.0,0.0,0.9375
Qwen2.5-7B-Instruct_star\framing_business\cheap_talk\20260612_095139_pd_cheaptalk_run02.json,Qwen2.5-7B-Instruct,Qwen/Qwen2.5-7B-Instruct,pd,star,cheap_talk,framing_business,framing_business,business,16,5,2,1.0,1.0,1.0,0.0,192.0,4.0,1.0,0.0,0.0,1.0
Qwen2.5-7B-Instruct_star\framing_business\cheap_talk\20260612_095139_pd_cheaptalk_run03.json,Qwen2.5-7B-Instruct,Qwen/Qwen2.5-7B-Instruct,pd,star,cheap_talk,framing_business,framing_business,business,16,5,3,0.96875,0.875,1.0,-0.125,204.0,3.625,0.9333333333333333,0.0,0.0,0.875
Qwen2.5-7B-Instruct_star\framing_business\cheap_talk\20260612_095139_pd_cheaptalk_run04.json,Qwen2.5-7B-Instruct,Qwen/Qwen2.5-7B-Instruct,pd,star,cheap_talk,framing_business,framing_business,business,16,5,4,0.953125,1.0,0.9375,0.0625,183.0,4.125,0.9333333333333333,0.0,0.0,0.8125
Qwen2.5-7B-Instruct_star\framing_business\cheap_talk\20260612_095139_pd_cheaptalk_run05.json,Qwen2.5-7B-Instruct,Qwen/Qwen2.5-7B-Instruct,pd,star,cheap_talk,framing_business,framing_business,business,16,5,5,1.0,1.0,1.0,0.0,192.0,4.0,1.0,0.0,0.0,1.0
Qwen2.5-7B-Instruct_star\framing_business\cheap_talk\20260612_095139_sh_cheaptalk_run01.json,Qwen2.5-7B-Instruct,Qwen/Qwen2.5-7B-Instruct,sh,star,cheap_talk,framing_business,framing_business,business,16,5,1,1.0,1.0,1.0,0.0,288.0,6.0,1.0,,0.0,1.0
Qwen2.5-7B-Instruct_star\framing_business\cheap_talk\20260612_095139_sh_cheaptalk_run02.json,Qwen2.5-7B-Instruct,Qwen/Qwen2.5-7B-Instruct,sh,star,cheap_talk,framing_business,framing_business,business,16,5,2,1.0,1.0,1.0,0.0,288.0,6.0,1.0,,0.0,1.0
Qwen2.5-7B-Instruct_star\framing_business\cheap_talk\20260612_095139_sh_cheaptalk_run03.json,Qwen2.5-7B-Instruct,Qwen/Qwen2.5-7B-Instruct,sh,star,cheap_talk,framing_business,framing_business,business,16,5,3,1.0,1.0,1.0,0.0,288.0,6.0,1.0,,0.0,1.0
Qwen2.5-7B-Instruct_star\framing_business\cheap_talk\20260612_095139_sh_cheaptalk_run04.json,Qwen2.5-7B-Instruct,Qwen/Qwen2.5-7B-Instruct,sh,star,cheap_talk,framing_business,framing_business,business,16,5,4,1.0,1.0,1.0,0.0,288.0,6.0,1.0,,0.0,1.0
Qwen2.5-7B-Instruct_star\framing_business\cheap_talk\20260612_095139_sh_cheaptalk_run05.json,Qwen2.5-7B-Instruct,Qwen/Qwen2.5-7B-Instruct,sh,star,cheap_talk,framing_business,framing_business,business,16,5,5,1.0,1.0,1.0,0.0,288.0,6.0,1.0,,0.0,1.0
Qwen2.5-7B-Instruct_star\framing_business_context\cheap_talk\20260803_220741_pd_cheaptalk_run01.json,Qwen2.5-7B-Instruct,Qwen/Qwen2.5-7B-Instruct,pd,star,cheap_talk,framing_business_context,framing_business_context[cheap_talk],neutral,16,5,1,1.0,1.0,1.0,0.0,192.0,4.0,1.0,0.0,0.0,1.0
Qwen2.5-7B-Instruct_star\framing_business_context\cheap_talk\20260803_220741_pd_cheaptalk_run02.json,Qwen2.5-7B-Instruct,Qwen/Qwen2.5-7B-Instruct,pd,star,cheap_talk,framing_business_context,framing_business_context[cheap_talk],neutral,16,5,2,1.0,1.0,1.0,0.0,192.0,4.0,1.0,0.0,0.0,1.0
Qwen2.5-7B-Instruct_star\framing_business_context\cheap_talk\20260803_220741_pd_cheaptalk_run03.json,Qwen2.5-7B-Instruct,Qwen/Qwen2.5-7B-Instruct,pd,star,cheap_talk,framing_business_context,framing_business_context[cheap_talk],neutral,16,5,3,1.0,1.0,1.0,0.0,192.0,4.0,1.0,0.0,0.0,1.0
Qwen2.5-7B-Instruct_star\framing_business_context\cheap_talk\20260803_220741_pd_cheaptalk_run04.json,Qwen2.5-7B-Instruct,Qwen/Qwen2.5-7B-Instruct,pd,star,cheap_talk,framing_business_context,framing_business_context[cheap_talk],neutral,16,5,4,1.0,1.0,1.0,0.0,192.0,4.0,1.0,0.0,0.0,1.0
Qwen2.5-7B-Instruct_star\framing_business_context\cheap_talk\20260803_220741_pd_cheaptalk_run05.json,Qwen2.5-7B-Instruct,Qwen/Qwen2.5-7B-Instruct,pd,star,cheap_talk,framing_business_context,framing_business_context[cheap_talk],neutral,16,5,5,1.0,1.0,1.0,0.0,192.0,4.0,1.0,0.0,0.0,1.0
Qwen2.5-7B-Instruct_star\framing_business_context\cheap_talk\20260803_220741_sh_cheaptalk_run01.json,Qwen2.5-7B-Instruct,Qwen/Qwen2.5-7B-Instruct,sh,star,cheap_talk,framing_business_context,framing_business_context[cheap_talk],neutral,16,5,1,1.0,1.0,1.0,0.0,288.0,6.0,1.0,,0.0,1.0
Qwen2.5-7B-Instruct_star\framing_business_context\cheap_talk\20260803_220741_sh_cheaptalk_run02.json,Qwen2.5-7B-Instruct,Qwen/Qwen2.5-7B-Instruct,sh,star,cheap_talk,framing_business_context,framing_business_context[cheap_talk],neutral,16,5,2,1.0,1.0,1.0,0.0,288.0,6.0,1.0,,0.0,1.0
Qwen2.5-7B-Instruct_star\framing_business_context\cheap_talk\20260803_220741_sh_cheaptalk_run03.json,Qwen2.5-7B-Instruct,Qwen/Qwen2.5-7B-Instruct,sh,star,cheap_talk,framing_business_context,framing_business_context[cheap_talk],neutral,16,5,3,1.0,1.0,1.0,0.0,288.0,6.0,1.0,,0.0,1.0
Qwen2.5-7B-Instruct_star\framing_business_context\cheap_talk\20260803_220741_sh_cheaptalk_run04.json,Qwen2.5-7B-Instruct,Qwen/Qwen2.5-7B-Instruct,sh,star,cheap_talk,framing_business_context,framing_business_context[cheap_talk],neutral,16,5,4,1.0,1.0,1.0,0.0,288.0,6.0,1.0,,0.0,1.0
Qwen2.5-7B-Instruct_star\framing_business_context\cheap_talk\20260803_220741_sh_cheaptalk_run05.json,Qwen2.5-7B-Instruct,Qwen/Qwen2.5-7B-Instruct,sh,star,cheap_talk,framing_business_context,framing_business_context[cheap_talk],neutral,16,5,5,1.0,1.0,1.0,0.0,288.0,6.0,1.0,,0.0,1.0
Qwen2.5-7B-Instruct_star\framing_business_context\no_comm\20260803_220741_pd_nocomm_run01.json,Qwen2.5-7B-Instruct,Qwen/Qwen2.5-7B-Instruct,pd,star,no_comm,framing_business_context,framing_business_context[no_comm],neutral,16,5,1,0.203125,0.1875,0.20833333333333334,-0.020833333333333343,125.0,2.5,0.7333333333333333,,0.0,0.0
Qwen2.5-7B-Instruct_star\framing_business_context\no_comm\20260803_220741_pd_nocomm_run02.json,Qwen2.5-7B-Instruct,Qwen/Qwen2.5-7B-Instruct,pd,star,no_comm,framing_business_context,framing_business_context[no_comm],neutral,16,5,2,1.0,1.0,1.0,0.0,192.0,4.0,1.0,,0.0,1.0
Qwen2.5-7B-Instruct_star\framing_business_context\no_comm\20260803_220741_pd_nocomm_run03.json,Qwen2.5-7B-Instruct,Qwen/Qwen2.5-7B-Instruct,pd,star,no_comm,framing_business_context,framing_business_context[no_comm],neutral,16,5,3,0.046875,0.0,0.0625,-0.0625,108.0,1.9375,0.9777777777777777,,0.0,0.0
Qwen2.5-7B-Instruct_star\framing_business_context\no_comm\20260803_220741_pd_nocomm_run04.json,Qwen2.5-7B-Instruct,Qwen/Qwen2.5-7B-Instruct,pd,star,no_comm,framing_business_context,framing_business_context[no_comm],neutral,16,5,4,1.0,1.0,1.0,0.0,192.0,4.0,1.0,,0.0,1.0
Qwen2.5-7B-Instruct_star\framing_business_context\no_comm\20260803_220741_pd_nocomm_run05.json,Qwen2.5-7B-Instruct,Qwen/Qwen2.5-7B-Instruct,pd,star,no_comm,framing_business_context,framing_business_context[no_comm],neutral,16,5,5,1.0,1.0,1.0,0.0,192.0,4.0,1.0,,0.0,1.0
Qwen2.5-7B-Instruct_star\framing_business_context\no_comm\20260803_220741_sh_nocomm_run01.json,Qwen2.5-7B-Instruct,Qwen/Qwen2.5-7B-Instruct,sh,star,no_comm,framing_business_context,framing_business_context[no_comm],neutral,16,5,1,0.9375,0.9375,0.9375,0.0,267.0,5.5625,0.9555555555555556,,0.0,0.8125
Qwen2.5-7B-Instruct_star\framing_business_context\no_comm\20260803_220741_sh_nocomm_run02.json,Qwen2.5-7B-Instruct,Qwen/Qwen2.5-7B-Instruct,sh,star,no_comm,framing_business_context,framing_business_context[no_comm],neutral,16,5,2,1.0,1.0,1.0,0.0,288.0,6.0,1.0,,0.0,1.0
Qwen2.5-7B-Instruct_star\framing_business_context\no_comm\20260803_220741_sh_nocomm_run03.json,Qwen2.5-7B-Instruct,Qwen/Qwen2.5-7B-Instruct,sh,star,no_comm,framing_business_context,framing_business_context[no_comm],neutral,16,5,3,1.0,1.0,1.0,0.0,288.0,6.0,1.0,,0.0,1.0
Qwen2.5-7B-Instruct_star\framing_business_context\no_comm\20260803_220741_sh_nocomm_run04.json,Qwen2.5-7B-Instruct,Qwen/Qwen2.5-7B-Instruct,sh,star,no_comm,framing_business_context,framing_business_context[no_comm],neutral,16,5,4,1.0,1.0,1.0,0.0,288.0,6.0,1.0,,0.0,1.0
Qwen2.5-7B-Instruct_star\framing_business_context\no_comm\20260803_220741_sh_nocomm_run05.json,Qwen2.5-7B-Instruct,Qwen/Qwen2.5-7B-Instruct,sh,star,no_comm,framing_business_context,framing_business_context[no_comm],neutral,16,5,5,1.0,1.0,1.0,0.0,288.0,6.0,1.0,,0.0,1.0
Qwen2.5-7B-Instruct_star\framing_competitive\cheap_talk\20260612_095139_pd_cheaptalk_run01.json,Qwen2.5-7B-Instruct,Qwen/Qwen2.5-7B-Instruct,pd,star,cheap_talk,framing_competitive,framing_competitive,competitive,16,5,1,0.75,0.8125,0.7291666666666666,0.08333333333333337,169.0,3.9375,0.6666666666666666,0.0,0.0,0.1875
Qwen2.5-7B-Instruct_star\framing_competitive\cheap_talk\20260612_095139_pd_cheaptalk_run02.json,Qwen2.5-7B-Instruct,Qwen/Qwen2.5-7B-Instruct,pd,star,cheap_talk,framing_competitive,framing_competitive,competitive,16,5,2,0.0625,0.0,0.08333333333333333,-0.08333333333333333,112.0,1.9166666666666667,0.9777777777777777,0.25,0.0,0.0
Qwen2.5-7B-Instruct_star\framing_competitive\cheap_talk\20260612_095139_pd_cheaptalk_run03.json,Qwen2.5-7B-Instruct,Qwen/Qwen2.5-7B-Instruct,pd,star,cheap_talk,framing_competitive,framing_competitive,competitive,16,5,3,0.03125,0.0,0.041666666666666664,-0.041666666666666664,104.0,1.9583333333333333,0.9777777777777777,0.0,0.0,0.0
Qwen2.5-7B-Instruct_star\framing_competitive\cheap_talk\20260612_095139_pd_cheaptalk_run04.json,Qwen2.5-7B-Instruct,Qwen/Qwen2.5-7B-Instruct,pd,star,cheap_talk,framing_competitive,framing_competitive,competitive,16,5,4,0.75,0.75,0.75,0.0,173.0,3.6041666666666665,0.8222222222222222,0.0,0.0,0.4375
Qwen2.5-7B-Instruct_star\framing_competitive\cheap_talk\20260612_095139_pd_cheaptalk_run05.json,Qwen2.5-7B-Instruct,Qwen/Qwen2.5-7B-Instruct,pd,star,cheap_talk,framing_competitive,framing_competitive,competitive,16,5,5,0.046875,0.0625,0.041666666666666664,0.020833333333333336,101.0,2.2083333333333335,0.8888888888888888,0.0625,0.0,0.0
Qwen2.5-7B-Instruct_star\framing_competitive\cheap_talk\20260612_095139_sh_cheaptalk_run01.json,Qwen2.5-7B-Instruct,Qwen/Qwen2.5-7B-Instruct,sh,star,cheap_talk,framing_competitive,framing_competitive,competitive,16,5,1,0.96875,1.0,0.9583333333333334,0.04166666666666663,278.0,5.916666666666667,0.9777777777777777,,0.0,0.875
Qwen2.5-7B-Instruct_star\framing_competitive\cheap_talk\20260612_095139_sh_cheaptalk_run02.json,Qwen2.5-7B-Instruct,Qwen/Qwen2.5-7B-Instruct,sh,star,cheap_talk,framing_competitive,framing_competitive,competitive,16,5,2,0.984375,1.0,0.9791666666666666,0.02083333333333337,283.0,5.958333333333333,1.0,,0.0,0.9375
Qwen2.5-7B-Instruct_star\framing_competitive\cheap_talk\20260612_095139_sh_cheaptalk_run03.json,Qwen2.5-7B-Instruct,Qwen/Qwen2.5-7B-Instruct,sh,star,cheap_talk,framing_competitive,framing_competitive,competitive,16,5,3,1.0,1.0,1.0,0.0,288.0,6.0,1.0,,0.0,1.0
Qwen2.5-7B-Instruct_star\framing_competitive\cheap_talk\20260612_095139_sh_cheaptalk_run04.json,Qwen2.5-7B-Instruct,Qwen/Qwen2.5-7B-Instruct,sh,star,cheap_talk,framing_competitive,framing_competitive,competitive,16,5,4,1.0,1.0,1.0,0.0,288.0,6.0,1.0,,0.0,1.0
Qwen2.5-7B-Instruct_star\framing_competitive\cheap_talk\20260612_095139_sh_cheaptalk_run05.json,Qwen2.5-7B-Instruct,Qwen/Qwen2.5-7B-Instruct,sh,star,cheap_talk,framing_competitive,framing_competitive,competitive,16,5,5,1.0,1.0,1.0,0.0,288.0,6.0,1.0,,0.0,1.0
Qwen2.5-7B-Instruct_star\framing_competitive_context\cheap_talk\20260803_220741_pd_cheaptalk_run01.json,Qwen2.5-7B-Instruct,Qwen/Qwen2.5-7B-Instruct,pd,star,cheap_talk,framing_competitive_context,framing_competitive_context[cheap_talk],neutral,16,5,1,1.0,1.0,1.0,0.0,192.0,4.0,1.0,0.0,0.0,1.0
Qwen2.5-7B-Instruct_star\framing_competitive_context\cheap_talk\20260803_220741_pd_cheaptalk_run02.json,Qwen2.5-7B-Instruct,Qwen/Qwen2.5-7B-Instruct,pd,star,cheap_talk,framing_competitive_context,framing_competitive_context[cheap_talk],neutral,16,5,2,0.65625,0.75,0.625,0.125,155.0,3.8541666666666665,0.6888888888888889,0.25,0.0,0.375
Qwen2.5-7B-Instruct_star\framing_competitive_context\cheap_talk\20260803_220741_pd_cheaptalk_run03.json,Qwen2.5-7B-Instruct,Qwen/Qwen2.5-7B-Instruct,pd,star,cheap_talk,framing_competitive_context,framing_competitive_context[cheap_talk],neutral,16,5,3,1.0,1.0,1.0,0.0,192.0,4.0,1.0,0.0,0.0,1.0
Qwen2.5-7B-Instruct_star\framing_competitive_context\cheap_talk\20260803_220741_pd_cheaptalk_run04.json,Qwen2.5-7B-Instruct,Qwen/Qwen2.5-7B-Instruct,pd,star,cheap_talk,framing_competitive_context,framing_competitive_context[cheap_talk],neutral,16,5,4,0.78125,0.75,0.7916666666666666,-0.04166666666666663,181.0,3.5625,0.7555555555555555,0.1875,0.0,0.5
Qwen2.5-7B-Instruct_star\framing_competitive_context\cheap_talk\20260803_220741_pd_cheaptalk_run05.json,Qwen2.5-7B-Instruct,Qwen/Qwen2.5-7B-Instruct,pd,star,cheap_talk,framing_competitive_context,framing_competitive_context[cheap_talk],neutral,16,5,5,1.0,1.0,1.0,0.0,192.0,4.0,1.0,0.0,0.0,1.0
Qwen2.5-7B-Instruct_star\framing_competitive_context\cheap_talk\20260803_220741_sh_cheaptalk_run01.json,Qwen2.5-7B-Instruct,Qwen/Qwen2.5-7B-Instruct,sh,star,cheap_talk,framing_competitive_context,framing_competitive_context[cheap_talk],neutral,16,5,1,1.0,1.0,1.0,0.0,288.0,6.0,1.0,,0.0,1.0
Qwen2.5-7B-Instruct_star\framing_competitive_context\cheap_talk\20260803_220741_sh_cheaptalk_run02.json,Qwen2.5-7B-Instruct,Qwen/Qwen2.5-7B-Instruct,sh,star,cheap_talk,framing_competitive_context,framing_competitive_context[cheap_talk],neutral,16,5,2,1.0,1.0,1.0,0.0,288.0,6.0,1.0,,0.0,1.0
Qwen2.5-7B-Instruct_star\framing_competitive_context\cheap_talk\20260803_220741_sh_cheaptalk_run03.json,Qwen2.5-7B-Instruct,Qwen/Qwen2.5-7B-Instruct,sh,star,cheap_talk,framing_competitive_context,framing_competitive_context[cheap_talk],neutral,16,5,3,1.0,1.0,1.0,0.0,288.0,6.0,1.0,,0.0,1.0
Qwen2.5-7B-Instruct_star\framing_competitive_context\cheap_talk\20260803_220741_sh_cheaptalk_run04.json,Qwen2.5-7B-Instruct,Qwen/Qwen2.5-7B-Instruct,sh,star,cheap_talk,framing_competitive_context,framing_competitive_context[cheap_talk],neutral,16,5,4,1.0,1.0,1.0,0.0,288.0,6.0,1.0,,0.0,1.0
Qwen2.5-7B-Instruct_star\framing_competitive_context\cheap_talk\20260803_220741_sh_cheaptalk_run05.json,Qwen2.5-7B-Instruct,Qwen/Qwen2.5-7B-Instruct,sh,star,cheap_talk,framing_competitive_context,framing_competitive_context[cheap_talk],neutral,16,5,5,1.0,1.0,1.0,0.0,288.0,6.0,1.0,,0.0,1.0
Qwen2.5-7B-Instruct_star\framing_competitive_context\no_comm\20260803_220741_pd_nocomm_run01.json,Qwen2.5-7B-Instruct,Qwen/Qwen2.5-7B-Instruct,pd,star,no_comm,framing_competitive_context,framing_competitive_context[no_comm],neutral,16,5,1,0.125,0.125,0.125,0.0,114.0,2.375,0.8666666666666667,,0.0,0.0
Qwen2.5-7B-Instruct_star\framing_competitive_context\no_comm\20260803_220741_pd_nocomm_run02.json,Qwen2.5-7B-Instruct,Qwen/Qwen2.5-7B-Instruct,pd,star,no_comm,framing_competitive_context,framing_competitive_context[no_comm],neutral,16,5,2,0.125,0.0625,0.14583333333333334,-0.08333333333333334,121.0,2.1041666666666665,0.8222222222222222,,0.0,0.0
Qwen2.5-7B-Instruct_star\framing_competitive_context\no_comm\20260803_220741_pd_nocomm_run03.json,Qwen2.5-7B-Instruct,Qwen/Qwen2.5-7B-Instruct,pd,star,no_comm,framing_competitive_context,framing_competitive_context[no_comm],neutral,16,5,3,0.09375,0.0625,0.10416666666666667,-0.04166666666666667,113.0,2.1458333333333335,0.9111111111111111,,0.0,0.0
Qwen2.5-7B-Instruct_star\framing_competitive_context\no_comm\20260803_220741_pd_nocomm_run04.json,Qwen2.5-7B-Instruct,Qwen/Qwen2.5-7B-Instruct,pd,star,no_comm,framing_competitive_context,framing_competitive_context[no_comm],neutral,16,5,4,0.15625,0.125,0.16666666666666666,-0.04166666666666666,121.0,2.3125,0.7555555555555555,,0.0,0.0
Qwen2.5-7B-Instruct_star\framing_competitive_context\no_comm\20260803_220741_pd_nocomm_run05.json,Qwen2.5-7B-Instruct,Qwen/Qwen2.5-7B-Instruct,pd,star,no_comm,framing_competitive_context,framing_competitive_context[no_comm],neutral,16,5,5,0.078125,0.1875,0.041666666666666664,0.14583333333333334,95.0,2.7083333333333335,0.7777777777777778,,0.0,0.0
Qwen2.5-7B-Instruct_star\framing_competitive_context\no_comm\20260803_220741_sh_nocomm_run01.json,Qwen2.5-7B-Instruct,Qwen/Qwen2.5-7B-Instruct,sh,star,no_comm,framing_competitive_context,framing_competitive_context[no_comm],neutral,16,5,1,0.875,0.9375,0.8541666666666666,0.08333333333333337,247.0,5.395833333333333,0.8222222222222222,,0.0,0.5
Qwen2.5-7B-Instruct_star\framing_competitive_context\no_comm\20260803_220741_sh_nocomm_run02.json,Qwen2.5-7B-Instruct,Qwen/Qwen2.5-7B-Instruct,sh,star,no_comm,framing_competitive_context,framing_competitive_context[no_comm],neutral,16,5,2,0.84375,0.75,0.875,-0.125,243.0,4.6875,0.7333333333333333,,0.0,0.5625
Qwen2.5-7B-Instruct_star\framing_competitive_context\no_comm\20260803_220741_sh_nocomm_run03.json,Qwen2.5-7B-Instruct,Qwen/Qwen2.5-7B-Instruct,sh,star,no_comm,framing_competitive_context,framing_competitive_context[no_comm],neutral,16,5,3,0.703125,0.75,0.6875,0.0625,198.0,4.3125,0.6666666666666666,,0.0,0.25
Qwen2.5-7B-Instruct_star\framing_competitive_context\no_comm\20260803_220741_sh_nocomm_run04.json,Qwen2.5-7B-Instruct,Qwen/Qwen2.5-7B-Instruct,sh,star,no_comm,framing_competitive_context,framing_competitive_context[no_comm],neutral,16,5,4,0.90625,0.875,0.9166666666666666,-0.04166666666666663,259.0,5.270833333333333,0.8222222222222222,,0.0,0.6875
Qwen2.5-7B-Instruct_star\framing_competitive_context\no_comm\20260803_220741_sh_nocomm_run05.json,Qwen2.5-7B-Instruct,Qwen/Qwen2.5-7B-Instruct,sh,star,no_comm,framing_competitive_context,framing_competitive_context[no_comm],neutral,16,5,5,0.890625,0.875,0.8958333333333334,-0.02083333333333337,254.0,5.229166666666667,0.8,,0.0,0.6875
Qwen2.5-7B-Instruct_star\framing_team\cheap_talk\20260612_095139_pd_cheaptalk_run01.json,Qwen2.5-7B-Instruct,Qwen/Qwen2.5-7B-Instruct,pd,star,cheap_talk,framing_team,framing_team,team,16,5,1,1.0,1.0,1.0,0.0,192.0,4.0,1.0,0.0,0.0,1.0
Qwen2.5-7B-Instruct_star\framing_team\cheap_talk\20260612_095139_pd_cheaptalk_run02.json,Qwen2.5-7B-Instruct,Qwen/Qwen2.5-7B-Instruct,pd,star,cheap_talk,framing_team,framing_team,team,16,5,2,0.984375,1.0,0.9791666666666666,0.02083333333333337,189.0,4.041666666666667,0.9777777777777777,0.0,0.0,0.9375
Qwen2.5-7B-Instruct_star\framing_team\cheap_talk\20260612_095139_pd_cheaptalk_run03.json,Qwen2.5-7B-Instruct,Qwen/Qwen2.5-7B-Instruct,pd,star,cheap_talk,framing_team,framing_team,team,16,5,3,0.953125,1.0,0.9375,0.0625,183.0,4.125,0.9333333333333333,0.0,0.0,0.8125
Qwen2.5-7B-Instruct_star\framing_team\cheap_talk\20260612_095139_pd_cheaptalk_run04.json,Qwen2.5-7B-Instruct,Qwen/Qwen2.5-7B-Instruct,pd,star,cheap_talk,framing_team,framing_team,team,16,5,4,0.953125,1.0,0.9375,0.0625,183.0,4.125,0.9333333333333333,0.0,0.0,0.8125
Qwen2.5-7B-Instruct_star\framing_team\cheap_talk\20260612_095139_pd_cheaptalk_run05.json,Qwen2.5-7B-Instruct,Qwen/Qwen2.5-7B-Instruct,pd,star,cheap_talk,framing_team,framing_team,team,16,5,5,0.984375,1.0,0.9791666666666666,0.02083333333333337,189.0,4.041666666666667,0.9777777777777777,0.0,0.0,0.9375
Qwen2.5-7B-Instruct_star\framing_team\cheap_talk\20260612_095139_sh_cheaptalk_run01.json,Qwen2.5-7B-Instruct,Qwen/Qwen2.5-7B-Instruct,sh,star,cheap_talk,framing_team,framing_team,team,16,5,1,1.0,1.0,1.0,0.0,288.0,6.0,1.0,,0.0,1.0
Qwen2.5-7B-Instruct_star\framing_team\cheap_talk\20260612_095139_sh_cheaptalk_run02.json,Qwen2.5-7B-Instruct,Qwen/Qwen2.5-7B-Instruct,sh,star,cheap_talk,framing_team,framing_team,team,16,5,2,1.0,1.0,1.0,0.0,288.0,6.0,1.0,,0.0,1.0
Qwen2.5-7B-Instruct_star\framing_team\cheap_talk\20260612_095139_sh_cheaptalk_run03.json,Qwen2.5-7B-Instruct,Qwen/Qwen2.5-7B-Instruct,sh,star,cheap_talk,framing_team,framing_team,team,16,5,3,1.0,1.0,1.0,0.0,288.0,6.0,1.0,,0.0,1.0
Qwen2.5-7B-Instruct_star\framing_team\cheap_talk\20260612_095139_sh_cheaptalk_run04.json,Qwen2.5-7B-Instruct,Qwen/Qwen2.5-7B-Instruct,sh,star,cheap_talk,framing_team,framing_team,team,16,5,4,1.0,1.0,1.0,0.0,288.0,6.0,1.0,,0.0,1.0
Qwen2.5-7B-Instruct_star\framing_team\cheap_talk\20260612_095139_sh_cheaptalk_run05.json,Qwen2.5-7B-Instruct,Qwen/Qwen2.5-7B-Instruct,sh,star,cheap_talk,framing_team,framing_team,team,16,5,5,1.0,1.0,1.0,0.0,288.0,6.0,1.0,,0.0,1.0
Qwen2.5-7B-Instruct_star\framing_team_context\cheap_talk\20260803_220741_pd_cheaptalk_run01.json,Qwen2.5-7B-Instruct,Qwen/Qwen2.5-7B-Instruct,pd,star,cheap_talk,framing_team_context,framing_team_context[cheap_talk],neutral,16,5,1,1.0,1.0,1.0,0.0,192.0,4.0,1.0,0.0,0.0,1.0
Qwen2.5-7B-Instruct_star\framing_team_context\cheap_talk\20260803_220741_pd_cheaptalk_run02.json,Qwen2.5-7B-Instruct,Qwen/Qwen2.5-7B-Instruct,pd,star,cheap_talk,framing_team_context,framing_team_context[cheap_talk],neutral,16,5,2,1.0,1.0,1.0,0.0,192.0,4.0,1.0,0.0,0.0,1.0
Qwen2.5-7B-Instruct_star\framing_team_context\cheap_talk\20260803_220741_pd_cheaptalk_run03.json,Qwen2.5-7B-Instruct,Qwen/Qwen2.5-7B-Instruct,pd,star,cheap_talk,framing_team_context,framing_team_context[cheap_talk],neutral,16,5,3,1.0,1.0,1.0,0.0,192.0,4.0,1.0,0.0,0.0,1.0
Qwen2.5-7B-Instruct_star\framing_team_context\cheap_talk\20260803_220741_pd_cheaptalk_run04.json,Qwen2.5-7B-Instruct,Qwen/Qwen2.5-7B-Instruct,pd,star,cheap_talk,framing_team_context,framing_team_context[cheap_talk],neutral,16,5,4,1.0,1.0,1.0,0.0,192.0,4.0,1.0,0.0,0.0,1.0
Qwen2.5-7B-Instruct_star\framing_team_context\cheap_talk\20260803_220741_pd_cheaptalk_run05.json,Qwen2.5-7B-Instruct,Qwen/Qwen2.5-7B-Instruct,pd,star,cheap_talk,framing_team_context,framing_team_context[cheap_talk],neutral,16,5,5,1.0,1.0,1.0,0.0,192.0,4.0,1.0,0.0,0.0,1.0
Qwen2.5-7B-Instruct_star\framing_team_context\cheap_talk\20260803_220741_sh_cheaptalk_run01.json,Qwen2.5-7B-Instruct,Qwen/Qwen2.5-7B-Instruct,sh,star,cheap_talk,framing_team_context,framing_team_context[cheap_talk],neutral,16,5,1,1.0,1.0,1.0,0.0,288.0,6.0,1.0,,0.0,1.0
Qwen2.5-7B-Instruct_star\framing_team_context\cheap_talk\20260803_220741_sh_cheaptalk_run02.json,Qwen2.5-7B-Instruct,Qwen/Qwen2.5-7B-Instruct,sh,star,cheap_talk,framing_team_context,framing_team_context[cheap_talk],neutral,16,5,2,1.0,1.0,1.0,0.0,288.0,6.0,1.0,,0.0,1.0
Qwen2.5-7B-Instruct_star\framing_team_context\cheap_talk\20260803_220741_sh_cheaptalk_run03.json,Qwen2.5-7B-Instruct,Qwen/Qwen2.5-7B-Instruct,sh,star,cheap_talk,framing_team_context,framing_team_context[cheap_talk],neutral,16,5,3,1.0,1.0,1.0,0.0,288.0,6.0,1.0,,0.0,1.0
Qwen2.5-7B-Instruct_star\framing_team_context\cheap_talk\20260803_220741_sh_cheaptalk_run04.json,Qwen2.5-7B-Instruct,Qwen/Qwen2.5-7B-Instruct,sh,star,cheap_talk,framing_team_context,framing_team_context[cheap_talk],neutral,16,5,4,1.0,1.0,1.0,0.0,288.0,6.0,1.0,,0.0,1.0
Qwen2.5-7B-Instruct_star\framing_team_context\cheap_talk\20260803_220741_sh_cheaptalk_run05.json,Qwen2.5-7B-Instruct,Qwen/Qwen2.5-7B-Instruct,sh,star,cheap_talk,framing_team_context,framing_team_context[cheap_talk],neutral,16,5,5,1.0,1.0,1.0,0.0,288.0,6.0,1.0,,0.0,1.0
Qwen2.5-7B-Instruct_star\framing_team_context\no_comm\20260803_220741_pd_nocomm_run01.json,Qwen2.5-7B-Instruct,Qwen/Qwen2.5-7B-Instruct,pd,star,no_comm,framing_team_context,framing_team_context[no_comm],neutral,16,5,1,1.0,1.0,1.0,0.0,192.0,4.0,1.0,,0.0,1.0
Qwen2.5-7B-Instruct_star\framing_team_context\no_comm\20260803_220741_pd_nocomm_run02.json,Qwen2.5-7B-Instruct,Qwen/Qwen2.5-7B-Instruct,pd,star,no_comm,framing_team_context,framing_team_context[no_comm],neutral,16,5,2,1.0,1.0,1.0,0.0,192.0,4.0,1.0,,0.0,1.0
Qwen2.5-7B-Instruct_star\framing_team_context\no_comm\20260803_220741_pd_nocomm_run03.json,Qwen2.5-7B-Instruct,Qwen/Qwen2.5-7B-Instruct,pd,star,no_comm,framing_team_context,framing_team_context[no_comm],neutral,16,5,3,1.0,1.0,1.0,0.0,192.0,4.0,1.0,,0.0,1.0
Qwen2.5-7B-Instruct_star\framing_team_context\no_comm\20260803_220741_pd_nocomm_run04.json,Qwen2.5-7B-Instruct,Qwen/Qwen2.5-7B-Instruct,pd,star,no_comm,framing_team_context,framing_team_context[no_comm],neutral,16,5,4,1.0,1.0,1.0,0.0,192.0,4.0,1.0,,0.0,1.0
Qwen2.5-7B-Instruct_star\framing_team_context\no_comm\20260803_220741_pd_nocomm_run05.json,Qwen2.5-7B-Instruct,Qwen/Qwen2.5-7B-Instruct,pd,star,no_comm,framing_team_context,framing_team_context[no_comm],neutral,16,5,5,1.0,1.0,1.0,0.0,192.0,4.0,1.0,,0.0,1.0
Qwen2.5-7B-Instruct_star\framing_team_context\no_comm\20260803_220741_sh_nocomm_run01.json,Qwen2.5-7B-Instruct,Qwen/Qwen2.5-7B-Instruct,sh,star,no_comm,framing_team_context,framing_team_context[no_comm],neutral,16,5,1,1.0,1.0,1.0,0.0,288.0,6.0,1.0,,0.0,1.0
Qwen2.5-7B-Instruct_star\framing_team_context\no_comm\20260803_220741_sh_nocomm_run02.json,Qwen2.5-7B-Instruct,Qwen/Qwen2.5-7B-Instruct,sh,star,no_comm,framing_team_context,framing_team_context[no_comm],neutral,16,5,2,1.0,1.0,1.0,0.0,288.0,6.0,1.0,,0.0,1.0
Qwen2.5-7B-Instruct_star\framing_team_context\no_comm\20260803_220741_sh_nocomm_run03.json,Qwen2.5-7B-Instruct,Qwen/Qwen2.5-7B-Instruct,sh,star,no_comm,framing_team_context,framing_team_context[no_comm],neutral,16,5,3,1.0,1.0,1.0,0.0,288.0,6.0,1.0,,0.0,1.0
Qwen2.5-7B-Instruct_star\framing_team_context\no_comm\20260803_220741_sh_nocomm_run04.json,Qwen2.5-7B-Instruct,Qwen/Qwen2.5-7B-Instruct,sh,star,no_comm,framing_team_context,framing_team_context[no_comm],neutral,16,5,4,1.0,1.0,1.0,0.0,288.0,6.0,1.0,,0.0,1.0
Qwen2.5-7B-Instruct_star\framing_team_context\no_comm\20260803_220741_sh_nocomm_run05.json,Qwen2.5-7B-Instruct,Qwen/Qwen2.5-7B-Instruct,sh,star,no_comm,framing_team_context,framing_team_context[no_comm],neutral,16,5,5,1.0,1.0,1.0,0.0,288.0,6.0,1.0,,0.0,1.0
Qwen2.5-7B-Instruct_star\no_sense\cheap_talk\20260511_124412_pd_cheaptalk_run01.json,Qwen2.5-7B-Instruct,Qwen/Qwen2.5-7B-Instruct,pd,star,cheap_talk,no_sense,no_sense,neutral,16,5,1,0.078125,0.0625,0.08333333333333333,-0.02083333333333333,109.0,2.1666666666666665,0.8444444444444444,0.0,0.0,0.0
Qwen2.5-7B-Instruct_star\no_sense\cheap_talk\20260511_124412_pd_cheaptalk_run02.json,Qwen2.5-7B-Instruct,Qwen/Qwen2.5-7B-Instruct,pd,star,cheap_talk,no_sense,no_sense,neutral,16,5,2,0.046875,0.0,0.0625,-0.0625,108.0,1.9375,0.9555555555555556,0.0,0.0,0.0
Qwen2.5-7B-Instruct_star\no_sense\cheap_talk\20260511_124412_pd_cheaptalk_run03.json,Qwen2.5-7B-Instruct,Qwen/Qwen2.5-7B-Instruct,pd,star,cheap_talk,no_sense,no_sense,neutral,16,5,3,0.09375,0.0,0.125,-0.125,120.0,1.875,0.9111111111111111,0.0,0.0,0.0
Qwen2.5-7B-Instruct_star\no_sense\cheap_talk\20260511_124412_pd_cheaptalk_run04.json,Qwen2.5-7B-Instruct,Qwen/Qwen2.5-7B-Instruct,pd,star,cheap_talk,no_sense,no_sense,neutral,16,5,4,0.1875,0.125,0.20833333333333334,-0.08333333333333334,129.0,2.2708333333333335,0.8666666666666667,0.0,0.0,0.0
Qwen2.5-7B-Instruct_star\no_sense\cheap_talk\20260511_124412_pd_cheaptalk_run05.json,Qwen2.5-7B-Instruct,Qwen/Qwen2.5-7B-Instruct,pd,star,cheap_talk,no_sense,no_sense,neutral,16,5,5,0.171875,0.0625,0.20833333333333334,-0.14583333333333334,133.0,2.0416666666666665,0.9111111111111111,0.0,0.0,0.0
Qwen2.5-7B-Instruct_star\no_sense\cheap_talk\20260511_124412_sh_cheaptalk_run01.json,Qwen2.5-7B-Instruct,Qwen/Qwen2.5-7B-Instruct,sh,star,cheap_talk,no_sense,no_sense,neutral,16,5,1,0.984375,1.0,0.9791666666666666,0.02083333333333337,283.0,5.958333333333333,1.0,,0.0,0.9375
Qwen2.5-7B-Instruct_star\no_sense\cheap_talk\20260511_124412_sh_cheaptalk_run02.json,Qwen2.5-7B-Instruct,Qwen/Qwen2.5-7B-Instruct,sh,star,cheap_talk,no_sense,no_sense,neutral,16,5,2,0.984375,0.9375,1.0,-0.0625,282.0,5.6875,0.9333333333333333,,0.0,0.9375
Qwen2.5-7B-Instruct_star\no_sense\cheap_talk\20260511_124412_sh_cheaptalk_run03.json,Qwen2.5-7B-Instruct,Qwen/Qwen2.5-7B-Instruct,sh,star,cheap_talk,no_sense,no_sense,neutral,16,5,3,0.984375,1.0,0.9791666666666666,0.02083333333333337,283.0,5.958333333333333,1.0,,0.0,0.9375
Qwen2.5-7B-Instruct_star\no_sense\cheap_talk\20260511_124412_sh_cheaptalk_run04.json,Qwen2.5-7B-Instruct,Qwen/Qwen2.5-7B-Instruct,sh,star,cheap_talk,no_sense,no_sense,neutral,16,5,4,1.0,1.0,1.0,0.0,288.0,6.0,1.0,,0.0,1.0
Qwen2.5-7B-Instruct_star\no_sense\cheap_talk\20260511_124412_sh_cheaptalk_run05.json,Qwen2.5-7B-Instruct,Qwen/Qwen2.5-7B-Instruct,sh,star,cheap_talk,no_sense,no_sense,neutral,16,5,5,0.96875,0.9375,0.9791666666666666,-0.04166666666666663,277.0,5.645833333333333,0.9555555555555556,,0.0,0.875
Qwen2.5-7B-Instruct_star\silence\cheap_talk\20260511_124412_pd_cheaptalk_run01.json,Qwen2.5-7B-Instruct,Qwen/Qwen2.5-7B-Instruct,pd,star,cheap_talk,silence,silence,neutral,16,5,1,0.515625,0.4375,0.5416666666666666,-0.10416666666666663,165.0,2.9166666666666665,0.8444444444444444,,0.0,0.25
Qwen2.5-7B-Instruct_star\silence\cheap_talk\20260511_124412_pd_cheaptalk_run02.json,Qwen2.5-7B-Instruct,Qwen/Qwen2.5-7B-Instruct,pd,star,cheap_talk,silence,silence,neutral,16,5,2,0.984375,1.0,0.9791666666666666,0.02083333333333337,189.0,4.041666666666667,1.0,,0.0,0.9375
Qwen2.5-7B-Instruct_star\silence\cheap_talk\20260511_124412_pd_cheaptalk_run03.json,Qwen2.5-7B-Instruct,Qwen/Qwen2.5-7B-Instruct,pd,star,cheap_talk,silence,silence,neutral,16,5,3,0.21875,0.3125,0.1875,0.125,117.0,3.0625,0.5555555555555556,,0.0,0.0
Qwen2.5-7B-Instruct_star\silence\cheap_talk\20260511_124412_pd_cheaptalk_run04.json,Qwen2.5-7B-Instruct,Qwen/Qwen2.5-7B-Instruct,pd,star,cheap_talk,silence,silence,neutral,16,5,4,0.15625,0.0625,0.1875,-0.125,128.0,2.0416666666666665,0.8444444444444444,,0.0,0.0
Qwen2.5-7B-Instruct_star\silence\cheap_talk\20260511_124412_pd_cheaptalk_run05.json,Qwen2.5-7B-Instruct,Qwen/Qwen2.5-7B-Instruct,pd,star,cheap_talk,silence,silence,neutral,16,5,5,0.265625,0.1875,0.2916666666666667,-0.10416666666666669,138.0,2.3541666666666665,0.8,,0.0,0.0625
Qwen2.5-7B-Instruct_star\silence\cheap_talk\20260511_124412_sh_cheaptalk_run01.json,Qwen2.5-7B-Instruct,Qwen/Qwen2.5-7B-Instruct,sh,star,cheap_talk,silence,silence,neutral,16,5,1,1.0,1.0,1.0,0.0,288.0,6.0,1.0,,0.0,1.0
Qwen2.5-7B-Instruct_star\silence\cheap_talk\20260511_124412_sh_cheaptalk_run02.json,Qwen2.5-7B-Instruct,Qwen/Qwen2.5-7B-Instruct,sh,star,cheap_talk,silence,silence,neutral,16,5,2,1.0,1.0,1.0,0.0,288.0,6.0,1.0,,0.0,1.0
Qwen2.5-7B-Instruct_star\silence\cheap_talk\20260511_124412_sh_cheaptalk_run03.json,Qwen2.5-7B-Instruct,Qwen/Qwen2.5-7B-Instruct,sh,star,cheap_talk,silence,silence,neutral,16,5,3,1.0,1.0,1.0,0.0,288.0,6.0,1.0,,0.0,1.0
Qwen2.5-7B-Instruct_star\silence\cheap_talk\20260511_124412_sh_cheaptalk_run04.json,Qwen2.5-7B-Instruct,Qwen/Qwen2.5-7B-Instruct,sh,star,cheap_talk,silence,silence,neutral,16,5,4,1.0,1.0,1.0,0.0,288.0,6.0,1.0,,0.0,1.0
Qwen2.5-7B-Instruct_star\silence\cheap_talk\20260511_124412_sh_cheaptalk_run05.json,Qwen2.5-7B-Instruct,Qwen/Qwen2.5-7B-Instruct,sh,star,cheap_talk,silence,silence,neutral,16,5,5,0.984375,1.0,0.9791666666666666,0.02083333333333337,283.0,5.958333333333333,1.0,,0.0,0.9375
Qwen2.5-7B-Instruct_cycle\baseline\cheap_talk\20260826_162754_pd_cheaptalk_run01.json,Qwen2.5-7B-Instruct,Qwen/Qwen2.5-7B-Instruct,pd,cycle,cheap_talk,baseline_cheap_talk,baseline_cheap_talk,neutral,16,5,1,1.0,,,,,,,,0.0,1.0
Qwen2.5-7B-Instruct_cycle\baseline\cheap_talk\20260826_162754_pd_cheaptalk_run02.json,Qwen2.5-7B-Instruct,Qwen/Qwen2.5-7B-Instruct,pd,cycle,cheap_talk,baseline_cheap_talk,baseline_cheap_talk,neutral,16,5,2,1.0,,,,,,,,0.0,1.0
Qwen2.5-7B-Instruct_cycle\baseline\cheap_talk\20260826_162754_pd_cheaptalk_run03.json,Qwen2.5-7B-Instruct,Qwen/Qwen2.5-7B-Instruct,pd,cycle,cheap_talk,baseline_cheap_talk,baseline_cheap_talk,neutral,16,5,3,1.0,,,,,,,,0.0,1.0
Qwen2.5-7B-Instruct_cycle\baseline\cheap_talk\20260826_162754_pd_cheaptalk_run04.json,Qwen2.5-7B-Instruct,Qwen/Qwen2.5-7B-Instruct,pd,cycle,cheap_talk,baseline_cheap_talk,baseline_cheap_talk,neutral,16,5,4,0.8125,,,,,,,,0.0,0.4375
Qwen2.5-7B-Instruct_cycle\baseline\cheap_talk\20260826_162754_pd_cheaptalk_run05.json,Qwen2.5-7B-Instruct,Qwen/Qwen2.5-7B-Instruct,pd,cycle,cheap_talk,baseline_cheap_talk,baseline_cheap_talk,neutral,16,5,5,1.0,,,,,,,,0.0,1.0
Qwen2.5-7B-Instruct_cycle\baseline\cheap_talk\20260826_162754_sh_cheaptalk_run01.json,Qwen2.5-7B-Instruct,Qwen/Qwen2.5-7B-Instruct,sh,cycle,cheap_talk,baseline_cheap_talk,baseline_cheap_talk,neutral,16,5,1,1.0,,,,,,,,0.0,1.0
Qwen2.5-7B-Instruct_cycle\baseline\cheap_talk\20260826_162754_sh_cheaptalk_run02.json,Qwen2.5-7B-Instruct,Qwen/Qwen2.5-7B-Instruct,sh,cycle,cheap_talk,baseline_cheap_talk,baseline_cheap_talk,neutral,16,5,2,1.0,,,,,,,,0.0,1.0
Qwen2.5-7B-Instruct_cycle\baseline\cheap_talk\20260826_162754_sh_cheaptalk_run03.json,Qwen2.5-7B-Instruct,Qwen/Qwen2.5-7B-Instruct,sh,cycle,cheap_talk,baseline_cheap_talk,baseline_cheap_talk,neutral,16,5,3,1.0,,,,,,,,0.0,1.0
Qwen2.5-7B-Instruct_cycle\baseline\cheap_talk\20260826_162754_sh_cheaptalk_run04.json,Qwen2.5-7B-Instruct,Qwen/Qwen2.5-7B-Instruct,sh,cycle,cheap_talk,baseline_cheap_talk,baseline_cheap_talk,neutral,16,5,4,1.0,,,,,,,,0.0,1.0
Qwen2.5-7B-Instruct_cycle\baseline\cheap_talk\20260826_162754_sh_cheaptalk_run05.json,Qwen2.5-7B-Instruct,Qwen/Qwen2.5-7B-Instruct,sh,cycle,cheap_talk,baseline_cheap_talk,baseline_cheap_talk,neutral,16,5,5,1.0,,,,,,,,0.0,1.0
Qwen2.5-7B-Instruct_cycle\baseline\no_comm\20260826_162754_pd_nocomm_run01.json,Qwen2.5-7B-Instruct,Qwen/Qwen2.5-7B-Instruct,pd,cycle,no_comm,no_comm,no_comm,neutral,16,5,1,0.15625,,,,,,,,0.0,0.0
Qwen2.5-7B-Instruct_cycle\baseline\no_comm\20260826_162754_pd_nocomm_run02.json,Qwen2.5-7B-Instruct,Qwen/Qwen2.5-7B-Instruct,pd,cycle,no_comm,no_comm,no_comm,neutral,16,5,2,0.078125,,,,,,,,0.0,0.0
Qwen2.5-7B-Instruct_cycle\baseline\no_comm\20260826_162754_pd_nocomm_run03.json,Qwen2.5-7B-Instruct,Qwen/Qwen2.5-7B-Instruct,pd,cycle,no_comm,no_comm,no_comm,neutral,16,5,3,0.078125,,,,,,,,0.0,0.0
Qwen2.5-7B-Instruct_cycle\baseline\no_comm\20260826_162754_pd_nocomm_run04.json,Qwen2.5-7B-Instruct,Qwen/Qwen2.5-7B-Instruct,pd,cycle,no_comm,no_comm,no_comm,neutral,16,5,4,0.078125,,,,,,,,0.0,0.0
Qwen2.5-7B-Instruct_cycle\baseline\no_comm\20260826_162754_pd_nocomm_run05.json,Qwen2.5-7B-Instruct,Qwen/Qwen2.5-7B-Instruct,pd,cycle,no_comm,no_comm,no_comm,neutral,16,5,5,0.15625,,,,,,,,0.0,0.0
Qwen2.5-7B-Instruct_cycle\baseline\no_comm\20260826_162754_sh_nocomm_run01.json,Qwen2.5-7B-Instruct,Qwen/Qwen2.5-7B-Instruct,sh,cycle,no_comm,no_comm,no_comm,neutral,16,5,1,0.96875,,,,,,,,0.0,0.875
Qwen2.5-7B-Instruct_cycle\baseline\no_comm\20260826_162754_sh_nocomm_run02.json,Qwen2.5-7B-Instruct,Qwen/Qwen2.5-7B-Instruct,sh,cycle,no_comm,no_comm,no_comm,neutral,16,5,2,0.890625,,,,,,,,0.0,0.6875
Qwen2.5-7B-Instruct_cycle\baseline\no_comm\20260826_162754_sh_nocomm_run03.json,Qwen2.5-7B-Instruct,Qwen/Qwen2.5-7B-Instruct,sh,cycle,no_comm,no_comm,no_comm,neutral,16,5,3,0.890625,,,,,,,,0.0,0.6875
Qwen2.5-7B-Instruct_cycle\baseline\no_comm\20260826_162754_sh_nocomm_run04.json,Qwen2.5-7B-Instruct,Qwen/Qwen2.5-7B-Instruct,sh,cycle,no_comm,no_comm,no_comm,neutral,16,5,4,0.828125,,,,,,,,0.0,0.5625
Qwen2.5-7B-Instruct_cycle\baseline\no_comm\20260826_162754_sh_nocomm_run05.json,Qwen2.5-7B-Instruct,Qwen/Qwen2.5-7B-Instruct,sh,cycle,no_comm,no_comm,no_comm,neutral,16,5,5,0.96875,,,,,,,,0.0,0.875
Qwen2.5-7B-Instruct_cycle\counterfactual\cheap_talk\20260826_162754_pd_cheaptalk_run01.json,Qwen2.5-7B-Instruct,Qwen/Qwen2.5-7B-Instruct,pd,cycle,cheap_talk,counterfactual,counterfactual,neutral,16,5,1,1.0,,,,,,,,0.0,1.0
Qwen2.5-7B-Instruct_cycle\counterfactual\cheap_talk\20260826_162754_pd_cheaptalk_run02.json,Qwen2.5-7B-Instruct,Qwen/Qwen2.5-7B-Instruct,pd,cycle,cheap_talk,counterfactual,counterfactual,neutral,16,5,2,1.0,,,,,,,,0.0,1.0
Qwen2.5-7B-Instruct_cycle\counterfactual\cheap_talk\20260826_162754_pd_cheaptalk_run03.json,Qwen2.5-7B-Instruct,Qwen/Qwen2.5-7B-Instruct,pd,cycle,cheap_talk,counterfactual,counterfactual,neutral,16,5,3,1.0,,,,,,,,0.0,1.0
Qwen2.5-7B-Instruct_cycle\counterfactual\cheap_talk\20260826_162754_pd_cheaptalk_run04.json,Qwen2.5-7B-Instruct,Qwen/Qwen2.5-7B-Instruct,pd,cycle,cheap_talk,counterfactual,counterfactual,neutral,16,5,4,0.875,,,,,,,,0.0,0.75
Qwen2.5-7B-Instruct_cycle\counterfactual\cheap_talk\20260826_162754_pd_cheaptalk_run05.json,Qwen2.5-7B-Instruct,Qwen/Qwen2.5-7B-Instruct,pd,cycle,cheap_talk,counterfactual,counterfactual,neutral,16,5,5,0.984375,,,,,,,,0.0,0.9375
Qwen2.5-7B-Instruct_cycle\counterfactual\cheap_talk\20260826_162754_sh_cheaptalk_run01.json,Qwen2.5-7B-Instruct,Qwen/Qwen2.5-7B-Instruct,sh,cycle,cheap_talk,counterfactual,counterfactual,neutral,16,5,1,1.0,,,,,,,,0.0,1.0
Qwen2.5-7B-Instruct_cycle\counterfactual\cheap_talk\20260826_162754_sh_cheaptalk_run02.json,Qwen2.5-7B-Instruct,Qwen/Qwen2.5-7B-Instruct,sh,cycle,cheap_talk,counterfactual,counterfactual,neutral,16,5,2,1.0,,,,,,,,0.0,1.0
Qwen2.5-7B-Instruct_cycle\counterfactual\cheap_talk\20260826_162754_sh_cheaptalk_run03.json,Qwen2.5-7B-Instruct,Qwen/Qwen2.5-7B-Instruct,sh,cycle,cheap_talk,counterfactual,counterfactual,neutral,16,5,3,1.0,,,,,,,,0.0,1.0
Qwen2.5-7B-Instruct_cycle\counterfactual\cheap_talk\20260826_162754_sh_cheaptalk_run04.json,Qwen2.5-7B-Instruct,Qwen/Qwen2.5-7B-Instruct,sh,cycle,cheap_talk,counterfactual,counterfactual,neutral,16,5,4,1.0,,,,,,,,0.0,1.0
Qwen2.5-7B-Instruct_cycle\counterfactual\cheap_talk\20260826_162754_sh_cheaptalk_run05.json,Qwen2.5-7B-Instruct,Qwen/Qwen2.5-7B-Instruct,sh,cycle,cheap_talk,counterfactual,counterfactual,neutral,16,5,5,1.0,,,,,,,,0.0,1.0
Qwen2.5-7B-Instruct_cycle\framing_business\cheap_talk\20260826_162925_pd_cheaptalk_run01.json,Qwen2.5-7B-Instruct,Qwen/Qwen2.5-7B-Instruct,pd,cycle,cheap_talk,framing_business,framing_business,business,16,5,1,1.0,,,,,,,,0.0,1.0
Qwen2.5-7B-Instruct_cycle\framing_business\cheap_talk\20260826_162925_pd_cheaptalk_run02.json,Qwen2.5-7B-Instruct,Qwen/Qwen2.5-7B-Instruct,pd,cycle,cheap_talk,framing_business,framing_business,business,16,5,2,1.0,,,,,,,,0.0,1.0
Qwen2.5-7B-Instruct_cycle\framing_business\cheap_talk\20260826_162925_pd_cheaptalk_run03.json,Qwen2.5-7B-Instruct,Qwen/Qwen2.5-7B-Instruct,pd,cycle,cheap_talk,framing_business,framing_business,business,16,5,3,0.875,,,,,,,,0.0,0.625
Qwen2.5-7B-Instruct_cycle\framing_business\cheap_talk\20260826_162925_pd_cheaptalk_run04.json,Qwen2.5-7B-Instruct,Qwen/Qwen2.5-7B-Instruct,pd,cycle,cheap_talk,framing_business,framing_business,business,16,5,4,1.0,,,,,,,,0.0,1.0
Qwen2.5-7B-Instruct_cycle\framing_business\cheap_talk\20260826_162925_pd_cheaptalk_run05.json,Qwen2.5-7B-Instruct,Qwen/Qwen2.5-7B-Instruct,pd,cycle,cheap_talk,framing_business,framing_business,business,16,5,5,1.0,,,,,,,,0.0,1.0
Qwen2.5-7B-Instruct_cycle\framing_business\cheap_talk\20260826_162925_sh_cheaptalk_run01.json,Qwen2.5-7B-Instruct,Qwen/Qwen2.5-7B-Instruct,sh,cycle,cheap_talk,framing_business,framing_business,business,16,5,1,1.0,,,,,,,,0.0,1.0
Qwen2.5-7B-Instruct_cycle\framing_business\cheap_talk\20260826_162925_sh_cheaptalk_run02.json,Qwen2.5-7B-Instruct,Qwen/Qwen2.5-7B-Instruct,sh,cycle,cheap_talk,framing_business,framing_business,business,16,5,2,1.0,,,,,,,,0.0,1.0
Qwen2.5-7B-Instruct_cycle\framing_business\cheap_talk\20260826_162925_sh_cheaptalk_run03.json,Qwen2.5-7B-Instruct,Qwen/Qwen2.5-7B-Instruct,sh,cycle,cheap_talk,framing_business,framing_business,business,16,5,3,1.0,,,,,,,,0.0,1.0
Qwen2.5-7B-Instruct_cycle\framing_business\cheap_talk\20260826_162925_sh_cheaptalk_run04.json,Qwen2.5-7B-Instruct,Qwen/Qwen2.5-7B-Instruct,sh,cycle,cheap_talk,framing_business,framing_business,business,16,5,4,1.0,,,,,,,,0.0,1.0
Qwen2.5-7B-Instruct_cycle\framing_business\cheap_talk\20260826_162925_sh_cheaptalk_run05.json,Qwen2.5-7B-Instruct,Qwen/Qwen2.5-7B-Instruct,sh,cycle,cheap_talk,framing_business,framing_business,business,16,5,5,1.0,,,,,,,,0.0,1.0
Qwen2.5-7B-Instruct_cycle\framing_business_context\cheap_talk\20260827_102214_pd_cheaptalk_run01.json,Qwen2.5-7B-Instruct,Qwen/Qwen2.5-7B-Instruct,pd,cycle,cheap_talk,framing_business_context,framing_business_context[cheap_talk],neutral,16,5,1,1.0,,,,,,,,0.0,1.0
Qwen2.5-7B-Instruct_cycle\framing_business_context\cheap_talk\20260827_102214_pd_cheaptalk_run02.json,Qwen2.5-7B-Instruct,Qwen/Qwen2.5-7B-Instruct,pd,cycle,cheap_talk,framing_business_context,framing_business_context[cheap_talk],neutral,16,5,2,1.0,,,,,,,,0.0,1.0
Qwen2.5-7B-Instruct_cycle\framing_business_context\cheap_talk\20260827_102214_pd_cheaptalk_run03.json,Qwen2.5-7B-Instruct,Qwen/Qwen2.5-7B-Instruct,pd,cycle,cheap_talk,framing_business_context,framing_business_context[cheap_talk],neutral,16,5,3,1.0,,,,,,,,0.0,1.0
Qwen2.5-7B-Instruct_cycle\framing_business_context\cheap_talk\20260827_102214_pd_cheaptalk_run04.json,Qwen2.5-7B-Instruct,Qwen/Qwen2.5-7B-Instruct,pd,cycle,cheap_talk,framing_business_context,framing_business_context[cheap_talk],neutral,16,5,4,1.0,,,,,,,,0.0,1.0
Qwen2.5-7B-Instruct_cycle\framing_business_context\cheap_talk\20260827_102214_pd_cheaptalk_run05.json,Qwen2.5-7B-Instruct,Qwen/Qwen2.5-7B-Instruct,pd,cycle,cheap_talk,framing_business_context,framing_business_context[cheap_talk],neutral,16,5,5,1.0,,,,,,,,0.0,1.0
Qwen2.5-7B-Instruct_cycle\framing_business_context\cheap_talk\20260827_102214_sh_cheaptalk_run01.json,Qwen2.5-7B-Instruct,Qwen/Qwen2.5-7B-Instruct,sh,cycle,cheap_talk,framing_business_context,framing_business_context[cheap_talk],neutral,16,5,1,1.0,,,,,,,,0.0,1.0
Qwen2.5-7B-Instruct_cycle\framing_business_context\cheap_talk\20260827_102214_sh_cheaptalk_run02.json,Qwen2.5-7B-Instruct,Qwen/Qwen2.5-7B-Instruct,sh,cycle,cheap_talk,framing_business_context,framing_business_context[cheap_talk],neutral,16,5,2,1.0,,,,,,,,0.0,1.0
Qwen2.5-7B-Instruct_cycle\framing_business_context\cheap_talk\20260827_102214_sh_cheaptalk_run03.json,Qwen2.5-7B-Instruct,Qwen/Qwen2.5-7B-Instruct,sh,cycle,cheap_talk,framing_business_context,framing_business_context[cheap_talk],neutral,16,5,3,1.0,,,,,,,,0.0,1.0
Qwen2.5-7B-Instruct_cycle\framing_business_context\cheap_talk\20260827_102214_sh_cheaptalk_run04.json,Qwen2.5-7B-Instruct,Qwen/Qwen2.5-7B-Instruct,sh,cycle,cheap_talk,framing_business_context,framing_business_context[cheap_talk],neutral,16,5,4,1.0,,,,,,,,0.0,1.0
Qwen2.5-7B-Instruct_cycle\framing_business_context\cheap_talk\20260827_102214_sh_cheaptalk_run05.json,Qwen2.5-7B-Instruct,Qwen/Qwen2.5-7B-Instruct,sh,cycle,cheap_talk,framing_business_context,framing_business_context[cheap_talk],neutral,16,5,5,1.0,,,,,,,,0.0,1.0
Qwen2.5-7B-Instruct_cycle\framing_business_context\no_comm\20260827_102214_pd_nocomm_run01.json,Qwen2.5-7B-Instruct,Qwen/Qwen2.5-7B-Instruct,pd,cycle,no_comm,framing_business_context,framing_business_context[no_comm],neutral,16,5,1,1.0,,,,,,,,0.0,1.0
Qwen2.5-7B-Instruct_cycle\framing_business_context\no_comm\20260827_102214_pd_nocomm_run02.json,Qwen2.5-7B-Instruct,Qwen/Qwen2.5-7B-Instruct,pd,cycle,no_comm,framing_business_context,framing_business_context[no_comm],neutral,16,5,2,0.1875,,,,,,,,0.0,0.0
Qwen2.5-7B-Instruct_cycle\framing_business_context\no_comm\20260827_102214_pd_nocomm_run03.json,Qwen2.5-7B-Instruct,Qwen/Qwen2.5-7B-Instruct,pd,cycle,no_comm,framing_business_context,framing_business_context[no_comm],neutral,16,5,3,1.0,,,,,,,,0.0,1.0
Qwen2.5-7B-Instruct_cycle\framing_business_context\no_comm\20260827_102214_pd_nocomm_run04.json,Qwen2.5-7B-Instruct,Qwen/Qwen2.5-7B-Instruct,pd,cycle,no_comm,framing_business_context,framing_business_context[no_comm],neutral,16,5,4,0.125,,,,,,,,0.0,0.0
Qwen2.5-7B-Instruct_cycle\framing_business_context\no_comm\20260827_102214_pd_nocomm_run05.json,Qwen2.5-7B-Instruct,Qwen/Qwen2.5-7B-Instruct,pd,cycle,no_comm,framing_business_context,framing_business_context[no_comm],neutral,16,5,5,1.0,,,,,,,,0.0,1.0
Qwen2.5-7B-Instruct_cycle\framing_business_context\no_comm\20260827_102214_sh_nocomm_run01.json,Qwen2.5-7B-Instruct,Qwen/Qwen2.5-7B-Instruct,sh,cycle,no_comm,framing_business_context,framing_business_context[no_comm],neutral,16,5,1,1.0,,,,,,,,0.0,1.0
Qwen2.5-7B-Instruct_cycle\framing_business_context\no_comm\20260827_102214_sh_nocomm_run02.json,Qwen2.5-7B-Instruct,Qwen/Qwen2.5-7B-Instruct,sh,cycle,no_comm,framing_business_context,framing_business_context[no_comm],neutral,16,5,2,1.0,,,,,,,,0.0,1.0
Qwen2.5-7B-Instruct_cycle\framing_business_context\no_comm\20260827_102214_sh_nocomm_run03.json,Qwen2.5-7B-Instruct,Qwen/Qwen2.5-7B-Instruct,sh,cycle,no_comm,framing_business_context,framing_business_context[no_comm],neutral,16,5,3,0.984375,,,,,,,,0.0,0.9375
Qwen2.5-7B-Instruct_cycle\framing_business_context\no_comm\20260827_102214_sh_nocomm_run04.json,Qwen2.5-7B-Instruct,Qwen/Qwen2.5-7B-Instruct,sh,cycle,no_comm,framing_business_context,framing_business_context[no_comm],neutral,16,5,4,1.0,,,,,,,,0.0,1.0
Qwen2.5-7B-Instruct_cycle\framing_business_context\no_comm\20260827_102214_sh_nocomm_run05.json,Qwen2.5-7B-Instruct,Qwen/Qwen2.5-7B-Instruct,sh,cycle,no_comm,framing_business_context,framing_business_context[no_comm],neutral,16,5,5,1.0,,,,,,,,0.0,1.0
Qwen2.5-7B-Instruct_cycle\framing_competitive\cheap_talk\20260826_162925_pd_cheaptalk_run01.json,Qwen2.5-7B-Instruct,Qwen/Qwen2.5-7B-Instruct,pd,cycle,cheap_talk,framing_competitive,framing_competitive,competitive,16,5,1,0.15625,,,,,,,,0.0,0.0
Qwen2.5-7B-Instruct_cycle\framing_competitive\cheap_talk\20260826_162925_pd_cheaptalk_run02.json,Qwen2.5-7B-Instruct,Qwen/Qwen2.5-7B-Instruct,pd,cycle,cheap_talk,framing_competitive,framing_competitive,competitive,16,5,2,0.0625,,,,,,,,0.0,0.0
Qwen2.5-7B-Instruct_cycle\framing_competitive\cheap_talk\20260826_162925_pd_cheaptalk_run03.json,Qwen2.5-7B-Instruct,Qwen/Qwen2.5-7B-Instruct,pd,cycle,cheap_talk,framing_competitive,framing_competitive,competitive,16,5,3,0.0625,,,,,,,,0.0,0.0
Qwen2.5-7B-Instruct_cycle\framing_competitive\cheap_talk\20260826_162925_pd_cheaptalk_run04.json,Qwen2.5-7B-Instruct,Qwen/Qwen2.5-7B-Instruct,pd,cycle,cheap_talk,framing_competitive,framing_competitive,competitive,16,5,4,0.28125,,,,,,,,0.0,0.0
Qwen2.5-7B-Instruct_cycle\framing_competitive\cheap_talk\20260826_162925_pd_cheaptalk_run05.json,Qwen2.5-7B-Instruct,Qwen/Qwen2.5-7B-Instruct,pd,cycle,cheap_talk,framing_competitive,framing_competitive,competitive,16,5,5,0.03125,,,,,,,,0.0,0.0
Qwen2.5-7B-Instruct_cycle\framing_competitive\cheap_talk\20260826_162925_sh_cheaptalk_run01.json,Qwen2.5-7B-Instruct,Qwen/Qwen2.5-7B-Instruct,sh,cycle,cheap_talk,framing_competitive,framing_competitive,competitive,16,5,1,0.90625,,,,,,,,0.0,0.75
Qwen2.5-7B-Instruct_cycle\framing_competitive\cheap_talk\20260826_162925_sh_cheaptalk_run02.json,Qwen2.5-7B-Instruct,Qwen/Qwen2.5-7B-Instruct,sh,cycle,cheap_talk,framing_competitive,framing_competitive,competitive,16,5,2,0.96875,,,,,,,,0.0,0.875
Qwen2.5-7B-Instruct_cycle\framing_competitive\cheap_talk\20260826_162925_sh_cheaptalk_run03.json,Qwen2.5-7B-Instruct,Qwen/Qwen2.5-7B-Instruct,sh,cycle,cheap_talk,framing_competitive,framing_competitive,competitive,16,5,3,1.0,,,,,,,,0.0,1.0
Qwen2.5-7B-Instruct_cycle\framing_competitive\cheap_talk\20260826_162925_sh_cheaptalk_run04.json,Qwen2.5-7B-Instruct,Qwen/Qwen2.5-7B-Instruct,sh,cycle,cheap_talk,framing_competitive,framing_competitive,competitive,16,5,4,0.984375,,,,,,,,0.0,0.9375
Qwen2.5-7B-Instruct_cycle\framing_competitive\cheap_talk\20260826_162925_sh_cheaptalk_run05.json,Qwen2.5-7B-Instruct,Qwen/Qwen2.5-7B-Instruct,sh,cycle,cheap_talk,framing_competitive,framing_competitive,competitive,16,5,5,1.0,,,,,,,,0.0,1.0
Qwen2.5-7B-Instruct_cycle\framing_competitive_context\cheap_talk\20260827_102250_pd_cheaptalk_run01.json,Qwen2.5-7B-Instruct,Qwen/Qwen2.5-7B-Instruct,pd,cycle,cheap_talk,framing_competitive_context,framing_competitive_context[cheap_talk],neutral,16,5,1,1.0,,,,,,,,0.0,1.0
Qwen2.5-7B-Instruct_cycle\framing_competitive_context\cheap_talk\20260827_102250_pd_cheaptalk_run02.json,Qwen2.5-7B-Instruct,Qwen/Qwen2.5-7B-Instruct,pd,cycle,cheap_talk,framing_competitive_context,framing_competitive_context[cheap_talk],neutral,16,5,2,1.0,,,,,,,,0.0,1.0
Qwen2.5-7B-Instruct_cycle\framing_competitive_context\cheap_talk\20260827_102250_pd_cheaptalk_run03.json,Qwen2.5-7B-Instruct,Qwen/Qwen2.5-7B-Instruct,pd,cycle,cheap_talk,framing_competitive_context,framing_competitive_context[cheap_talk],neutral,16,5,3,1.0,,,,,,,,0.0,1.0
Qwen2.5-7B-Instruct_cycle\framing_competitive_context\cheap_talk\20260827_102250_pd_cheaptalk_run04.json,Qwen2.5-7B-Instruct,Qwen/Qwen2.5-7B-Instruct,pd,cycle,cheap_talk,framing_competitive_context,framing_competitive_context[cheap_talk],neutral,16,5,4,1.0,,,,,,,,0.0,1.0
Qwen2.5-7B-Instruct_cycle\framing_competitive_context\cheap_talk\20260827_102250_pd_cheaptalk_run05.json,Qwen2.5-7B-Instruct,Qwen/Qwen2.5-7B-Instruct,pd,cycle,cheap_talk,framing_competitive_context,framing_competitive_context[cheap_talk],neutral,16,5,5,0.71875,,,,,,,,0.0,0.25
Qwen2.5-7B-Instruct_cycle\framing_competitive_context\cheap_talk\20260827_102250_sh_cheaptalk_run01.json,Qwen2.5-7B-Instruct,Qwen/Qwen2.5-7B-Instruct,sh,cycle,cheap_talk,framing_competitive_context,framing_competitive_context[cheap_talk],neutral,16,5,1,1.0,,,,,,,,0.0,1.0
Qwen2.5-7B-Instruct_cycle\framing_competitive_context\cheap_talk\20260827_102250_sh_cheaptalk_run02.json,Qwen2.5-7B-Instruct,Qwen/Qwen2.5-7B-Instruct,sh,cycle,cheap_talk,framing_competitive_context,framing_competitive_context[cheap_talk],neutral,16,5,2,1.0,,,,,,,,0.0,1.0
Qwen2.5-7B-Instruct_cycle\framing_competitive_context\cheap_talk\20260827_102250_sh_cheaptalk_run03.json,Qwen2.5-7B-Instruct,Qwen/Qwen2.5-7B-Instruct,sh,cycle,cheap_talk,framing_competitive_context,framing_competitive_context[cheap_talk],neutral,16,5,3,1.0,,,,,,,,0.0,1.0
Qwen2.5-7B-Instruct_cycle\framing_competitive_context\cheap_talk\20260827_102250_sh_cheaptalk_run04.json,Qwen2.5-7B-Instruct,Qwen/Qwen2.5-7B-Instruct,sh,cycle,cheap_talk,framing_competitive_context,framing_competitive_context[cheap_talk],neutral,16,5,4,1.0,,,,,,,,0.0,1.0
Qwen2.5-7B-Instruct_cycle\framing_competitive_context\cheap_talk\20260827_102250_sh_cheaptalk_run05.json,Qwen2.5-7B-Instruct,Qwen/Qwen2.5-7B-Instruct,sh,cycle,cheap_talk,framing_competitive_context,framing_competitive_context[cheap_talk],neutral,16,5,5,1.0,,,,,,,,0.0,1.0
Qwen2.5-7B-Instruct_cycle\framing_competitive_context\no_comm\20260827_102250_pd_nocomm_run01.json,Qwen2.5-7B-Instruct,Qwen/Qwen2.5-7B-Instruct,pd,cycle,no_comm,framing_competitive_context,framing_competitive_context[no_comm],neutral,16,5,1,0.125,,,,,,,,0.0,0.0
Qwen2.5-7B-Instruct_cycle\framing_competitive_context\no_comm\20260827_102250_pd_nocomm_run02.json,Qwen2.5-7B-Instruct,Qwen/Qwen2.5-7B-Instruct,pd,cycle,no_comm,framing_competitive_context,framing_competitive_context[no_comm],neutral,16,5,2,0.140625,,,,,,,,0.0,0.0
Qwen2.5-7B-Instruct_cycle\framing_competitive_context\no_comm\20260827_102250_pd_nocomm_run03.json,Qwen2.5-7B-Instruct,Qwen/Qwen2.5-7B-Instruct,pd,cycle,no_comm,framing_competitive_context,framing_competitive_context[no_comm],neutral,16,5,3,0.125,,,,,,,,0.0,0.0
Qwen2.5-7B-Instruct_cycle\framing_competitive_context\no_comm\20260827_102250_pd_nocomm_run04.json,Qwen2.5-7B-Instruct,Qwen/Qwen2.5-7B-Instruct,pd,cycle,no_comm,framing_competitive_context,framing_competitive_context[no_comm],neutral,16,5,4,0.171875,,,,,,,,0.0,0.0
Qwen2.5-7B-Instruct_cycle\framing_competitive_context\no_comm\20260827_102250_pd_nocomm_run05.json,Qwen2.5-7B-Instruct,Qwen/Qwen2.5-7B-Instruct,pd,cycle,no_comm,framing_competitive_context,framing_competitive_context[no_comm],neutral,16,5,5,0.125,,,,,,,,0.0,0.0
Qwen2.5-7B-Instruct_cycle\framing_competitive_context\no_comm\20260827_102250_sh_nocomm_run01.json,Qwen2.5-7B-Instruct,Qwen/Qwen2.5-7B-Instruct,sh,cycle,no_comm,framing_competitive_context,framing_competitive_context[no_comm],neutral,16,5,1,0.921875,,,,,,,,0.0,0.6875
Qwen2.5-7B-Instruct_cycle\framing_competitive_context\no_comm\20260827_102250_sh_nocomm_run02.json,Qwen2.5-7B-Instruct,Qwen/Qwen2.5-7B-Instruct,sh,cycle,no_comm,framing_competitive_context,framing_competitive_context[no_comm],neutral,16,5,2,0.78125,,,,,,,,0.0,0.5
Qwen2.5-7B-Instruct_cycle\framing_competitive_context\no_comm\20260827_102250_sh_nocomm_run03.json,Qwen2.5-7B-Instruct,Qwen/Qwen2.5-7B-Instruct,sh,cycle,no_comm,framing_competitive_context,framing_competitive_context[no_comm],neutral,16,5,3,0.796875,,,,,,,,0.0,0.5625
Qwen2.5-7B-Instruct_cycle\framing_competitive_context\no_comm\20260827_102250_sh_nocomm_run04.json,Qwen2.5-7B-Instruct,Qwen/Qwen2.5-7B-Instruct,sh,cycle,no_comm,framing_competitive_context,framing_competitive_context[no_comm],neutral,16,5,4,0.84375,,,,,,,,0.0,0.5625
Qwen2.5-7B-Instruct_cycle\framing_competitive_context\no_comm\20260827_102250_sh_nocomm_run05.json,Qwen2.5-7B-Instruct,Qwen/Qwen2.5-7B-Instruct,sh,cycle,no_comm,framing_competitive_context,framing_competitive_context[no_comm],neutral,16,5,5,0.96875,,,,,,,,0.0,0.875
Qwen2.5-7B-Instruct_cycle\framing_team\cheap_talk\20260826_162925_pd_cheaptalk_run01.json,Qwen2.5-7B-Instruct,Qwen/Qwen2.5-7B-Instruct,pd,cycle,cheap_talk,framing_team,framing_team,team,16,5,1,0.984375,,,,,,,,0.0,0.9375
Qwen2.5-7B-Instruct_cycle\framing_team\cheap_talk\20260826_162925_pd_cheaptalk_run02.json,Qwen2.5-7B-Instruct,Qwen/Qwen2.5-7B-Instruct,pd,cycle,cheap_talk,framing_team,framing_team,team,16,5,2,1.0,,,,,,,,0.0,1.0
Qwen2.5-7B-Instruct_cycle\framing_team\cheap_talk\20260826_162925_pd_cheaptalk_run03.json,Qwen2.5-7B-Instruct,Qwen/Qwen2.5-7B-Instruct,pd,cycle,cheap_talk,framing_team,framing_team,team,16,5,3,1.0,,,,,,,,0.0,1.0
Qwen2.5-7B-Instruct_cycle\framing_team\cheap_talk\20260826_162925_pd_cheaptalk_run04.json,Qwen2.5-7B-Instruct,Qwen/Qwen2.5-7B-Instruct,pd,cycle,cheap_talk,framing_team,framing_team,team,16,5,4,1.0,,,,,,,,0.0,1.0
Qwen2.5-7B-Instruct_cycle\framing_team\cheap_talk\20260826_162925_pd_cheaptalk_run05.json,Qwen2.5-7B-Instruct,Qwen/Qwen2.5-7B-Instruct,pd,cycle,cheap_talk,framing_team,framing_team,team,16,5,5,1.0,,,,,,,,0.0,1.0
Qwen2.5-7B-Instruct_cycle\framing_team\cheap_talk\20260826_162925_sh_cheaptalk_run01.json,Qwen2.5-7B-Instruct,Qwen/Qwen2.5-7B-Instruct,sh,cycle,cheap_talk,framing_team,framing_team,team,16,5,1,1.0,,,,,,,,0.0,1.0
Qwen2.5-7B-Instruct_cycle\framing_team\cheap_talk\20260826_162925_sh_cheaptalk_run02.json,Qwen2.5-7B-Instruct,Qwen/Qwen2.5-7B-Instruct,sh,cycle,cheap_talk,framing_team,framing_team,team,16,5,2,1.0,,,,,,,,0.0,1.0
Qwen2.5-7B-Instruct_cycle\framing_team\cheap_talk\20260826_162925_sh_cheaptalk_run03.json,Qwen2.5-7B-Instruct,Qwen/Qwen2.5-7B-Instruct,sh,cycle,cheap_talk,framing_team,framing_team,team,16,5,3,1.0,,,,,,,,0.0,1.0
Qwen2.5-7B-Instruct_cycle\framing_team\cheap_talk\20260826_162925_sh_cheaptalk_run04.json,Qwen2.5-7B-Instruct,Qwen/Qwen2.5-7B-Instruct,sh,cycle,cheap_talk,framing_team,framing_team,team,16,5,4,1.0,,,,,,,,0.0,1.0
Qwen2.5-7B-Instruct_cycle\framing_team\cheap_talk\20260826_162925_sh_cheaptalk_run05.json,Qwen2.5-7B-Instruct,Qwen/Qwen2.5-7B-Instruct,sh,cycle,cheap_talk,framing_team,framing_team,team,16,5,5,1.0,,,,,,,,0.0,1.0
Qwen2.5-7B-Instruct_cycle\framing_team_context\cheap_talk\20260827_102214_pd_cheaptalk_run01.json,Qwen2.5-7B-Instruct,Qwen/Qwen2.5-7B-Instruct,pd,cycle,cheap_talk,framing_team_context,framing_team_context[cheap_talk],neutral,16,5,1,0.984375,,,,,,,,0.0,0.9375
Qwen2.5-7B-Instruct_cycle\framing_team_context\cheap_talk\20260827_102214_pd_cheaptalk_run02.json,Qwen2.5-7B-Instruct,Qwen/Qwen2.5-7B-Instruct,pd,cycle,cheap_talk,framing_team_context,framing_team_context[cheap_talk],neutral,16,5,2,1.0,,,,,,,,0.0,1.0
Qwen2.5-7B-Instruct_cycle\framing_team_context\cheap_talk\20260827_102214_pd_cheaptalk_run03.json,Qwen2.5-7B-Instruct,Qwen/Qwen2.5-7B-Instruct,pd,cycle,cheap_talk,framing_team_context,framing_team_context[cheap_talk],neutral,16,5,3,1.0,,,,,,,,0.0,1.0
Qwen2.5-7B-Instruct_cycle\framing_team_context\cheap_talk\20260827_102214_pd_cheaptalk_run04.json,Qwen2.5-7B-Instruct,Qwen/Qwen2.5-7B-Instruct,pd,cycle,cheap_talk,framing_team_context,framing_team_context[cheap_talk],neutral,16,5,4,1.0,,,,,,,,0.0,1.0
Qwen2.5-7B-Instruct_cycle\framing_team_context\cheap_talk\20260827_102214_pd_cheaptalk_run05.json,Qwen2.5-7B-Instruct,Qwen/Qwen2.5-7B-Instruct,pd,cycle,cheap_talk,framing_team_context,framing_team_context[cheap_talk],neutral,16,5,5,1.0,,,,,,,,0.0,1.0
Qwen2.5-7B-Instruct_cycle\framing_team_context\cheap_talk\20260827_102214_sh_cheaptalk_run01.json,Qwen2.5-7B-Instruct,Qwen/Qwen2.5-7B-Instruct,sh,cycle,cheap_talk,framing_team_context,framing_team_context[cheap_talk],neutral,16,5,1,1.0,,,,,,,,0.0,1.0
Qwen2.5-7B-Instruct_cycle\framing_team_context\cheap_talk\20260827_102214_sh_cheaptalk_run02.json,Qwen2.5-7B-Instruct,Qwen/Qwen2.5-7B-Instruct,sh,cycle,cheap_talk,framing_team_context,framing_team_context[cheap_talk],neutral,16,5,2,1.0,,,,,,,,0.0,1.0
Qwen2.5-7B-Instruct_cycle\framing_team_context\cheap_talk\20260827_102214_sh_cheaptalk_run03.json,Qwen2.5-7B-Instruct,Qwen/Qwen2.5-7B-Instruct,sh,cycle,cheap_talk,framing_team_context,framing_team_context[cheap_talk],neutral,16,5,3,1.0,,,,,,,,0.0,1.0
Qwen2.5-7B-Instruct_cycle\framing_team_context\cheap_talk\20260827_102214_sh_cheaptalk_run04.json,Qwen2.5-7B-Instruct,Qwen/Qwen2.5-7B-Instruct,sh,cycle,cheap_talk,framing_team_context,framing_team_context[cheap_talk],neutral,16,5,4,1.0,,,,,,,,0.0,1.0
Qwen2.5-7B-Instruct_cycle\framing_team_context\cheap_talk\20260827_102214_sh_cheaptalk_run05.json,Qwen2.5-7B-Instruct,Qwen/Qwen2.5-7B-Instruct,sh,cycle,cheap_talk,framing_team_context,framing_team_context[cheap_talk],neutral,16,5,5,1.0,,,,,,,,0.0,1.0
Qwen2.5-7B-Instruct_cycle\framing_team_context\no_comm\20260827_102214_pd_nocomm_run01.json,Qwen2.5-7B-Instruct,Qwen/Qwen2.5-7B-Instruct,pd,cycle,no_comm,framing_team_context,framing_team_context[no_comm],neutral,16,5,1,0.6875,,,,,,,,0.0,0.25
Qwen2.5-7B-Instruct_cycle\framing_team_context\no_comm\20260827_102214_pd_nocomm_run02.json,Qwen2.5-7B-Instruct,Qwen/Qwen2.5-7B-Instruct,pd,cycle,no_comm,framing_team_context,framing_team_context[no_comm],neutral,16,5,2,1.0,,,,,,,,0.0,1.0
Qwen2.5-7B-Instruct_cycle\framing_team_context\no_comm\20260827_102214_pd_nocomm_run03.json,Qwen2.5-7B-Instruct,Qwen/Qwen2.5-7B-Instruct,pd,cycle,no_comm,framing_team_context,framing_team_context[no_comm],neutral,16,5,3,1.0,,,,,,,,0.0,1.0
Qwen2.5-7B-Instruct_cycle\framing_team_context\no_comm\20260827_102214_pd_nocomm_run04.json,Qwen2.5-7B-Instruct,Qwen/Qwen2.5-7B-Instruct,pd,cycle,no_comm,framing_team_context,framing_team_context[no_comm],neutral,16,5,4,1.0,,,,,,,,0.0,1.0
Qwen2.5-7B-Instruct_cycle\framing_team_context\no_comm\20260827_102214_pd_nocomm_run05.json,Qwen2.5-7B-Instruct,Qwen/Qwen2.5-7B-Instruct,pd,cycle,no_comm,framing_team_context,framing_team_context[no_comm],neutral,16,5,5,1.0,,,,,,,,0.0,1.0
Qwen2.5-7B-Instruct_cycle\framing_team_context\no_comm\20260827_102214_sh_nocomm_run01.json,Qwen2.5-7B-Instruct,Qwen/Qwen2.5-7B-Instruct,sh,cycle,no_comm,framing_team_context,framing_team_context[no_comm],neutral,16,5,1,1.0,,,,,,,,0.0,1.0
Qwen2.5-7B-Instruct_cycle\framing_team_context\no_comm\20260827_102214_sh_nocomm_run02.json,Qwen2.5-7B-Instruct,Qwen/Qwen2.5-7B-Instruct,sh,cycle,no_comm,framing_team_context,framing_team_context[no_comm],neutral,16,5,2,1.0,,,,,,,,0.0,1.0
Qwen2.5-7B-Instruct_cycle\framing_team_context\no_comm\20260827_102214_sh_nocomm_run03.json,Qwen2.5-7B-Instruct,Qwen/Qwen2.5-7B-Instruct,sh,cycle,no_comm,framing_team_context,framing_team_context[no_comm],neutral,16,5,3,1.0,,,,,,,,0.0,1.0
Qwen2.5-7B-Instruct_cycle\framing_team_context\no_comm\20260827_102214_sh_nocomm_run04.json,Qwen2.5-7B-Instruct,Qwen/Qwen2.5-7B-Instruct,sh,cycle,no_comm,framing_team_context,framing_team_context[no_comm],neutral,16,5,4,1.0,,,,,,,,0.0,1.0
Qwen2.5-7B-Instruct_cycle\framing_team_context\no_comm\20260827_102214_sh_nocomm_run05.json,Qwen2.5-7B-Instruct,Qwen/Qwen2.5-7B-Instruct,sh,cycle,no_comm,framing_team_context,framing_team_context[no_comm],neutral,16,5,5,1.0,,,,,,,,0.0,1.0
Qwen2.5-7B-Instruct_cycle\no_sense\cheap_talk\20260825_220054_pd_cheaptalk_run01.json,Qwen2.5-7B-Instruct,Qwen/Qwen2.5-7B-Instruct,pd,cycle,cheap_talk,no_sense,no_sense,neutral,16,5,1,0.078125,,,,,,,,0.0,0.0
Qwen2.5-7B-Instruct_cycle\no_sense\cheap_talk\20260825_220054_pd_cheaptalk_run02.json,Qwen2.5-7B-Instruct,Qwen/Qwen2.5-7B-Instruct,pd,cycle,cheap_talk,no_sense,no_sense,neutral,16,5,2,0.125,,,,,,,,0.0,0.0
Qwen2.5-7B-Instruct_cycle\no_sense\cheap_talk\20260825_220054_pd_cheaptalk_run03.json,Qwen2.5-7B-Instruct,Qwen/Qwen2.5-7B-Instruct,pd,cycle,cheap_talk,no_sense,no_sense,neutral,16,5,3,0.28125,,,,,,,,0.0,0.0625
Qwen2.5-7B-Instruct_cycle\no_sense\cheap_talk\20260825_220054_pd_cheaptalk_run04.json,Qwen2.5-7B-Instruct,Qwen/Qwen2.5-7B-Instruct,pd,cycle,cheap_talk,no_sense,no_sense,neutral,16,5,4,0.203125,,,,,,,,0.0,0.0
Qwen2.5-7B-Instruct_cycle\no_sense\cheap_talk\20260825_220054_pd_cheaptalk_run05.json,Qwen2.5-7B-Instruct,Qwen/Qwen2.5-7B-Instruct,pd,cycle,cheap_talk,no_sense,no_sense,neutral,16,5,5,0.15625,,,,,,,,0.0,0.0625
Qwen2.5-7B-Instruct_cycle\no_sense\cheap_talk\20260825_220054_sh_cheaptalk_run01.json,Qwen2.5-7B-Instruct,Qwen/Qwen2.5-7B-Instruct,sh,cycle,cheap_talk,no_sense,no_sense,neutral,16,5,1,0.984375,,,,,,,,0.0,0.9375
Qwen2.5-7B-Instruct_cycle\no_sense\cheap_talk\20260825_220054_sh_cheaptalk_run02.json,Qwen2.5-7B-Instruct,Qwen/Qwen2.5-7B-Instruct,sh,cycle,cheap_talk,no_sense,no_sense,neutral,16,5,2,0.90625,,,,,,,,0.0,0.6875
Qwen2.5-7B-Instruct_cycle\no_sense\cheap_talk\20260825_220054_sh_cheaptalk_run03.json,Qwen2.5-7B-Instruct,Qwen/Qwen2.5-7B-Instruct,sh,cycle,cheap_talk,no_sense,no_sense,neutral,16,5,3,0.921875,,,,,,,,0.0,0.8125
Qwen2.5-7B-Instruct_cycle\no_sense\cheap_talk\20260825_220054_sh_cheaptalk_run04.json,Qwen2.5-7B-Instruct,Qwen/Qwen2.5-7B-Instruct,sh,cycle,cheap_talk,no_sense,no_sense,neutral,16,5,4,0.921875,,,,,,,,0.0,0.75
Qwen2.5-7B-Instruct_cycle\no_sense\cheap_talk\20260825_220054_sh_cheaptalk_run05.json,Qwen2.5-7B-Instruct,Qwen/Qwen2.5-7B-Instruct,sh,cycle,cheap_talk,no_sense,no_sense,neutral,16,5,5,0.921875,,,,,,,,0.0,0.6875
Qwen2.5-7B-Instruct_cycle\silence\cheap_talk\20260825_220054_pd_cheaptalk_run01.json,Qwen2.5-7B-Instruct,Qwen/Qwen2.5-7B-Instruct,pd,cycle,cheap_talk,silence,silence,neutral,16,5,1,0.40625,,,,,,,,0.0,0.0
Qwen2.5-7B-Instruct_cycle\silence\cheap_talk\20260825_220054_pd_cheaptalk_run02.json,Qwen2.5-7B-Instruct,Qwen/Qwen2.5-7B-Instruct,pd,cycle,cheap_talk,silence,silence,neutral,16,5,2,0.40625,,,,,,,,0.0,0.0
Qwen2.5-7B-Instruct_cycle\silence\cheap_talk\20260825_220054_pd_cheaptalk_run03.json,Qwen2.5-7B-Instruct,Qwen/Qwen2.5-7B-Instruct,pd,cycle,cheap_talk,silence,silence,neutral,16,5,3,0.328125,,,,,,,,0.0,0.0
Qwen2.5-7B-Instruct_cycle\silence\cheap_talk\20260825_220054_pd_cheaptalk_run04.json,Qwen2.5-7B-Instruct,Qwen/Qwen2.5-7B-Instruct,pd,cycle,cheap_talk,silence,silence,neutral,16,5,4,0.453125,,,,,,,,0.0,0.0
Qwen2.5-7B-Instruct_cycle\silence\cheap_talk\20260825_220054_pd_cheaptalk_run05.json,Qwen2.5-7B-Instruct,Qwen/Qwen2.5-7B-Instruct,pd,cycle,cheap_talk,silence,silence,neutral,16,5,5,0.375,,,,,,,,0.0,0.0
Qwen2.5-7B-Instruct_cycle\silence\cheap_talk\20260825_220054_sh_cheaptalk_run01.json,Qwen2.5-7B-Instruct,Qwen/Qwen2.5-7B-Instruct,sh,cycle,cheap_talk,silence,silence,neutral,16,5,1,1.0,,,,,,,,0.0,1.0
Qwen2.5-7B-Instruct_cycle\silence\cheap_talk\20260825_220054_sh_cheaptalk_run02.json,Qwen2.5-7B-Instruct,Qwen/Qwen2.5-7B-Instruct,sh,cycle,cheap_talk,silence,silence,neutral,16,5,2,0.9375,,,,,,,,0.0,0.75
Qwen2.5-7B-Instruct_cycle\silence\cheap_talk\20260825_220054_sh_cheaptalk_run03.json,Qwen2.5-7B-Instruct,Qwen/Qwen2.5-7B-Instruct,sh,cycle,cheap_talk,silence,silence,neutral,16,5,3,1.0,,,,,,,,0.0,1.0
Qwen2.5-7B-Instruct_cycle\silence\cheap_talk\20260825_220054_sh_cheaptalk_run04.json,Qwen2.5-7B-Instruct,Qwen/Qwen2.5-7B-Instruct,sh,cycle,cheap_talk,silence,silence,neutral,16,5,4,1.0,,,,,,,,0.0,1.0
Qwen2.5-7B-Instruct_cycle\silence\cheap_talk\20260825_220054_sh_cheaptalk_run05.json,Qwen2.5-7B-Instruct,Qwen/Qwen2.5-7B-Instruct,sh,cycle,cheap_talk,silence,silence,neutral,16,5,5,1.0,,,,,,,,0.0,1.0
Qwen3-4B_star\baseline\cheap_talk\20260821_102756_pd_cheaptalk_run01.json,Qwen3-4B,Qwen/Qwen3-4B,pd,star,cheap_talk,baseline_cheap_talk,baseline_cheap_talk,neutral,16,5,1,1.0,1.0,1.0,0.0,192.0,4.0,1.0,0.0,0.0,1.0
Qwen3-4B_star\baseline\cheap_talk\20260821_102756_pd_cheaptalk_run02.json,Qwen3-4B,Qwen/Qwen3-4B,pd,star,cheap_talk,baseline_cheap_talk,baseline_cheap_talk,neutral,16,5,2,1.0,1.0,1.0,0.0,192.0,4.0,1.0,0.0,0.0,1.0
Qwen3-4B_star\baseline\cheap_talk\20260821_102756_pd_cheaptalk_run03.json,Qwen3-4B,Qwen/Qwen3-4B,pd,star,cheap_talk,baseline_cheap_talk,baseline_cheap_talk,neutral,16,5,3,1.0,1.0,1.0,0.0,192.0,4.0,1.0,0.0,0.0,1.0
Qwen3-4B_star\baseline\cheap_talk\20260821_102756_pd_cheaptalk_run04.json,Qwen3-4B,Qwen/Qwen3-4B,pd,star,cheap_talk,baseline_cheap_talk,baseline_cheap_talk,neutral,16,5,4,1.0,1.0,1.0,0.0,192.0,4.0,1.0,0.0,0.0,1.0
Qwen3-4B_star\baseline\cheap_talk\20260821_102756_pd_cheaptalk_run05.json,Qwen3-4B,Qwen/Qwen3-4B,pd,star,cheap_talk,baseline_cheap_talk,baseline_cheap_talk,neutral,16,5,5,1.0,1.0,1.0,0.0,192.0,4.0,1.0,0.0,0.0,1.0
Qwen3-4B_star\baseline\cheap_talk\20260821_102756_sh_cheaptalk_run01.json,Qwen3-4B,Qwen/Qwen3-4B,sh,star,cheap_talk,baseline_cheap_talk,baseline_cheap_talk,neutral,16,5,1,1.0,1.0,1.0,0.0,288.0,6.0,1.0,,0.0,1.0
Qwen3-4B_star\baseline\cheap_talk\20260821_102756_sh_cheaptalk_run02.json,Qwen3-4B,Qwen/Qwen3-4B,sh,star,cheap_talk,baseline_cheap_talk,baseline_cheap_talk,neutral,16,5,2,1.0,1.0,1.0,0.0,288.0,6.0,1.0,,0.0,1.0
Qwen3-4B_star\baseline\cheap_talk\20260821_102756_sh_cheaptalk_run03.json,Qwen3-4B,Qwen/Qwen3-4B,sh,star,cheap_talk,baseline_cheap_talk,baseline_cheap_talk,neutral,16,5,3,1.0,1.0,1.0,0.0,288.0,6.0,1.0,,0.0,1.0
Qwen3-4B_star\baseline\cheap_talk\20260821_102756_sh_cheaptalk_run04.json,Qwen3-4B,Qwen/Qwen3-4B,sh,star,cheap_talk,baseline_cheap_talk,baseline_cheap_talk,neutral,16,5,4,1.0,1.0,1.0,0.0,288.0,6.0,1.0,,0.0,1.0
Qwen3-4B_star\baseline\cheap_talk\20260821_102756_sh_cheaptalk_run05.json,Qwen3-4B,Qwen/Qwen3-4B,sh,star,cheap_talk,baseline_cheap_talk,baseline_cheap_talk,neutral,16,5,5,1.0,1.0,1.0,0.0,288.0,6.0,1.0,,0.0,1.0
Qwen3-4B_star\baseline\no_comm\20260821_102756_pd_nocomm_run01.json,Qwen3-4B,Qwen/Qwen3-4B,pd,star,no_comm,no_comm,no_comm,neutral,16,5,1,0.0,0.0,0.0,0.0,86.0,1.7916666666666667,1.0,,0.046875,0.0
Qwen3-4B_star\baseline\no_comm\20260821_102756_pd_nocomm_run02.json,Qwen3-4B,Qwen/Qwen3-4B,pd,star,no_comm,no_comm,no_comm,neutral,16,5,2,0.0,0.0,0.0,0.0,88.0,1.8333333333333333,1.0,,0.046875,0.0
Qwen3-4B_star\baseline\no_comm\20260821_102756_pd_nocomm_run03.json,Qwen3-4B,Qwen/Qwen3-4B,pd,star,no_comm,no_comm,no_comm,neutral,16,5,3,0.04838709677419355,0.0625,0.043478260869565216,0.019021739130434784,97.0,2.125,0.8837209302325582,,0.03125,0.0
Qwen3-4B_star\baseline\no_comm\20260821_102756_pd_nocomm_run04.json,Qwen3-4B,Qwen/Qwen3-4B,pd,star,no_comm,no_comm,no_comm,neutral,16,5,4,0.06666666666666667,0.13333333333333333,0.044444444444444446,0.08888888888888888,86.0,2.2083333333333335,0.8,,0.0625,0.0
Qwen3-4B_star\baseline\no_comm\20260821_102756_pd_nocomm_run05.json,Qwen3-4B,Qwen/Qwen3-4B,pd,star,no_comm,no_comm,no_comm,neutral,16,5,5,0.06896551724137931,0.07692307692307693,0.06666666666666667,0.010256410256410262,75.0,1.7708333333333333,0.9230769230769231,,0.09375,0.0
Qwen3-4B_star\baseline\no_comm\20260821_102756_sh_nocomm_run01.json,Qwen3-4B,Qwen/Qwen3-4B,sh,star,no_comm,no_comm,no_comm,neutral,16,5,1,0.8833333333333333,0.8571428571428571,0.8913043478260869,-0.03416149068322982,216.0,4.3125,0.868421052631579,,0.0625,0.5625
Qwen3-4B_star\baseline\no_comm\20260821_102756_sh_nocomm_run02.json,Qwen3-4B,Qwen/Qwen3-4B,sh,star,no_comm,no_comm,no_comm,neutral,16,5,2,1.0,1.0,1.0,0.0,270.0,5.625,1.0,,0.015625,0.9375
Qwen3-4B_star\baseline\no_comm\20260821_102756_sh_nocomm_run03.json,Qwen3-4B,Qwen/Qwen3-4B,sh,star,no_comm,no_comm,no_comm,neutral,16,5,3,0.9090909090909091,0.9,0.9117647058823529,-0.0117647058823529,148.0,3.0833333333333335,0.9130434782608695,,0.3125,0.4375
Qwen3-4B_star\baseline\no_comm\20260821_102756_sh_nocomm_run04.json,Qwen3-4B,Qwen/Qwen3-4B,sh,star,no_comm,no_comm,no_comm,neutral,16,5,4,1.0,1.0,1.0,0.0,144.0,3.0,1.0,,0.234375,0.3125
Qwen3-4B_star\baseline\no_comm\20260821_102756_sh_nocomm_run05.json,Qwen3-4B,Qwen/Qwen3-4B,sh,star,no_comm,no_comm,no_comm,neutral,16,5,5,0.9838709677419355,1.0,0.9782608695652174,0.021739130434782594,271.0,5.708333333333333,0.9767441860465116,,0.03125,0.875
Qwen3-4B_star\counterfactual\cheap_talk\20260824_231219_pd_cheaptalk_run01.json,Qwen3-4B,Qwen/Qwen3-4B,pd,star,cheap_talk,counterfactual,counterfactual,neutral,16,5,1,1.0,1.0,1.0,0.0,192.0,4.0,1.0,0.0,0.0,1.0
Qwen3-4B_star\counterfactual\cheap_talk\20260824_231219_pd_cheaptalk_run02.json,Qwen3-4B,Qwen/Qwen3-4B,pd,star,cheap_talk,counterfactual,counterfactual,neutral,16,5,2,1.0,1.0,1.0,0.0,192.0,4.0,1.0,0.0,0.0,1.0
Qwen3-4B_star\counterfactual\cheap_talk\20260824_231219_pd_cheaptalk_run03.json,Qwen3-4B,Qwen/Qwen3-4B,pd,star,cheap_talk,counterfactual,counterfactual,neutral,16,5,3,1.0,1.0,1.0,0.0,192.0,4.0,1.0,0.0,0.0,1.0
Qwen3-4B_star\counterfactual\cheap_talk\20260824_231219_pd_cheaptalk_run04.json,Qwen3-4B,Qwen/Qwen3-4B,pd,star,cheap_talk,counterfactual,counterfactual,neutral,16,5,4,0.984375,1.0,0.9791666666666666,0.02083333333333337,189.0,4.041666666666667,1.0,0.0,0.0,0.9375
Qwen3-4B_star\counterfactual\cheap_talk\20260824_231219_pd_cheaptalk_run05.json,Qwen3-4B,Qwen/Qwen3-4B,pd,star,cheap_talk,counterfactual,counterfactual,neutral,16,5,5,1.0,1.0,1.0,0.0,192.0,4.0,1.0,0.0,0.0,1.0
Qwen3-4B_star\counterfactual\cheap_talk\20260824_231219_sh_cheaptalk_run01.json,Qwen3-4B,Qwen/Qwen3-4B,sh,star,cheap_talk,counterfactual,counterfactual,neutral,16,5,1,1.0,1.0,1.0,0.0,288.0,6.0,1.0,,0.0,1.0
Qwen3-4B_star\counterfactual\cheap_talk\20260824_231219_sh_cheaptalk_run02.json,Qwen3-4B,Qwen/Qwen3-4B,sh,star,cheap_talk,counterfactual,counterfactual,neutral,16,5,2,1.0,1.0,1.0,0.0,288.0,6.0,1.0,,0.0,1.0
Qwen3-4B_star\counterfactual\cheap_talk\20260824_231219_sh_cheaptalk_run03.json,Qwen3-4B,Qwen/Qwen3-4B,sh,star,cheap_talk,counterfactual,counterfactual,neutral,16,5,3,1.0,1.0,1.0,0.0,288.0,6.0,1.0,,0.0,1.0
Qwen3-4B_star\counterfactual\cheap_talk\20260824_231219_sh_cheaptalk_run04.json,Qwen3-4B,Qwen/Qwen3-4B,sh,star,cheap_talk,counterfactual,counterfactual,neutral,16,5,4,1.0,1.0,1.0,0.0,288.0,6.0,1.0,,0.0,1.0
Qwen3-4B_star\counterfactual\cheap_talk\20260824_231219_sh_cheaptalk_run05.json,Qwen3-4B,Qwen/Qwen3-4B,sh,star,cheap_talk,counterfactual,counterfactual,neutral,16,5,5,1.0,1.0,1.0,0.0,288.0,6.0,1.0,,0.0,1.0
Qwen3-4B_star\framing_business\cheap_talk\20260622_120329_pd_cheaptalk_run01.json,Qwen3-4B,Qwen/Qwen3-4B,pd,star,cheap_talk,framing_business,framing_business,business,16,5,1,1.0,1.0,1.0,0.0,192.0,4.0,1.0,0.0,0.0,1.0
Qwen3-4B_star\framing_business\cheap_talk\20260622_120329_pd_cheaptalk_run02.json,Qwen3-4B,Qwen/Qwen3-4B,pd,star,cheap_talk,framing_business,framing_business,business,16,5,2,1.0,1.0,1.0,0.0,192.0,4.0,1.0,0.0,0.0,1.0
Qwen3-4B_star\framing_business\cheap_talk\20260622_120329_pd_cheaptalk_run03.json,Qwen3-4B,Qwen/Qwen3-4B,pd,star,cheap_talk,framing_business,framing_business,business,16,5,3,1.0,1.0,1.0,0.0,192.0,4.0,1.0,0.0,0.0,1.0
Qwen3-4B_star\framing_business\cheap_talk\20260622_120329_pd_cheaptalk_run04.json,Qwen3-4B,Qwen/Qwen3-4B,pd,star,cheap_talk,framing_business,framing_business,business,16,5,4,1.0,1.0,1.0,0.0,192.0,4.0,1.0,0.0,0.0,1.0
Qwen3-4B_star\framing_business\cheap_talk\20260622_120329_pd_cheaptalk_run05.json,Qwen3-4B,Qwen/Qwen3-4B,pd,star,cheap_talk,framing_business,framing_business,business,16,5,5,1.0,1.0,1.0,0.0,192.0,4.0,1.0,0.0,0.0,1.0
Qwen3-4B_star\framing_business\cheap_talk\20260622_120329_sh_cheaptalk_run01.json,Qwen3-4B,Qwen/Qwen3-4B,sh,star,cheap_talk,framing_business,framing_business,business,16,5,1,1.0,1.0,1.0,0.0,288.0,6.0,1.0,,0.0,1.0
Qwen3-4B_star\framing_business\cheap_talk\20260622_120329_sh_cheaptalk_run02.json,Qwen3-4B,Qwen/Qwen3-4B,sh,star,cheap_talk,framing_business,framing_business,business,16,5,2,1.0,1.0,1.0,0.0,288.0,6.0,1.0,,0.0,1.0
Qwen3-4B_star\framing_business\cheap_talk\20260622_120329_sh_cheaptalk_run03.json,Qwen3-4B,Qwen/Qwen3-4B,sh,star,cheap_talk,framing_business,framing_business,business,16,5,3,1.0,1.0,1.0,0.0,288.0,6.0,1.0,,0.0,1.0
Qwen3-4B_star\framing_business\cheap_talk\20260622_120329_sh_cheaptalk_run04.json,Qwen3-4B,Qwen/Qwen3-4B,sh,star,cheap_talk,framing_business,framing_business,business,16,5,4,1.0,1.0,1.0,0.0,288.0,6.0,1.0,,0.0,1.0
Qwen3-4B_star\framing_business\cheap_talk\20260622_120329_sh_cheaptalk_run05.json,Qwen3-4B,Qwen/Qwen3-4B,sh,star,cheap_talk,framing_business,framing_business,business,16,5,5,1.0,1.0,1.0,0.0,288.0,6.0,1.0,,0.0,1.0
Qwen3-4B_star\framing_business_context\cheap_talk\20260803_220627_pd_cheaptalk_run01.json,Qwen3-4B,Qwen/Qwen3-4B,pd,star,cheap_talk,framing_business_context,framing_business_context[cheap_talk],neutral,16,5,1,1.0,1.0,1.0,0.0,192.0,4.0,1.0,0.0,0.0,1.0
Qwen3-4B_star\framing_business_context\cheap_talk\20260803_220627_pd_cheaptalk_run02.json,Qwen3-4B,Qwen/Qwen3-4B,pd,star,cheap_talk,framing_business_context,framing_business_context[cheap_talk],neutral,16,5,2,1.0,1.0,1.0,0.0,192.0,4.0,1.0,0.0,0.0,1.0
Qwen3-4B_star\framing_business_context\cheap_talk\20260803_220627_pd_cheaptalk_run03.json,Qwen3-4B,Qwen/Qwen3-4B,pd,star,cheap_talk,framing_business_context,framing_business_context[cheap_talk],neutral,16,5,3,1.0,1.0,1.0,0.0,192.0,4.0,1.0,0.0,0.0,1.0
Qwen3-4B_star\framing_business_context\cheap_talk\20260803_220627_pd_cheaptalk_run04.json,Qwen3-4B,Qwen/Qwen3-4B,pd,star,cheap_talk,framing_business_context,framing_business_context[cheap_talk],neutral,16,5,4,1.0,1.0,1.0,0.0,192.0,4.0,1.0,0.0,0.0,1.0
Qwen3-4B_star\framing_business_context\cheap_talk\20260803_220627_pd_cheaptalk_run05.json,Qwen3-4B,Qwen/Qwen3-4B,pd,star,cheap_talk,framing_business_context,framing_business_context[cheap_talk],neutral,16,5,5,1.0,1.0,1.0,0.0,192.0,4.0,1.0,0.0,0.0,1.0
Qwen3-4B_star\framing_business_context\cheap_talk\20260803_220627_sh_cheaptalk_run01.json,Qwen3-4B,Qwen/Qwen3-4B,sh,star,cheap_talk,framing_business_context,framing_business_context[cheap_talk],neutral,16,5,1,1.0,1.0,1.0,0.0,288.0,6.0,1.0,,0.0,1.0
Qwen3-4B_star\framing_business_context\cheap_talk\20260803_220627_sh_cheaptalk_run02.json,Qwen3-4B,Qwen/Qwen3-4B,sh,star,cheap_talk,framing_business_context,framing_business_context[cheap_talk],neutral,16,5,2,1.0,1.0,1.0,0.0,288.0,6.0,1.0,,0.0,1.0
Qwen3-4B_star\framing_business_context\cheap_talk\20260803_220627_sh_cheaptalk_run03.json,Qwen3-4B,Qwen/Qwen3-4B,sh,star,cheap_talk,framing_business_context,framing_business_context[cheap_talk],neutral,16,5,3,1.0,1.0,1.0,0.0,288.0,6.0,1.0,,0.0,1.0
Qwen3-4B_star\framing_business_context\cheap_talk\20260803_220627_sh_cheaptalk_run04.json,Qwen3-4B,Qwen/Qwen3-4B,sh,star,cheap_talk,framing_business_context,framing_business_context[cheap_talk],neutral,16,5,4,1.0,1.0,1.0,0.0,288.0,6.0,1.0,,0.0,1.0
Qwen3-4B_star\framing_business_context\cheap_talk\20260803_220627_sh_cheaptalk_run05.json,Qwen3-4B,Qwen/Qwen3-4B,sh,star,cheap_talk,framing_business_context,framing_business_context[cheap_talk],neutral,16,5,5,1.0,1.0,1.0,0.0,288.0,6.0,1.0,,0.0,1.0
Qwen3-4B_star\framing_business_context\no_comm\20260803_220627_pd_nocomm_run01.json,Qwen3-4B,Qwen/Qwen3-4B,pd,star,no_comm,framing_business_context,framing_business_context[no_comm],neutral,16,5,1,0.05454545454545454,0.08333333333333333,0.046511627906976744,0.036821705426356585,70.0,1.5625,0.9333333333333333,,0.140625,0.0
Qwen3-4B_star\framing_business_context\no_comm\20260803_220627_pd_nocomm_run02.json,Qwen3-4B,Qwen/Qwen3-4B,pd,star,no_comm,framing_business_context,framing_business_context[no_comm],neutral,16,5,2,0.034482758620689655,0.0,0.045454545454545456,-0.045454545454545456,88.0,1.625,1.0,,0.09375,0.0
Qwen3-4B_star\framing_business_context\no_comm\20260803_220627_pd_nocomm_run03.json,Qwen3-4B,Qwen/Qwen3-4B,pd,star,no_comm,framing_business_context,framing_business_context[no_comm],neutral,16,5,3,0.2037037037037037,0.16666666666666666,0.21428571428571427,-0.047619047619047616,69.0,1.5416666666666667,0.8666666666666667,,0.15625,0.0
Qwen3-4B_star\framing_business_context\no_comm\20260803_220627_pd_nocomm_run04.json,Qwen3-4B,Qwen/Qwen3-4B,pd,star,no_comm,framing_business_context,framing_business_context[no_comm],neutral,16,5,4,0.05172413793103448,0.0,0.06521739130434782,-0.06521739130434782,72.0,1.3958333333333333,0.96875,,0.09375,0.0
Qwen3-4B_star\framing_business_context\no_comm\20260803_220627_pd_nocomm_run05.json,Qwen3-4B,Qwen/Qwen3-4B,pd,star,no_comm,framing_business_context,framing_business_context[no_comm],neutral,16,5,5,0.9047619047619048,0.8666666666666667,0.9166666666666666,-0.04999999999999993,179.0,3.5208333333333335,0.9523809523809523,,0.015625,0.75
Qwen3-4B_star\framing_business_context\no_comm\20260803_220627_sh_nocomm_run01.json,Qwen3-4B,Qwen/Qwen3-4B,sh,star,no_comm,framing_business_context,framing_business_context[no_comm],neutral,16,5,1,0.43243243243243246,0.4,0.4375,-0.03749999999999998,31.0,0.5208333333333334,0.8,,0.421875,0.0
Qwen3-4B_star\framing_business_context\no_comm\20260803_220627_sh_nocomm_run02.json,Qwen3-4B,Qwen/Qwen3-4B,sh,star,no_comm,framing_business_context,framing_business_context[no_comm],neutral,16,5,2,1.0,1.0,1.0,0.0,270.0,5.625,1.0,,0.015625,0.9375
Qwen3-4B_star\framing_business_context\no_comm\20260803_220627_sh_nocomm_run03.json,Qwen3-4B,Qwen/Qwen3-4B,sh,star,no_comm,framing_business_context,framing_business_context[no_comm],neutral,16,5,3,1.0,1.0,1.0,0.0,252.0,5.25,1.0,,0.09375,0.75
Qwen3-4B_star\framing_business_context\no_comm\20260803_220627_sh_nocomm_run04.json,Qwen3-4B,Qwen/Qwen3-4B,sh,star,no_comm,framing_business_context,framing_business_context[no_comm],neutral,16,5,4,0.8983050847457628,0.8125,0.9302325581395349,-0.11773255813953487,230.0,4.479166666666667,0.8780487804878049,,0.078125,0.5
Qwen3-4B_star\framing_business_context\no_comm\20260803_220627_sh_nocomm_run05.json,Qwen3-4B,Qwen/Qwen3-4B,sh,star,no_comm,framing_business_context,framing_business_context[no_comm],neutral,16,5,5,0.9137931034482759,0.9285714285714286,0.9090909090909091,0.019480519480519543,224.0,4.604166666666667,0.9722222222222222,,0.09375,0.5625
Qwen3-4B_star\framing_competitive\cheap_talk\20260622_120329_pd_cheaptalk_run01.json,Qwen3-4B,Qwen/Qwen3-4B,pd,star,cheap_talk,framing_competitive,framing_competitive,competitive,16,5,1,0.03125,0.0,0.041666666666666664,-0.041666666666666664,104.0,1.9583333333333333,1.0,0.0,0.0,0.0
Qwen3-4B_star\framing_competitive\cheap_talk\20260622_120329_pd_cheaptalk_run02.json,Qwen3-4B,Qwen/Qwen3-4B,pd,star,cheap_talk,framing_competitive,framing_competitive,competitive,16,5,2,0.0,0.0,0.0,0.0,96.0,2.0,1.0,0.0,0.0,0.0
Qwen3-4B_star\framing_competitive\cheap_talk\20260622_120329_pd_cheaptalk_run03.json,Qwen3-4B,Qwen/Qwen3-4B,pd,star,cheap_talk,framing_competitive,framing_competitive,competitive,16,5,3,0.0,0.0,0.0,0.0,96.0,2.0,1.0,0.0,0.0,0.0
Qwen3-4B_star\framing_competitive\cheap_talk\20260622_120329_pd_cheaptalk_run04.json,Qwen3-4B,Qwen/Qwen3-4B,pd,star,cheap_talk,framing_competitive,framing_competitive,competitive,16,5,4,0.0,0.0,0.0,0.0,96.0,2.0,1.0,0.0,0.0,0.0
Qwen3-4B_star\framing_competitive\cheap_talk\20260622_120329_pd_cheaptalk_run05.json,Qwen3-4B,Qwen/Qwen3-4B,pd,star,cheap_talk,framing_competitive,framing_competitive,competitive,16,5,5,0.0,0.0,0.0,0.0,96.0,2.0,1.0,0.0,0.0,0.0
Qwen3-4B_star\framing_competitive\cheap_talk\20260622_120329_sh_cheaptalk_run01.json,Qwen3-4B,Qwen/Qwen3-4B,sh,star,cheap_talk,framing_competitive,framing_competitive,competitive,16,5,1,0.9375,0.875,0.9583333333333334,-0.08333333333333337,269.0,5.354166666666667,0.9111111111111111,,0.0,0.8125
Qwen3-4B_star\framing_competitive\cheap_talk\20260622_120329_sh_cheaptalk_run02.json,Qwen3-4B,Qwen/Qwen3-4B,sh,star,cheap_talk,framing_competitive,framing_competitive,competitive,16,5,2,1.0,1.0,1.0,0.0,288.0,6.0,1.0,,0.0,1.0
Qwen3-4B_star\framing_competitive\cheap_talk\20260622_120329_sh_cheaptalk_run03.json,Qwen3-4B,Qwen/Qwen3-4B,sh,star,cheap_talk,framing_competitive,framing_competitive,competitive,16,5,3,1.0,1.0,1.0,0.0,288.0,6.0,1.0,,0.0,1.0
Qwen3-4B_star\framing_competitive\cheap_talk\20260622_120329_sh_cheaptalk_run04.json,Qwen3-4B,Qwen/Qwen3-4B,sh,star,cheap_talk,framing_competitive,framing_competitive,competitive,16,5,4,0.984375,1.0,0.9791666666666666,0.02083333333333337,283.0,5.958333333333333,1.0,,0.0,0.9375
Qwen3-4B_star\framing_competitive\cheap_talk\20260622_120329_sh_cheaptalk_run05.json,Qwen3-4B,Qwen/Qwen3-4B,sh,star,cheap_talk,framing_competitive,framing_competitive,competitive,16,5,5,1.0,1.0,1.0,0.0,288.0,6.0,1.0,,0.0,1.0
Qwen3-4B_star\framing_competitive_context\cheap_talk\20260819_152753_pd_cheaptalk_run01.json,Qwen3-4B,Qwen/Qwen3-4B,pd,star,cheap_talk,framing_competitive_context,framing_competitive_context[cheap_talk],neutral,16,5,1,1.0,1.0,1.0,0.0,192.0,4.0,1.0,0.0,0.0,1.0
Qwen3-4B_star\framing_competitive_context\cheap_talk\20260819_152753_pd_cheaptalk_run02.json,Qwen3-4B,Qwen/Qwen3-4B,pd,star,cheap_talk,framing_competitive_context,framing_competitive_context[cheap_talk],neutral,16,5,2,1.0,1.0,1.0,0.0,192.0,4.0,1.0,0.0,0.0,1.0
Qwen3-4B_star\framing_competitive_context\cheap_talk\20260819_152753_pd_cheaptalk_run03.json,Qwen3-4B,Qwen/Qwen3-4B,pd,star,cheap_talk,framing_competitive_context,framing_competitive_context[cheap_talk],neutral,16,5,3,1.0,1.0,1.0,0.0,192.0,4.0,1.0,0.0,0.0,1.0
Qwen3-4B_star\framing_competitive_context\cheap_talk\20260819_152753_pd_cheaptalk_run04.json,Qwen3-4B,Qwen/Qwen3-4B,pd,star,cheap_talk,framing_competitive_context,framing_competitive_context[cheap_talk],neutral,16,5,4,1.0,1.0,1.0,0.0,192.0,4.0,1.0,0.0,0.0,1.0
Qwen3-4B_star\framing_competitive_context\cheap_talk\20260819_152753_pd_cheaptalk_run05.json,Qwen3-4B,Qwen/Qwen3-4B,pd,star,cheap_talk,framing_competitive_context,framing_competitive_context[cheap_talk],neutral,16,5,5,1.0,1.0,1.0,0.0,192.0,4.0,1.0,0.0,0.0,1.0
Qwen3-4B_star\framing_competitive_context\cheap_talk\20260819_152753_sh_cheaptalk_run01.json,Qwen3-4B,Qwen/Qwen3-4B,sh,star,cheap_talk,framing_competitive_context,framing_competitive_context[cheap_talk],neutral,16,5,1,1.0,1.0,1.0,0.0,288.0,6.0,1.0,,0.0,1.0
Qwen3-4B_star\framing_competitive_context\cheap_talk\20260819_152753_sh_cheaptalk_run02.json,Qwen3-4B,Qwen/Qwen3-4B,sh,star,cheap_talk,framing_competitive_context,framing_competitive_context[cheap_talk],neutral,16,5,2,1.0,1.0,1.0,0.0,288.0,6.0,1.0,,0.0,1.0
Qwen3-4B_star\framing_competitive_context\cheap_talk\20260819_152753_sh_cheaptalk_run03.json,Qwen3-4B,Qwen/Qwen3-4B,sh,star,cheap_talk,framing_competitive_context,framing_competitive_context[cheap_talk],neutral,16,5,3,1.0,1.0,1.0,0.0,288.0,6.0,1.0,,0.0,1.0
Qwen3-4B_star\framing_competitive_context\cheap_talk\20260819_152753_sh_cheaptalk_run04.json,Qwen3-4B,Qwen/Qwen3-4B,sh,star,cheap_talk,framing_competitive_context,framing_competitive_context[cheap_talk],neutral,16,5,4,1.0,1.0,1.0,0.0,288.0,6.0,1.0,,0.0,1.0
Qwen3-4B_star\framing_competitive_context\cheap_talk\20260819_152753_sh_cheaptalk_run05.json,Qwen3-4B,Qwen/Qwen3-4B,sh,star,cheap_talk,framing_competitive_context,framing_competitive_context[cheap_talk],neutral,16,5,5,1.0,1.0,1.0,0.0,288.0,6.0,1.0,,0.0,1.0
Qwen3-4B_star\framing_competitive_context\no_comm\20260819_152753_pd_nocomm_run01.json,Qwen3-4B,Qwen/Qwen3-4B,pd,star,no_comm,framing_competitive_context,framing_competitive_context[no_comm],neutral,16,5,1,0.034482758620689655,0.0,0.044444444444444446,-0.044444444444444446,82.0,1.5,1.0,,0.09375,0.0
Qwen3-4B_star\framing_competitive_context\no_comm\20260819_152753_pd_nocomm_run02.json,Qwen3-4B,Qwen/Qwen3-4B,pd,star,no_comm,framing_competitive_context,framing_competitive_context[no_comm],neutral,16,5,2,0.14035087719298245,0.09090909090909091,0.15217391304347827,-0.06126482213438736,77.0,1.3958333333333333,0.8620689655172413,,0.109375,0.0
Qwen3-4B_star\framing_competitive_context\no_comm\20260819_152753_pd_nocomm_run03.json,Qwen3-4B,Qwen/Qwen3-4B,pd,star,no_comm,framing_competitive_context,framing_competitive_context[no_comm],neutral,16,5,3,0.0847457627118644,0.0,0.10869565217391304,-0.10869565217391304,90.0,1.4583333333333333,0.9428571428571428,,0.078125,0.0
Qwen3-4B_star\framing_competitive_context\no_comm\20260819_152753_pd_nocomm_run04.json,Qwen3-4B,Qwen/Qwen3-4B,pd,star,no_comm,framing_competitive_context,framing_competitive_context[no_comm],neutral,16,5,4,0.07272727272727272,0.14285714285714285,0.04878048780487805,0.0940766550522648,72.0,1.6041666666666667,0.9117647058823529,,0.140625,0.0
Qwen3-4B_star\framing_competitive_context\no_comm\20260819_152753_pd_nocomm_run05.json,Qwen3-4B,Qwen/Qwen3-4B,pd,star,no_comm,framing_competitive_context,framing_competitive_context[no_comm],neutral,16,5,5,0.01694915254237288,0.0,0.02127659574468085,-0.02127659574468085,76.0,1.4791666666666667,1.0,,0.078125,0.0
Qwen3-4B_star\framing_competitive_context\no_comm\20260819_152753_sh_nocomm_run01.json,Qwen3-4B,Qwen/Qwen3-4B,sh,star,no_comm,framing_competitive_context,framing_competitive_context[no_comm],neutral,16,5,1,0.9666666666666667,0.9285714285714286,0.9782608695652174,-0.0496894409937888,229.0,4.645833333333333,0.8974358974358975,,0.0625,0.625
Qwen3-4B_star\framing_competitive_context\no_comm\20260819_152753_sh_nocomm_run02.json,Qwen3-4B,Qwen/Qwen3-4B,sh,star,no_comm,framing_competitive_context,framing_competitive_context[no_comm],neutral,16,5,2,0.8113207547169812,0.9230769230769231,0.775,0.1480769230769231,160.0,3.5833333333333335,0.75,,0.171875,0.25
Qwen3-4B_star\framing_competitive_context\no_comm\20260819_152753_sh_nocomm_run03.json,Qwen3-4B,Qwen/Qwen3-4B,sh,star,no_comm,framing_competitive_context,framing_competitive_context[no_comm],neutral,16,5,3,0.7142857142857143,0.75,0.7073170731707317,0.04268292682926833,72.0,1.75,0.8235294117647058,,0.234375,0.0
Qwen3-4B_star\framing_competitive_context\no_comm\20260819_152753_sh_nocomm_run04.json,Qwen3-4B,Qwen/Qwen3-4B,sh,star,no_comm,framing_competitive_context,framing_competitive_context[no_comm],neutral,16,5,4,0.9259259259259259,0.9230769230769231,0.926829268292683,-0.0037523452157598447,184.0,3.8333333333333335,0.967741935483871,,0.15625,0.4375
Qwen3-4B_star\framing_competitive_context\no_comm\20260819_152753_sh_nocomm_run05.json,Qwen3-4B,Qwen/Qwen3-4B,sh,star,no_comm,framing_competitive_context,framing_competitive_context[no_comm],neutral,16,5,5,0.6470588235294118,0.625,0.6538461538461539,-0.028846153846153855,49.0,1.0208333333333333,0.5,,0.46875,0.0
Qwen3-4B_star\framing_team\cheap_talk\20260622_120329_pd_cheaptalk_run01.json,Qwen3-4B,Qwen/Qwen3-4B,pd,star,cheap_talk,framing_team,framing_team,team,16,5,1,1.0,1.0,1.0,0.0,192.0,4.0,1.0,0.0,0.0,1.0
Qwen3-4B_star\framing_team\cheap_talk\20260622_120329_pd_cheaptalk_run02.json,Qwen3-4B,Qwen/Qwen3-4B,pd,star,cheap_talk,framing_team,framing_team,team,16,5,2,1.0,1.0,1.0,0.0,192.0,4.0,1.0,0.0,0.0,1.0
Qwen3-4B_star\framing_team\cheap_talk\20260622_120329_pd_cheaptalk_run03.json,Qwen3-4B,Qwen/Qwen3-4B,pd,star,cheap_talk,framing_team,framing_team,team,16,5,3,1.0,1.0,1.0,0.0,192.0,4.0,1.0,0.0,0.0,1.0
Qwen3-4B_star\framing_team\cheap_talk\20260622_120329_pd_cheaptalk_run04.json,Qwen3-4B,Qwen/Qwen3-4B,pd,star,cheap_talk,framing_team,framing_team,team,16,5,4,1.0,1.0,1.0,0.0,192.0,4.0,1.0,0.0,0.0,1.0
Qwen3-4B_star\framing_team\cheap_talk\20260622_120329_pd_cheaptalk_run05.json,Qwen3-4B,Qwen/Qwen3-4B,pd,star,cheap_talk,framing_team,framing_team,team,16,5,5,1.0,1.0,1.0,0.0,192.0,4.0,1.0,0.0,0.0,1.0
Qwen3-4B_star\framing_team\cheap_talk\20260622_120329_sh_cheaptalk_run01.json,Qwen3-4B,Qwen/Qwen3-4B,sh,star,cheap_talk,framing_team,framing_team,team,16,5,1,1.0,1.0,1.0,0.0,288.0,6.0,1.0,,0.0,1.0
Qwen3-4B_star\framing_team\cheap_talk\20260622_120329_sh_cheaptalk_run02.json,Qwen3-4B,Qwen/Qwen3-4B,sh,star,cheap_talk,framing_team,framing_team,team,16,5,2,1.0,1.0,1.0,0.0,288.0,6.0,1.0,,0.0,1.0
Qwen3-4B_star\framing_team\cheap_talk\20260622_120329_sh_cheaptalk_run03.json,Qwen3-4B,Qwen/Qwen3-4B,sh,star,cheap_talk,framing_team,framing_team,team,16,5,3,1.0,1.0,1.0,0.0,288.0,6.0,1.0,,0.0,1.0
Qwen3-4B_star\framing_team\cheap_talk\20260622_120329_sh_cheaptalk_run04.json,Qwen3-4B,Qwen/Qwen3-4B,sh,star,cheap_talk,framing_team,framing_team,team,16,5,4,1.0,1.0,1.0,0.0,288.0,6.0,1.0,,0.0,1.0
Qwen3-4B_star\framing_team\cheap_talk\20260622_120329_sh_cheaptalk_run05.json,Qwen3-4B,Qwen/Qwen3-4B,sh,star,cheap_talk,framing_team,framing_team,team,16,5,5,1.0,1.0,1.0,0.0,288.0,6.0,1.0,,0.0,1.0
Qwen3-4B_star\framing_team_context\cheap_talk\20260803_220627_pd_cheaptalk_run01.json,Qwen3-4B,Qwen/Qwen3-4B,pd,star,cheap_talk,framing_team_context,framing_team_context[cheap_talk],neutral,16,5,1,1.0,1.0,1.0,0.0,192.0,4.0,1.0,0.0,0.0,1.0
Qwen3-4B_star\framing_team_context\cheap_talk\20260803_220627_pd_cheaptalk_run02.json,Qwen3-4B,Qwen/Qwen3-4B,pd,star,cheap_talk,framing_team_context,framing_team_context[cheap_talk],neutral,16,5,2,1.0,1.0,1.0,0.0,192.0,4.0,1.0,0.0,0.0,1.0
Qwen3-4B_star\framing_team_context\cheap_talk\20260803_220627_pd_cheaptalk_run03.json,Qwen3-4B,Qwen/Qwen3-4B,pd,star,cheap_talk,framing_team_context,framing_team_context[cheap_talk],neutral,16,5,3,1.0,1.0,1.0,0.0,192.0,4.0,1.0,0.0,0.0,1.0
Qwen3-4B_star\framing_team_context\cheap_talk\20260803_220627_pd_cheaptalk_run04.json,Qwen3-4B,Qwen/Qwen3-4B,pd,star,cheap_talk,framing_team_context,framing_team_context[cheap_talk],neutral,16,5,4,1.0,1.0,1.0,0.0,192.0,4.0,1.0,0.0,0.0,1.0
Qwen3-4B_star\framing_team_context\cheap_talk\20260803_220627_pd_cheaptalk_run05.json,Qwen3-4B,Qwen/Qwen3-4B,pd,star,cheap_talk,framing_team_context,framing_team_context[cheap_talk],neutral,16,5,5,1.0,1.0,1.0,0.0,192.0,4.0,1.0,0.0,0.0,1.0
Qwen3-4B_star\framing_team_context\cheap_talk\20260803_220627_sh_cheaptalk_run01.json,Qwen3-4B,Qwen/Qwen3-4B,sh,star,cheap_talk,framing_team_context,framing_team_context[cheap_talk],neutral,16,5,1,1.0,1.0,1.0,0.0,288.0,6.0,1.0,,0.0,1.0
Qwen3-4B_star\framing_team_context\cheap_talk\20260803_220627_sh_cheaptalk_run02.json,Qwen3-4B,Qwen/Qwen3-4B,sh,star,cheap_talk,framing_team_context,framing_team_context[cheap_talk],neutral,16,5,2,1.0,1.0,1.0,0.0,288.0,6.0,1.0,,0.0,1.0
Qwen3-4B_star\framing_team_context\cheap_talk\20260803_220627_sh_cheaptalk_run03.json,Qwen3-4B,Qwen/Qwen3-4B,sh,star,cheap_talk,framing_team_context,framing_team_context[cheap_talk],neutral,16,5,3,1.0,1.0,1.0,0.0,288.0,6.0,1.0,,0.0,1.0
Qwen3-4B_star\framing_team_context\cheap_talk\20260803_220627_sh_cheaptalk_run04.json,Qwen3-4B,Qwen/Qwen3-4B,sh,star,cheap_talk,framing_team_context,framing_team_context[cheap_talk],neutral,16,5,4,1.0,1.0,1.0,0.0,288.0,6.0,1.0,,0.0,1.0
Qwen3-4B_star\framing_team_context\cheap_talk\20260803_220627_sh_cheaptalk_run05.json,Qwen3-4B,Qwen/Qwen3-4B,sh,star,cheap_talk,framing_team_context,framing_team_context[cheap_talk],neutral,16,5,5,1.0,1.0,1.0,0.0,288.0,6.0,1.0,,0.0,1.0
Qwen3-4B_star\framing_team_context\no_comm\20260803_220627_pd_nocomm_run01.json,Qwen3-4B,Qwen/Qwen3-4B,pd,star,no_comm,framing_team_context,framing_team_context[no_comm],neutral,16,5,1,0.8148148148148148,0.7692307692307693,0.8292682926829268,-0.060037523452157515,138.0,2.7708333333333335,0.9411764705882353,,0.15625,0.5
Qwen3-4B_star\framing_team_context\no_comm\20260803_220627_pd_nocomm_run02.json,Qwen3-4B,Qwen/Qwen3-4B,pd,star,no_comm,framing_team_context,framing_team_context[no_comm],neutral,16,5,2,1.0,1.0,1.0,0.0,192.0,4.0,1.0,,0.0,1.0
Qwen3-4B_star\framing_team_context\no_comm\20260803_220627_pd_nocomm_run03.json,Qwen3-4B,Qwen/Qwen3-4B,pd,star,no_comm,framing_team_context,framing_team_context[no_comm],neutral,16,5,3,1.0,1.0,1.0,0.0,192.0,4.0,1.0,,0.0,1.0
Qwen3-4B_star\framing_team_context\no_comm\20260803_220627_pd_nocomm_run04.json,Qwen3-4B,Qwen/Qwen3-4B,pd,star,no_comm,framing_team_context,framing_team_context[no_comm],neutral,16,5,4,1.0,1.0,1.0,0.0,192.0,4.0,1.0,,0.0,1.0
Qwen3-4B_star\framing_team_context\no_comm\20260803_220627_pd_nocomm_run05.json,Qwen3-4B,Qwen/Qwen3-4B,pd,star,no_comm,framing_team_context,framing_team_context[no_comm],neutral,16,5,5,1.0,1.0,1.0,0.0,192.0,4.0,1.0,,0.0,1.0
Qwen3-4B_star\framing_team_context\no_comm\20260803_220627_sh_nocomm_run01.json,Qwen3-4B,Qwen/Qwen3-4B,sh,star,no_comm,framing_team_context,framing_team_context[no_comm],neutral,16,5,1,1.0,1.0,1.0,0.0,288.0,6.0,1.0,,0.0,1.0
Qwen3-4B_star\framing_team_context\no_comm\20260803_220627_sh_nocomm_run02.json,Qwen3-4B,Qwen/Qwen3-4B,sh,star,no_comm,framing_team_context,framing_team_context[no_comm],neutral,16,5,2,0.9682539682539683,0.9333333333333333,0.9791666666666666,-0.04583333333333328,259.0,5.270833333333333,0.9523809523809523,,0.015625,0.8125
Qwen3-4B_star\framing_team_context\no_comm\20260803_220627_sh_nocomm_run03.json,Qwen3-4B,Qwen/Qwen3-4B,sh,star,no_comm,framing_team_context,framing_team_context[no_comm],neutral,16,5,3,0.9682539682539683,0.875,1.0,-0.125,270.0,5.25,0.8636363636363636,,0.015625,0.8125
Qwen3-4B_star\framing_team_context\no_comm\20260803_220627_sh_nocomm_run04.json,Qwen3-4B,Qwen/Qwen3-4B,sh,star,no_comm,framing_team_context,framing_team_context[no_comm],neutral,16,5,4,0.9838709677419355,1.0,0.9787234042553191,0.021276595744680882,265.0,5.583333333333333,0.9772727272727273,,0.03125,0.875
Qwen3-4B_star\framing_team_context\no_comm\20260803_220627_sh_nocomm_run05.json,Qwen3-4B,Qwen/Qwen3-4B,sh,star,no_comm,framing_team_context,framing_team_context[no_comm],neutral,16,5,5,1.0,1.0,1.0,0.0,288.0,6.0,1.0,,0.0,1.0
Qwen3-4B_star\no_sense\cheap_talk\20260821_102756_pd_cheaptalk_run01.json,Qwen3-4B,Qwen/Qwen3-4B,pd,star,cheap_talk,no_sense,no_sense,neutral,16,5,1,0.984375,1.0,0.9791666666666666,0.02083333333333337,189.0,4.041666666666667,0.9777777777777777,0.0,0.0,0.9375
Qwen3-4B_star\no_sense\cheap_talk\20260821_102756_pd_cheaptalk_run02.json,Qwen3-4B,Qwen/Qwen3-4B,pd,star,cheap_talk,no_sense,no_sense,neutral,16,5,2,0.984375,1.0,0.9791666666666666,0.02083333333333337,189.0,4.041666666666667,0.9777777777777777,0.0,0.0,0.9375
Qwen3-4B_star\no_sense\cheap_talk\20260821_102756_pd_cheaptalk_run03.json,Qwen3-4B,Qwen/Qwen3-4B,pd,star,cheap_talk,no_sense,no_sense,neutral,16,5,3,1.0,1.0,1.0,0.0,192.0,4.0,1.0,0.0,0.0,1.0
Qwen3-4B_star\no_sense\cheap_talk\20260821_102756_pd_cheaptalk_run04.json,Qwen3-4B,Qwen/Qwen3-4B,pd,star,cheap_talk,no_sense,no_sense,neutral,16,5,4,0.8125,0.9375,0.7708333333333334,0.16666666666666663,163.0,4.229166666666667,0.7777777777777778,0.0,0.0,0.375
Qwen3-4B_star\no_sense\cheap_talk\20260821_102756_pd_cheaptalk_run05.json,Qwen3-4B,Qwen/Qwen3-4B,pd,star,cheap_talk,no_sense,no_sense,neutral,16,5,5,0.828125,1.0,0.7708333333333334,0.22916666666666663,159.0,4.458333333333333,0.7777777777777778,0.0,0.0,0.375
Qwen3-4B_star\no_sense\cheap_talk\20260821_102756_sh_cheaptalk_run01.json,Qwen3-4B,Qwen/Qwen3-4B,sh,star,cheap_talk,no_sense,no_sense,neutral,16,5,1,1.0,1.0,1.0,0.0,288.0,6.0,1.0,,0.0,1.0
Qwen3-4B_star\no_sense\cheap_talk\20260821_102756_sh_cheaptalk_run02.json,Qwen3-4B,Qwen/Qwen3-4B,sh,star,cheap_talk,no_sense,no_sense,neutral,16,5,2,1.0,1.0,1.0,0.0,288.0,6.0,1.0,,0.0,1.0
Qwen3-4B_star\no_sense\cheap_talk\20260821_102756_sh_cheaptalk_run03.json,Qwen3-4B,Qwen/Qwen3-4B,sh,star,cheap_talk,no_sense,no_sense,neutral,16,5,3,1.0,1.0,1.0,0.0,288.0,6.0,1.0,,0.0,1.0
Qwen3-4B_star\no_sense\cheap_talk\20260821_102756_sh_cheaptalk_run04.json,Qwen3-4B,Qwen/Qwen3-4B,sh,star,cheap_talk,no_sense,no_sense,neutral,16,5,4,1.0,1.0,1.0,0.0,288.0,6.0,1.0,,0.0,1.0
Qwen3-4B_star\no_sense\cheap_talk\20260821_102756_sh_cheaptalk_run05.json,Qwen3-4B,Qwen/Qwen3-4B,sh,star,cheap_talk,no_sense,no_sense,neutral,16,5,5,1.0,1.0,1.0,0.0,288.0,6.0,1.0,,0.0,1.0
Qwen3-4B_star\silence\cheap_talk\20260824_231219_pd_cheaptalk_run01.json,Qwen3-4B,Qwen/Qwen3-4B,pd,star,cheap_talk,silence,silence,neutral,16,5,1,1.0,1.0,1.0,0.0,192.0,4.0,1.0,,0.0,1.0
Qwen3-4B_star\silence\cheap_talk\20260824_231219_pd_cheaptalk_run02.json,Qwen3-4B,Qwen/Qwen3-4B,pd,star,cheap_talk,silence,silence,neutral,16,5,2,1.0,1.0,1.0,0.0,192.0,4.0,1.0,,0.0,1.0
Qwen3-4B_star\silence\cheap_talk\20260824_231219_pd_cheaptalk_run03.json,Qwen3-4B,Qwen/Qwen3-4B,pd,star,cheap_talk,silence,silence,neutral,16,5,3,0.34375,0.25,0.375,-0.125,147.0,2.4375,0.7555555555555555,,0.0,0.0625
Qwen3-4B_star\silence\cheap_talk\20260824_231219_pd_cheaptalk_run04.json,Qwen3-4B,Qwen/Qwen3-4B,pd,star,cheap_talk,silence,silence,neutral,16,5,4,1.0,1.0,1.0,0.0,192.0,4.0,1.0,,0.0,1.0
Qwen3-4B_star\silence\cheap_talk\20260824_231219_pd_cheaptalk_run05.json,Qwen3-4B,Qwen/Qwen3-4B,pd,star,cheap_talk,silence,silence,neutral,16,5,5,0.15625,0.125,0.16666666666666666,-0.04166666666666666,121.0,2.3125,0.7555555555555555,,0.0,0.0
Qwen3-4B_star\silence\cheap_talk\20260824_231219_sh_cheaptalk_run01.json,Qwen3-4B,Qwen/Qwen3-4B,sh,star,cheap_talk,silence,silence,neutral,16,5,1,1.0,1.0,1.0,0.0,288.0,6.0,1.0,,0.0,1.0
Qwen3-4B_star\silence\cheap_talk\20260824_231219_sh_cheaptalk_run02.json,Qwen3-4B,Qwen/Qwen3-4B,sh,star,cheap_talk,silence,silence,neutral,16,5,2,1.0,1.0,1.0,0.0,288.0,6.0,1.0,,0.0,1.0
Qwen3-4B_star\silence\cheap_talk\20260824_231219_sh_cheaptalk_run03.json,Qwen3-4B,Qwen/Qwen3-4B,sh,star,cheap_talk,silence,silence,neutral,16,5,3,1.0,1.0,1.0,0.0,288.0,6.0,1.0,,0.0,1.0
Qwen3-4B_star\silence\cheap_talk\20260824_231219_sh_cheaptalk_run04.json,Qwen3-4B,Qwen/Qwen3-4B,sh,star,cheap_talk,silence,silence,neutral,16,5,4,1.0,1.0,1.0,0.0,288.0,6.0,1.0,,0.0,1.0
Qwen3-4B_star\silence\cheap_talk\20260824_231219_sh_cheaptalk_run05.json,Qwen3-4B,Qwen/Qwen3-4B,sh,star,cheap_talk,silence,silence,neutral,16,5,5,0.9375,0.875,0.9583333333333334,-0.08333333333333337,266.0,5.291666666666667,0.8666666666666667,,0.0,0.75
Qwen3-4B_cycle\baseline\cheap_talk\20260822_102923_pd_cheaptalk_run01.json,Qwen3-4B,Qwen/Qwen3-4B,pd,cycle,cheap_talk,baseline_cheap_talk,baseline_cheap_talk,neutral,16,5,1,1.0,,,,,,,,0.0,1.0
Qwen3-4B_cycle\baseline\cheap_talk\20260822_102923_pd_cheaptalk_run02.json,Qwen3-4B,Qwen/Qwen3-4B,pd,cycle,cheap_talk,baseline_cheap_talk,baseline_cheap_talk,neutral,16,5,2,1.0,,,,,,,,0.0,1.0
Qwen3-4B_cycle\baseline\cheap_talk\20260822_102923_pd_cheaptalk_run03.json,Qwen3-4B,Qwen/Qwen3-4B,pd,cycle,cheap_talk,baseline_cheap_talk,baseline_cheap_talk,neutral,16,5,3,1.0,,,,,,,,0.0,1.0
Qwen3-4B_cycle\baseline\cheap_talk\20260822_102923_pd_cheaptalk_run04.json,Qwen3-4B,Qwen/Qwen3-4B,pd,cycle,cheap_talk,baseline_cheap_talk,baseline_cheap_talk,neutral,16,5,4,1.0,,,,,,,,0.0,1.0
Qwen3-4B_cycle\baseline\cheap_talk\20260822_102923_pd_cheaptalk_run05.json,Qwen3-4B,Qwen/Qwen3-4B,pd,cycle,cheap_talk,baseline_cheap_talk,baseline_cheap_talk,neutral,16,5,5,1.0,,,,,,,,0.0,1.0
Qwen3-4B_cycle\baseline\cheap_talk\20260822_102923_sh_cheaptalk_run01.json,Qwen3-4B,Qwen/Qwen3-4B,sh,cycle,cheap_talk,baseline_cheap_talk,baseline_cheap_talk,neutral,16,5,1,1.0,,,,,,,,0.0,1.0
Qwen3-4B_cycle\baseline\cheap_talk\20260822_102923_sh_cheaptalk_run02.json,Qwen3-4B,Qwen/Qwen3-4B,sh,cycle,cheap_talk,baseline_cheap_talk,baseline_cheap_talk,neutral,16,5,2,1.0,,,,,,,,0.0,1.0
Qwen3-4B_cycle\baseline\cheap_talk\20260822_102923_sh_cheaptalk_run03.json,Qwen3-4B,Qwen/Qwen3-4B,sh,cycle,cheap_talk,baseline_cheap_talk,baseline_cheap_talk,neutral,16,5,3,1.0,,,,,,,,0.0,1.0
Qwen3-4B_cycle\baseline\cheap_talk\20260822_102923_sh_cheaptalk_run04.json,Qwen3-4B,Qwen/Qwen3-4B,sh,cycle,cheap_talk,baseline_cheap_talk,baseline_cheap_talk,neutral,16,5,4,1.0,,,,,,,,0.0,1.0
Qwen3-4B_cycle\baseline\cheap_talk\20260822_102923_sh_cheaptalk_run05.json,Qwen3-4B,Qwen/Qwen3-4B,sh,cycle,cheap_talk,baseline_cheap_talk,baseline_cheap_talk,neutral,16,5,5,1.0,,,,,,,,0.0,1.0
Qwen3-4B_cycle\baseline\no_comm\20260822_102923_pd_nocomm_run01.json,Qwen3-4B,Qwen/Qwen3-4B,pd,cycle,no_comm,no_comm,no_comm,neutral,16,5,1,0.04918032786885246,,,,,,,,0.046875,0.0
Qwen3-4B_cycle\baseline\no_comm\20260822_102923_pd_nocomm_run02.json,Qwen3-4B,Qwen/Qwen3-4B,pd,cycle,no_comm,no_comm,no_comm,neutral,16,5,2,0.03636363636363636,,,,,,,,0.140625,0.0
Qwen3-4B_cycle\baseline\no_comm\20260822_102923_pd_nocomm_run03.json,Qwen3-4B,Qwen/Qwen3-4B,pd,cycle,no_comm,no_comm,no_comm,neutral,16,5,3,0.0,,,,,,,,0.03125,0.0
Qwen3-4B_cycle\baseline\no_comm\20260822_102923_pd_nocomm_run04.json,Qwen3-4B,Qwen/Qwen3-4B,pd,cycle,no_comm,no_comm,no_comm,neutral,16,5,4,0.05555555555555555,,,,,,,,0.15625,0.0
Qwen3-4B_cycle\baseline\no_comm\20260822_102923_pd_nocomm_run05.json,Qwen3-4B,Qwen/Qwen3-4B,pd,cycle,no_comm,no_comm,no_comm,neutral,16,5,5,0.09433962264150944,,,,,,,,0.171875,0.0
Qwen3-4B_cycle\baseline\no_comm\20260822_102923_sh_nocomm_run01.json,Qwen3-4B,Qwen/Qwen3-4B,sh,cycle,no_comm,no_comm,no_comm,neutral,16,5,1,0.9672131147540983,,,,,,,,0.046875,0.75
Qwen3-4B_cycle\baseline\no_comm\20260822_102923_sh_nocomm_run02.json,Qwen3-4B,Qwen/Qwen3-4B,sh,cycle,no_comm,no_comm,no_comm,neutral,16,5,2,0.9016393442622951,,,,,,,,0.046875,0.5
Qwen3-4B_cycle\baseline\no_comm\20260822_102923_sh_nocomm_run03.json,Qwen3-4B,Qwen/Qwen3-4B,sh,cycle,no_comm,no_comm,no_comm,neutral,16,5,3,0.9836065573770492,,,,,,,,0.046875,0.75
Qwen3-4B_cycle\baseline\no_comm\20260822_102923_sh_nocomm_run04.json,Qwen3-4B,Qwen/Qwen3-4B,sh,cycle,no_comm,no_comm,no_comm,neutral,16,5,4,0.984375,,,,,,,,0.0,0.9375
Qwen3-4B_cycle\baseline\no_comm\20260822_102923_sh_nocomm_run05.json,Qwen3-4B,Qwen/Qwen3-4B,sh,cycle,no_comm,no_comm,no_comm,neutral,16,5,5,0.9375,,,,,,,,0.5,0.25
Qwen3-4B_cycle\counterfactual\cheap_talk\20260824_231813_pd_cheaptalk_run01.json,Qwen3-4B,Qwen/Qwen3-4B,pd,cycle,cheap_talk,counterfactual,counterfactual,neutral,16,5,1,1.0,,,,,,,,0.0,1.0
Qwen3-4B_cycle\counterfactual\cheap_talk\20260824_231813_pd_cheaptalk_run02.json,Qwen3-4B,Qwen/Qwen3-4B,pd,cycle,cheap_talk,counterfactual,counterfactual,neutral,16,5,2,1.0,,,,,,,,0.0,1.0
Qwen3-4B_cycle\counterfactual\cheap_talk\20260824_231813_pd_cheaptalk_run03.json,Qwen3-4B,Qwen/Qwen3-4B,pd,cycle,cheap_talk,counterfactual,counterfactual,neutral,16,5,3,1.0,,,,,,,,0.0,1.0
Qwen3-4B_cycle\counterfactual\cheap_talk\20260824_231813_pd_cheaptalk_run04.json,Qwen3-4B,Qwen/Qwen3-4B,pd,cycle,cheap_talk,counterfactual,counterfactual,neutral,16,5,4,1.0,,,,,,,,0.0,1.0
Qwen3-4B_cycle\counterfactual\cheap_talk\20260824_231813_pd_cheaptalk_run05.json,Qwen3-4B,Qwen/Qwen3-4B,pd,cycle,cheap_talk,counterfactual,counterfactual,neutral,16,5,5,1.0,,,,,,,,0.0,1.0
Qwen3-4B_cycle\counterfactual\cheap_talk\20260824_231813_sh_cheaptalk_run01.json,Qwen3-4B,Qwen/Qwen3-4B,sh,cycle,cheap_talk,counterfactual,counterfactual,neutral,16,5,1,1.0,,,,,,,,0.0,1.0
Qwen3-4B_cycle\counterfactual\cheap_talk\20260824_231813_sh_cheaptalk_run02.json,Qwen3-4B,Qwen/Qwen3-4B,sh,cycle,cheap_talk,counterfactual,counterfactual,neutral,16,5,2,1.0,,,,,,,,0.0,1.0
Qwen3-4B_cycle\counterfactual\cheap_talk\20260824_231813_sh_cheaptalk_run03.json,Qwen3-4B,Qwen/Qwen3-4B,sh,cycle,cheap_talk,counterfactual,counterfactual,neutral,16,5,3,1.0,,,,,,,,0.0,1.0
Qwen3-4B_cycle\counterfactual\cheap_talk\20260824_231813_sh_cheaptalk_run04.json,Qwen3-4B,Qwen/Qwen3-4B,sh,cycle,cheap_talk,counterfactual,counterfactual,neutral,16,5,4,1.0,,,,,,,,0.0,1.0
Qwen3-4B_cycle\counterfactual\cheap_talk\20260824_231813_sh_cheaptalk_run05.json,Qwen3-4B,Qwen/Qwen3-4B,sh,cycle,cheap_talk,counterfactual,counterfactual,neutral,16,5,5,1.0,,,,,,,,0.0,1.0
Qwen3-4B_cycle\framing_business\cheap_talk\20260827_105123_pd_cheaptalk_run01.json,Qwen3-4B,Qwen/Qwen3-4B,pd,cycle,cheap_talk,framing_business,framing_business,business,16,5,1,1.0,,,,,,,,0.0,1.0
Qwen3-4B_cycle\framing_business\cheap_talk\20260827_105123_pd_cheaptalk_run02.json,Qwen3-4B,Qwen/Qwen3-4B,pd,cycle,cheap_talk,framing_business,framing_business,business,16,5,2,1.0,,,,,,,,0.0,1.0
Qwen3-4B_cycle\framing_business\cheap_talk\20260827_105123_pd_cheaptalk_run03.json,Qwen3-4B,Qwen/Qwen3-4B,pd,cycle,cheap_talk,framing_business,framing_business,business,16,5,3,1.0,,,,,,,,0.0,1.0
Qwen3-4B_cycle\framing_business\cheap_talk\20260827_105123_pd_cheaptalk_run04.json,Qwen3-4B,Qwen/Qwen3-4B,pd,cycle,cheap_talk,framing_business,framing_business,business,16,5,4,1.0,,,,,,,,0.0,1.0
Qwen3-4B_cycle\framing_business\cheap_talk\20260827_105123_pd_cheaptalk_run05.json,Qwen3-4B,Qwen/Qwen3-4B,pd,cycle,cheap_talk,framing_business,framing_business,business,16,5,5,1.0,,,,,,,,0.0,1.0
Qwen3-4B_cycle\framing_business\cheap_talk\20260827_105123_sh_cheaptalk_run01.json,Qwen3-4B,Qwen/Qwen3-4B,sh,cycle,cheap_talk,framing_business,framing_business,business,16,5,1,1.0,,,,,,,,0.0,1.0
Qwen3-4B_cycle\framing_business\cheap_talk\20260827_105123_sh_cheaptalk_run02.json,Qwen3-4B,Qwen/Qwen3-4B,sh,cycle,cheap_talk,framing_business,framing_business,business,16,5,2,1.0,,,,,,,,0.0,1.0
Qwen3-4B_cycle\framing_business\cheap_talk\20260827_105123_sh_cheaptalk_run03.json,Qwen3-4B,Qwen/Qwen3-4B,sh,cycle,cheap_talk,framing_business,framing_business,business,16,5,3,1.0,,,,,,,,0.0,1.0
Qwen3-4B_cycle\framing_business\cheap_talk\20260827_105123_sh_cheaptalk_run04.json,Qwen3-4B,Qwen/Qwen3-4B,sh,cycle,cheap_talk,framing_business,framing_business,business,16,5,4,1.0,,,,,,,,0.0,1.0
Qwen3-4B_cycle\framing_business\cheap_talk\20260827_105123_sh_cheaptalk_run05.json,Qwen3-4B,Qwen/Qwen3-4B,sh,cycle,cheap_talk,framing_business,framing_business,business,16,5,5,1.0,,,,,,,,0.0,1.0
Qwen3-4B_cycle\framing_business_context\cheap_talk\20260827_211225_pd_cheaptalk_run01.json,Qwen3-4B,Qwen/Qwen3-4B,pd,cycle,cheap_talk,framing_business_context,framing_business_context[cheap_talk],neutral,16,5,1,1.0,,,,,,,,0.0,1.0
Qwen3-4B_cycle\framing_business_context\cheap_talk\20260827_211225_pd_cheaptalk_run02.json,Qwen3-4B,Qwen/Qwen3-4B,pd,cycle,cheap_talk,framing_business_context,framing_business_context[cheap_talk],neutral,16,5,2,1.0,,,,,,,,0.0,1.0
Qwen3-4B_cycle\framing_business_context\cheap_talk\20260827_211225_pd_cheaptalk_run03.json,Qwen3-4B,Qwen/Qwen3-4B,pd,cycle,cheap_talk,framing_business_context,framing_business_context[cheap_talk],neutral,16,5,3,1.0,,,,,,,,0.0,1.0
Qwen3-4B_cycle\framing_business_context\cheap_talk\20260827_211225_pd_cheaptalk_run04.json,Qwen3-4B,Qwen/Qwen3-4B,pd,cycle,cheap_talk,framing_business_context,framing_business_context[cheap_talk],neutral,16,5,4,1.0,,,,,,,,0.0,1.0
Qwen3-4B_cycle\framing_business_context\cheap_talk\20260827_211225_pd_cheaptalk_run05.json,Qwen3-4B,Qwen/Qwen3-4B,pd,cycle,cheap_talk,framing_business_context,framing_business_context[cheap_talk],neutral,16,5,5,1.0,,,,,,,,0.0,1.0
Qwen3-4B_cycle\framing_business_context\cheap_talk\20260827_211225_sh_cheaptalk_run01.json,Qwen3-4B,Qwen/Qwen3-4B,sh,cycle,cheap_talk,framing_business_context,framing_business_context[cheap_talk],neutral,16,5,1,1.0,,,,,,,,0.0,1.0
Qwen3-4B_cycle\framing_business_context\cheap_talk\20260827_211225_sh_cheaptalk_run02.json,Qwen3-4B,Qwen/Qwen3-4B,sh,cycle,cheap_talk,framing_business_context,framing_business_context[cheap_talk],neutral,16,5,2,1.0,,,,,,,,0.0,1.0
Qwen3-4B_cycle\framing_business_context\cheap_talk\20260827_211225_sh_cheaptalk_run03.json,Qwen3-4B,Qwen/Qwen3-4B,sh,cycle,cheap_talk,framing_business_context,framing_business_context[cheap_talk],neutral,16,5,3,1.0,,,,,,,,0.0,1.0
Qwen3-4B_cycle\framing_business_context\cheap_talk\20260827_211225_sh_cheaptalk_run04.json,Qwen3-4B,Qwen/Qwen3-4B,sh,cycle,cheap_talk,framing_business_context,framing_business_context[cheap_talk],neutral,16,5,4,1.0,,,,,,,,0.0,1.0
Qwen3-4B_cycle\framing_business_context\cheap_talk\20260827_211225_sh_cheaptalk_run05.json,Qwen3-4B,Qwen/Qwen3-4B,sh,cycle,cheap_talk,framing_business_context,framing_business_context[cheap_talk],neutral,16,5,5,1.0,,,,,,,,0.0,1.0
Qwen3-4B_cycle\framing_business_context\no_comm\20260827_211225_pd_nocomm_run01.json,Qwen3-4B,Qwen/Qwen3-4B,pd,cycle,no_comm,framing_business_context,framing_business_context[no_comm],neutral,16,5,1,0.5777777777777777,,,,,,,,0.296875,0.0625
Qwen3-4B_cycle\framing_business_context\no_comm\20260827_211225_pd_nocomm_run02.json,Qwen3-4B,Qwen/Qwen3-4B,pd,cycle,no_comm,framing_business_context,framing_business_context[no_comm],neutral,16,5,2,0.10344827586206896,,,,,,,,0.09375,0.0
Qwen3-4B_cycle\framing_business_context\no_comm\20260827_211225_pd_nocomm_run03.json,Qwen3-4B,Qwen/Qwen3-4B,pd,cycle,no_comm,framing_business_context,framing_business_context[no_comm],neutral,16,5,3,0.06557377049180328,,,,,,,,0.046875,0.0
Qwen3-4B_cycle\framing_business_context\no_comm\20260827_211225_pd_nocomm_run04.json,Qwen3-4B,Qwen/Qwen3-4B,pd,cycle,no_comm,framing_business_context,framing_business_context[no_comm],neutral,16,5,4,0.06896551724137931,,,,,,,,0.09375,0.0
Qwen3-4B_cycle\framing_business_context\no_comm\20260827_211225_pd_nocomm_run05.json,Qwen3-4B,Qwen/Qwen3-4B,pd,cycle,no_comm,framing_business_context,framing_business_context[no_comm],neutral,16,5,5,0.06779661016949153,,,,,,,,0.078125,0.0
Qwen3-4B_cycle\framing_business_context\no_comm\20260827_211225_sh_nocomm_run01.json,Qwen3-4B,Qwen/Qwen3-4B,sh,cycle,no_comm,framing_business_context,framing_business_context[no_comm],neutral,16,5,1,1.0,,,,,,,,0.015625,0.9375
Qwen3-4B_cycle\framing_business_context\no_comm\20260827_211225_sh_nocomm_run02.json,Qwen3-4B,Qwen/Qwen3-4B,sh,cycle,no_comm,framing_business_context,framing_business_context[no_comm],neutral,16,5,2,1.0,,,,,,,,0.0,1.0
Qwen3-4B_cycle\framing_business_context\no_comm\20260827_211225_sh_nocomm_run03.json,Qwen3-4B,Qwen/Qwen3-4B,sh,cycle,no_comm,framing_business_context,framing_business_context[no_comm],neutral,16,5,3,0.9838709677419355,,,,,,,,0.03125,0.875
Qwen3-4B_cycle\framing_business_context\no_comm\20260827_211225_sh_nocomm_run04.json,Qwen3-4B,Qwen/Qwen3-4B,sh,cycle,no_comm,framing_business_context,framing_business_context[no_comm],neutral,16,5,4,0.967741935483871,,,,,,,,0.03125,0.8125
Qwen3-4B_cycle\framing_business_context\no_comm\20260827_211225_sh_nocomm_run05.json,Qwen3-4B,Qwen/Qwen3-4B,sh,cycle,no_comm,framing_business_context,framing_business_context[no_comm],neutral,16,5,5,1.0,,,,,,,,0.015625,0.9375
Qwen3-4B_cycle\framing_competitive\cheap_talk\20260827_105048_pd_cheaptalk_run01.json,Qwen3-4B,Qwen/Qwen3-4B,pd,cycle,cheap_talk,framing_competitive,framing_competitive,competitive,16,5,1,0.015625,,,,,,,,0.0,0.0
Qwen3-4B_cycle\framing_competitive\cheap_talk\20260827_105048_pd_cheaptalk_run02.json,Qwen3-4B,Qwen/Qwen3-4B,pd,cycle,cheap_talk,framing_competitive,framing_competitive,competitive,16,5,2,0.015625,,,,,,,,0.0,0.0
Qwen3-4B_cycle\framing_competitive\cheap_talk\20260827_105048_pd_cheaptalk_run03.json,Qwen3-4B,Qwen/Qwen3-4B,pd,cycle,cheap_talk,framing_competitive,framing_competitive,competitive,16,5,3,0.0,,,,,,,,0.0,0.0
Qwen3-4B_cycle\framing_competitive\cheap_talk\20260827_105048_pd_cheaptalk_run04.json,Qwen3-4B,Qwen/Qwen3-4B,pd,cycle,cheap_talk,framing_competitive,framing_competitive,competitive,16,5,4,0.0,,,,,,,,0.0,0.0
Qwen3-4B_cycle\framing_competitive\cheap_talk\20260827_105048_pd_cheaptalk_run05.json,Qwen3-4B,Qwen/Qwen3-4B,pd,cycle,cheap_talk,framing_competitive,framing_competitive,competitive,16,5,5,0.0625,,,,,,,,0.0,0.0
Qwen3-4B_cycle\framing_competitive\cheap_talk\20260827_105048_sh_cheaptalk_run01.json,Qwen3-4B,Qwen/Qwen3-4B,sh,cycle,cheap_talk,framing_competitive,framing_competitive,competitive,16,5,1,1.0,,,,,,,,0.0,1.0
Qwen3-4B_cycle\framing_competitive\cheap_talk\20260827_105048_sh_cheaptalk_run02.json,Qwen3-4B,Qwen/Qwen3-4B,sh,cycle,cheap_talk,framing_competitive,framing_competitive,competitive,16,5,2,1.0,,,,,,,,0.0,1.0
Qwen3-4B_cycle\framing_competitive\cheap_talk\20260827_105048_sh_cheaptalk_run03.json,Qwen3-4B,Qwen/Qwen3-4B,sh,cycle,cheap_talk,framing_competitive,framing_competitive,competitive,16,5,3,1.0,,,,,,,,0.0,1.0
Qwen3-4B_cycle\framing_competitive\cheap_talk\20260827_105048_sh_cheaptalk_run04.json,Qwen3-4B,Qwen/Qwen3-4B,sh,cycle,cheap_talk,framing_competitive,framing_competitive,competitive,16,5,4,1.0,,,,,,,,0.0,1.0
Qwen3-4B_cycle\framing_competitive\cheap_talk\20260827_105048_sh_cheaptalk_run05.json,Qwen3-4B,Qwen/Qwen3-4B,sh,cycle,cheap_talk,framing_competitive,framing_competitive,competitive,16,5,5,1.0,,,,,,,,0.0,1.0
Qwen3-4B_cycle\framing_competitive_context\cheap_talk\20260827_211258_pd_cheaptalk_run01.json,Qwen3-4B,Qwen/Qwen3-4B,pd,cycle,cheap_talk,framing_competitive_context,framing_competitive_context[cheap_talk],neutral,16,5,1,1.0,,,,,,,,0.0,1.0
Qwen3-4B_cycle\framing_competitive_context\cheap_talk\20260827_211258_pd_cheaptalk_run02.json,Qwen3-4B,Qwen/Qwen3-4B,pd,cycle,cheap_talk,framing_competitive_context,framing_competitive_context[cheap_talk],neutral,16,5,2,1.0,,,,,,,,0.0,1.0
Qwen3-4B_cycle\framing_competitive_context\cheap_talk\20260827_211258_pd_cheaptalk_run03.json,Qwen3-4B,Qwen/Qwen3-4B,pd,cycle,cheap_talk,framing_competitive_context,framing_competitive_context[cheap_talk],neutral,16,5,3,1.0,,,,,,,,0.0,1.0
Qwen3-4B_cycle\framing_competitive_context\cheap_talk\20260827_211258_pd_cheaptalk_run04.json,Qwen3-4B,Qwen/Qwen3-4B,pd,cycle,cheap_talk,framing_competitive_context,framing_competitive_context[cheap_talk],neutral,16,5,4,1.0,,,,,,,,0.0,1.0
Qwen3-4B_cycle\framing_competitive_context\cheap_talk\20260827_211258_pd_cheaptalk_run05.json,Qwen3-4B,Qwen/Qwen3-4B,pd,cycle,cheap_talk,framing_competitive_context,framing_competitive_context[cheap_talk],neutral,16,5,5,1.0,,,,,,,,0.0,1.0
Qwen3-4B_cycle\framing_competitive_context\cheap_talk\20260827_211258_sh_cheaptalk_run01.json,Qwen3-4B,Qwen/Qwen3-4B,sh,cycle,cheap_talk,framing_competitive_context,framing_competitive_context[cheap_talk],neutral,16,5,1,1.0,,,,,,,,0.0,1.0
Qwen3-4B_cycle\framing_competitive_context\cheap_talk\20260827_211258_sh_cheaptalk_run02.json,Qwen3-4B,Qwen/Qwen3-4B,sh,cycle,cheap_talk,framing_competitive_context,framing_competitive_context[cheap_talk],neutral,16,5,2,1.0,,,,,,,,0.0,1.0
Qwen3-4B_cycle\framing_competitive_context\cheap_talk\20260827_211258_sh_cheaptalk_run03.json,Qwen3-4B,Qwen/Qwen3-4B,sh,cycle,cheap_talk,framing_competitive_context,framing_competitive_context[cheap_talk],neutral,16,5,3,1.0,,,,,,,,0.0,1.0
Qwen3-4B_cycle\framing_competitive_context\cheap_talk\20260827_211258_sh_cheaptalk_run04.json,Qwen3-4B,Qwen/Qwen3-4B,sh,cycle,cheap_talk,framing_competitive_context,framing_competitive_context[cheap_talk],neutral,16,5,4,1.0,,,,,,,,0.0,1.0
Qwen3-4B_cycle\framing_competitive_context\cheap_talk\20260827_211258_sh_cheaptalk_run05.json,Qwen3-4B,Qwen/Qwen3-4B,sh,cycle,cheap_talk,framing_competitive_context,framing_competitive_context[cheap_talk],neutral,16,5,5,1.0,,,,,,,,0.0,1.0
Qwen3-4B_cycle\framing_competitive_context\no_comm\20260827_211258_pd_nocomm_run01.json,Qwen3-4B,Qwen/Qwen3-4B,pd,cycle,no_comm,framing_competitive_context,framing_competitive_context[no_comm],neutral,16,5,1,0.07936507936507936,,,,,,,,0.015625,0.0
Qwen3-4B_cycle\framing_competitive_context\no_comm\20260827_211258_pd_nocomm_run02.json,Qwen3-4B,Qwen/Qwen3-4B,pd,cycle,no_comm,framing_competitive_context,framing_competitive_context[no_comm],neutral,16,5,2,0.03508771929824561,,,,,,,,0.109375,0.0
Qwen3-4B_cycle\framing_competitive_context\no_comm\20260827_211258_pd_nocomm_run03.json,Qwen3-4B,Qwen/Qwen3-4B,pd,cycle,no_comm,framing_competitive_context,framing_competitive_context[no_comm],neutral,16,5,3,0.06451612903225806,,,,,,,,0.03125,0.0
Qwen3-4B_cycle\framing_competitive_context\no_comm\20260827_211258_pd_nocomm_run04.json,Qwen3-4B,Qwen/Qwen3-4B,pd,cycle,no_comm,framing_competitive_context,framing_competitive_context[no_comm],neutral,16,5,4,0.11904761904761904,,,,,,,,0.34375,0.0
Qwen3-4B_cycle\framing_competitive_context\no_comm\20260827_211258_pd_nocomm_run05.json,Qwen3-4B,Qwen/Qwen3-4B,pd,cycle,no_comm,framing_competitive_context,framing_competitive_context[no_comm],neutral,16,5,5,0.14035087719298245,,,,,,,,0.109375,0.0
Qwen3-4B_cycle\framing_competitive_context\no_comm\20260827_211258_sh_nocomm_run01.json,Qwen3-4B,Qwen/Qwen3-4B,sh,cycle,no_comm,framing_competitive_context,framing_competitive_context[no_comm],neutral,16,5,1,1.0,,,,,,,,0.015625,0.9375
Qwen3-4B_cycle\framing_competitive_context\no_comm\20260827_211258_sh_nocomm_run02.json,Qwen3-4B,Qwen/Qwen3-4B,sh,cycle,no_comm,framing_competitive_context,framing_competitive_context[no_comm],neutral,16,5,2,0.984375,,,,,,,,0.0,0.9375
Qwen3-4B_cycle\framing_competitive_context\no_comm\20260827_211258_sh_nocomm_run03.json,Qwen3-4B,Qwen/Qwen3-4B,sh,cycle,no_comm,framing_competitive_context,framing_competitive_context[no_comm],neutral,16,5,3,0.725,,,,,,,,0.375,0.0
Qwen3-4B_cycle\framing_competitive_context\no_comm\20260827_211258_sh_nocomm_run04.json,Qwen3-4B,Qwen/Qwen3-4B,sh,cycle,no_comm,framing_competitive_context,framing_competitive_context[no_comm],neutral,16,5,4,0.8363636363636363,,,,,,,,0.140625,0.4375
Qwen3-4B_cycle\framing_competitive_context\no_comm\20260827_211258_sh_nocomm_run05.json,Qwen3-4B,Qwen/Qwen3-4B,sh,cycle,no_comm,framing_competitive_context,framing_competitive_context[no_comm],neutral,16,5,5,0.8870967741935484,,,,,,,,0.03125,0.625
Qwen3-4B_cycle\framing_team\cheap_talk\20260827_105123_pd_cheaptalk_run01.json,Qwen3-4B,Qwen/Qwen3-4B,pd,cycle,cheap_talk,framing_team,framing_team,team,16,5,1,1.0,,,,,,,,0.0,1.0
Qwen3-4B_cycle\framing_team\cheap_talk\20260827_105123_pd_cheaptalk_run02.json,Qwen3-4B,Qwen/Qwen3-4B,pd,cycle,cheap_talk,framing_team,framing_team,team,16,5,2,1.0,,,,,,,,0.0,1.0
Qwen3-4B_cycle\framing_team\cheap_talk\20260827_105123_pd_cheaptalk_run03.json,Qwen3-4B,Qwen/Qwen3-4B,pd,cycle,cheap_talk,framing_team,framing_team,team,16,5,3,1.0,,,,,,,,0.0,1.0
Qwen3-4B_cycle\framing_team\cheap_talk\20260827_105123_pd_cheaptalk_run04.json,Qwen3-4B,Qwen/Qwen3-4B,pd,cycle,cheap_talk,framing_team,framing_team,team,16,5,4,1.0,,,,,,,,0.0,1.0
Qwen3-4B_cycle\framing_team\cheap_talk\20260827_105123_pd_cheaptalk_run05.json,Qwen3-4B,Qwen/Qwen3-4B,pd,cycle,cheap_talk,framing_team,framing_team,team,16,5,5,1.0,,,,,,,,0.0,1.0
Qwen3-4B_cycle\framing_team\cheap_talk\20260827_105123_sh_cheaptalk_run01.json,Qwen3-4B,Qwen/Qwen3-4B,sh,cycle,cheap_talk,framing_team,framing_team,team,16,5,1,1.0,,,,,,,,0.0,1.0
Qwen3-4B_cycle\framing_team\cheap_talk\20260827_105123_sh_cheaptalk_run02.json,Qwen3-4B,Qwen/Qwen3-4B,sh,cycle,cheap_talk,framing_team,framing_team,team,16,5,2,1.0,,,,,,,,0.0,1.0
Qwen3-4B_cycle\framing_team\cheap_talk\20260827_105123_sh_cheaptalk_run03.json,Qwen3-4B,Qwen/Qwen3-4B,sh,cycle,cheap_talk,framing_team,framing_team,team,16,5,3,1.0,,,,,,,,0.0,1.0
Qwen3-4B_cycle\framing_team\cheap_talk\20260827_105123_sh_cheaptalk_run04.json,Qwen3-4B,Qwen/Qwen3-4B,sh,cycle,cheap_talk,framing_team,framing_team,team,16,5,4,1.0,,,,,,,,0.0,1.0
Qwen3-4B_cycle\framing_team\cheap_talk\20260827_105123_sh_cheaptalk_run05.json,Qwen3-4B,Qwen/Qwen3-4B,sh,cycle,cheap_talk,framing_team,framing_team,team,16,5,5,1.0,,,,,,,,0.0,1.0
Qwen3-4B_cycle\framing_team_context\cheap_talk\20260827_211225_pd_cheaptalk_run01.json,Qwen3-4B,Qwen/Qwen3-4B,pd,cycle,cheap_talk,framing_team_context,framing_team_context[cheap_talk],neutral,16,5,1,1.0,,,,,,,,0.0,1.0
Qwen3-4B_cycle\framing_team_context\cheap_talk\20260827_211225_pd_cheaptalk_run02.json,Qwen3-4B,Qwen/Qwen3-4B,pd,cycle,cheap_talk,framing_team_context,framing_team_context[cheap_talk],neutral,16,5,2,1.0,,,,,,,,0.0,1.0
Qwen3-4B_cycle\framing_team_context\cheap_talk\20260827_211225_pd_cheaptalk_run03.json,Qwen3-4B,Qwen/Qwen3-4B,pd,cycle,cheap_talk,framing_team_context,framing_team_context[cheap_talk],neutral,16,5,3,1.0,,,,,,,,0.0,1.0
Qwen3-4B_cycle\framing_team_context\cheap_talk\20260827_211225_pd_cheaptalk_run04.json,Qwen3-4B,Qwen/Qwen3-4B,pd,cycle,cheap_talk,framing_team_context,framing_team_context[cheap_talk],neutral,16,5,4,1.0,,,,,,,,0.0,1.0
Qwen3-4B_cycle\framing_team_context\cheap_talk\20260827_211225_pd_cheaptalk_run05.json,Qwen3-4B,Qwen/Qwen3-4B,pd,cycle,cheap_talk,framing_team_context,framing_team_context[cheap_talk],neutral,16,5,5,1.0,,,,,,,,0.0,1.0
Qwen3-4B_cycle\framing_team_context\cheap_talk\20260827_211225_sh_cheaptalk_run01.json,Qwen3-4B,Qwen/Qwen3-4B,sh,cycle,cheap_talk,framing_team_context,framing_team_context[cheap_talk],neutral,16,5,1,1.0,,,,,,,,0.0,1.0
Qwen3-4B_cycle\framing_team_context\cheap_talk\20260827_211225_sh_cheaptalk_run02.json,Qwen3-4B,Qwen/Qwen3-4B,sh,cycle,cheap_talk,framing_team_context,framing_team_context[cheap_talk],neutral,16,5,2,1.0,,,,,,,,0.0,1.0
Qwen3-4B_cycle\framing_team_context\cheap_talk\20260827_211225_sh_cheaptalk_run03.json,Qwen3-4B,Qwen/Qwen3-4B,sh,cycle,cheap_talk,framing_team_context,framing_team_context[cheap_talk],neutral,16,5,3,1.0,,,,,,,,0.0,1.0
Qwen3-4B_cycle\framing_team_context\cheap_talk\20260827_211225_sh_cheaptalk_run04.json,Qwen3-4B,Qwen/Qwen3-4B,sh,cycle,cheap_talk,framing_team_context,framing_team_context[cheap_talk],neutral,16,5,4,1.0,,,,,,,,0.0,1.0
Qwen3-4B_cycle\framing_team_context\cheap_talk\20260827_211225_sh_cheaptalk_run05.json,Qwen3-4B,Qwen/Qwen3-4B,sh,cycle,cheap_talk,framing_team_context,framing_team_context[cheap_talk],neutral,16,5,5,1.0,,,,,,,,0.0,1.0
Qwen3-4B_cycle\framing_team_context\no_comm\20260827_211225_pd_nocomm_run01.json,Qwen3-4B,Qwen/Qwen3-4B,pd,cycle,no_comm,framing_team_context,framing_team_context[no_comm],neutral,16,5,1,1.0,,,,,,,,0.0,1.0
Qwen3-4B_cycle\framing_team_context\no_comm\20260827_211225_pd_nocomm_run02.json,Qwen3-4B,Qwen/Qwen3-4B,pd,cycle,no_comm,framing_team_context,framing_team_context[no_comm],neutral,16,5,2,1.0,,,,,,,,0.0,1.0
Qwen3-4B_cycle\framing_team_context\no_comm\20260827_211225_pd_nocomm_run03.json,Qwen3-4B,Qwen/Qwen3-4B,pd,cycle,no_comm,framing_team_context,framing_team_context[no_comm],neutral,16,5,3,0.5510204081632653,,,,,,,,0.234375,0.0625
Qwen3-4B_cycle\framing_team_context\no_comm\20260827_211225_pd_nocomm_run04.json,Qwen3-4B,Qwen/Qwen3-4B,pd,cycle,no_comm,framing_team_context,framing_team_context[no_comm],neutral,16,5,4,1.0,,,,,,,,0.0,1.0
Qwen3-4B_cycle\framing_team_context\no_comm\20260827_211225_pd_nocomm_run05.json,Qwen3-4B,Qwen/Qwen3-4B,pd,cycle,no_comm,framing_team_context,framing_team_context[no_comm],neutral,16,5,5,1.0,,,,,,,,0.0,1.0
Qwen3-4B_cycle\framing_team_context\no_comm\20260827_211225_sh_nocomm_run01.json,Qwen3-4B,Qwen/Qwen3-4B,sh,cycle,no_comm,framing_team_context,framing_team_context[no_comm],neutral,16,5,1,1.0,,,,,,,,0.0,1.0
Qwen3-4B_cycle\framing_team_context\no_comm\20260827_211225_sh_nocomm_run02.json,Qwen3-4B,Qwen/Qwen3-4B,sh,cycle,no_comm,framing_team_context,framing_team_context[no_comm],neutral,16,5,2,1.0,,,,,,,,0.03125,0.875
Qwen3-4B_cycle\framing_team_context\no_comm\20260827_211225_sh_nocomm_run03.json,Qwen3-4B,Qwen/Qwen3-4B,sh,cycle,no_comm,framing_team_context,framing_team_context[no_comm],neutral,16,5,3,1.0,,,,,,,,0.0,1.0
Qwen3-4B_cycle\framing_team_context\no_comm\20260827_211225_sh_nocomm_run04.json,Qwen3-4B,Qwen/Qwen3-4B,sh,cycle,no_comm,framing_team_context,framing_team_context[no_comm],neutral,16,5,4,1.0,,,,,,,,0.0,1.0
Qwen3-4B_cycle\framing_team_context\no_comm\20260827_211225_sh_nocomm_run05.json,Qwen3-4B,Qwen/Qwen3-4B,sh,cycle,no_comm,framing_team_context,framing_team_context[no_comm],neutral,16,5,5,1.0,,,,,,,,0.0,1.0
Qwen3-4B_cycle\no_sense\cheap_talk\20260822_102923_pd_cheaptalk_run01.json,Qwen3-4B,Qwen/Qwen3-4B,pd,cycle,cheap_talk,no_sense,no_sense,neutral,16,5,1,0.921875,,,,,,,,0.0,0.8125
Qwen3-4B_cycle\no_sense\cheap_talk\20260822_102923_pd_cheaptalk_run02.json,Qwen3-4B,Qwen/Qwen3-4B,pd,cycle,cheap_talk,no_sense,no_sense,neutral,16,5,2,0.921875,,,,,,,,0.0,0.8125
Qwen3-4B_cycle\no_sense\cheap_talk\20260822_102923_pd_cheaptalk_run03.json,Qwen3-4B,Qwen/Qwen3-4B,pd,cycle,cheap_talk,no_sense,no_sense,neutral,16,5,3,1.0,,,,,,,,0.0,1.0
Qwen3-4B_cycle\no_sense\cheap_talk\20260822_102923_pd_cheaptalk_run04.json,Qwen3-4B,Qwen/Qwen3-4B,pd,cycle,cheap_talk,no_sense,no_sense,neutral,16,5,4,1.0,,,,,,,,0.0,1.0
Qwen3-4B_cycle\no_sense\cheap_talk\20260822_102923_pd_cheaptalk_run05.json,Qwen3-4B,Qwen/Qwen3-4B,pd,cycle,cheap_talk,no_sense,no_sense,neutral,16,5,5,0.90625,,,,,,,,0.0,0.625
Qwen3-4B_cycle\no_sense\cheap_talk\20260822_102923_sh_cheaptalk_run01.json,Qwen3-4B,Qwen/Qwen3-4B,sh,cycle,cheap_talk,no_sense,no_sense,neutral,16,5,1,0.953125,,,,,,,,0.0,0.8125
Qwen3-4B_cycle\no_sense\cheap_talk\20260822_102923_sh_cheaptalk_run02.json,Qwen3-4B,Qwen/Qwen3-4B,sh,cycle,cheap_talk,no_sense,no_sense,neutral,16,5,2,1.0,,,,,,,,0.0,1.0
Qwen3-4B_cycle\no_sense\cheap_talk\20260822_102923_sh_cheaptalk_run03.json,Qwen3-4B,Qwen/Qwen3-4B,sh,cycle,cheap_talk,no_sense,no_sense,neutral,16,5,3,1.0,,,,,,,,0.0,1.0
Qwen3-4B_cycle\no_sense\cheap_talk\20260822_102923_sh_cheaptalk_run04.json,Qwen3-4B,Qwen/Qwen3-4B,sh,cycle,cheap_talk,no_sense,no_sense,neutral,16,5,4,1.0,,,,,,,,0.0,1.0
Qwen3-4B_cycle\no_sense\cheap_talk\20260822_102923_sh_cheaptalk_run05.json,Qwen3-4B,Qwen/Qwen3-4B,sh,cycle,cheap_talk,no_sense,no_sense,neutral,16,5,5,1.0,,,,,,,,0.0,1.0
Qwen3-4B_cycle\silence\cheap_talk\20260824_231813_pd_cheaptalk_run01.json,Qwen3-4B,Qwen/Qwen3-4B,pd,cycle,cheap_talk,silence,silence,neutral,16,5,1,0.36507936507936506,,,,,,,,0.015625,0.0
Qwen3-4B_cycle\silence\cheap_talk\20260824_231813_pd_cheaptalk_run02.json,Qwen3-4B,Qwen/Qwen3-4B,pd,cycle,cheap_talk,silence,silence,neutral,16,5,2,1.0,,,,,,,,0.0,1.0
Qwen3-4B_cycle\silence\cheap_talk\20260824_231813_pd_cheaptalk_run03.json,Qwen3-4B,Qwen/Qwen3-4B,pd,cycle,cheap_talk,silence,silence,neutral,16,5,3,1.0,,,,,,,,0.0,1.0
Qwen3-4B_cycle\silence\cheap_talk\20260824_231813_pd_cheaptalk_run04.json,Qwen3-4B,Qwen/Qwen3-4B,pd,cycle,cheap_talk,silence,silence,neutral,16,5,4,1.0,,,,,,,,0.0,1.0
Qwen3-4B_cycle\silence\cheap_talk\20260824_231813_pd_cheaptalk_run05.json,Qwen3-4B,Qwen/Qwen3-4B,pd,cycle,cheap_talk,silence,silence,neutral,16,5,5,1.0,,,,,,,,0.0,1.0
Qwen3-4B_cycle\silence\cheap_talk\20260824_231813_sh_cheaptalk_run01.json,Qwen3-4B,Qwen/Qwen3-4B,sh,cycle,cheap_talk,silence,silence,neutral,16,5,1,1.0,,,,,,,,0.0,1.0
Qwen3-4B_cycle\silence\cheap_talk\20260824_231813_sh_cheaptalk_run02.json,Qwen3-4B,Qwen/Qwen3-4B,sh,cycle,cheap_talk,silence,silence,neutral,16,5,2,0.984375,,,,,,,,0.0,0.9375
Qwen3-4B_cycle\silence\cheap_talk\20260824_231813_sh_cheaptalk_run03.json,Qwen3-4B,Qwen/Qwen3-4B,sh,cycle,cheap_talk,silence,silence,neutral,16,5,3,0.984375,,,,,,,,0.0,0.9375
Qwen3-4B_cycle\silence\cheap_talk\20260824_231813_sh_cheaptalk_run04.json,Qwen3-4B,Qwen/Qwen3-4B,sh,cycle,cheap_talk,silence,silence,neutral,16,5,4,0.984375,,,,,,,,0.0,0.9375
Qwen3-4B_cycle\silence\cheap_talk\20260824_231813_sh_cheaptalk_run05.json,Qwen3-4B,Qwen/Qwen3-4B,sh,cycle,cheap_talk,silence,silence,neutral,16,5,5,1.0,,,,,,,,0.0,1.0
gemma-2-2b-it_star\baseline\cheap_talk\20260516_174820_pd_cheaptalk_run01.json,gemma-2-2b-it,google/gemma-2-2b-it,pd,star,cheap_talk,baseline_cheap_talk,baseline_cheap_talk,neutral,16,5,1,1.0,1.0,1.0,0.0,176.0,3.6666666666666665,1.0,0.0,0.0625,0.875
gemma-2-2b-it_star\baseline\cheap_talk\20260516_174820_pd_cheaptalk_run02.json,gemma-2-2b-it,google/gemma-2-2b-it,pd,star,cheap_talk,baseline_cheap_talk,baseline_cheap_talk,neutral,16,5,2,0.8983050847457628,0.875,0.9069767441860465,-0.03197674418604646,172.0,3.375,0.85,0.0,0.078125,0.5
gemma-2-2b-it_star\baseline\cheap_talk\20260516_174820_pd_cheaptalk_run03.json,gemma-2-2b-it,google/gemma-2-2b-it,pd,star,cheap_talk,baseline_cheap_talk,baseline_cheap_talk,neutral,16,5,3,1.0,1.0,1.0,0.0,176.0,3.6666666666666665,1.0,0.0,0.03125,0.875
gemma-2-2b-it_star\baseline\cheap_talk\20260516_174820_pd_cheaptalk_run04.json,gemma-2-2b-it,google/gemma-2-2b-it,pd,star,cheap_talk,baseline_cheap_talk,baseline_cheap_talk,neutral,16,5,4,1.0,1.0,1.0,0.0,176.0,3.6666666666666665,1.0,0.0,0.03125,0.875
gemma-2-2b-it_star\baseline\cheap_talk\20260516_174820_pd_cheaptalk_run05.json,gemma-2-2b-it,google/gemma-2-2b-it,pd,star,cheap_talk,baseline_cheap_talk,baseline_cheap_talk,neutral,16,5,5,1.0,1.0,1.0,0.0,172.0,3.5833333333333335,1.0,0.0,0.046875,0.8125
gemma-2-2b-it_star\baseline\cheap_talk\20260516_174820_sh_cheaptalk_run01.json,gemma-2-2b-it,google/gemma-2-2b-it,sh,star,cheap_talk,baseline_cheap_talk,baseline_cheap_talk,neutral,16,5,1,0.3018867924528302,0.0,0.41025641025641024,-0.41025641025641024,94.0,1.1458333333333333,0.6129032258064516,,0.171875,0.0
gemma-2-2b-it_star\baseline\cheap_talk\20260516_174820_sh_cheaptalk_run02.json,gemma-2-2b-it,google/gemma-2-2b-it,sh,star,cheap_talk,baseline_cheap_talk,baseline_cheap_talk,neutral,16,5,2,0.2033898305084746,0.0,0.2727272727272727,-0.2727272727272727,104.0,1.5416666666666667,0.7368421052631579,,0.078125,0.0
gemma-2-2b-it_star\baseline\cheap_talk\20260516_174820_sh_cheaptalk_run03.json,gemma-2-2b-it,google/gemma-2-2b-it,sh,star,cheap_talk,baseline_cheap_talk,baseline_cheap_talk,neutral,16,5,3,0.14285714285714285,0.375,0.06382978723404255,0.31117021276595747,86.0,2.6666666666666665,0.5777777777777777,,0.015625,0.0
gemma-2-2b-it_star\baseline\cheap_talk\20260516_174820_sh_cheaptalk_run04.json,gemma-2-2b-it,google/gemma-2-2b-it,sh,star,cheap_talk,baseline_cheap_talk,baseline_cheap_talk,neutral,16,5,4,0.1206896551724138,0.06666666666666667,0.13953488372093023,-0.07286821705426356,102.0,1.9375,0.918918918918919,,0.09375,0.0625
gemma-2-2b-it_star\baseline\cheap_talk\20260516_174820_sh_cheaptalk_run05.json,gemma-2-2b-it,google/gemma-2-2b-it,sh,star,cheap_talk,baseline_cheap_talk,baseline_cheap_talk,neutral,16,5,5,0.36065573770491804,0.0625,0.4666666666666667,-0.4041666666666667,132.0,1.625,0.5476190476190477,,0.046875,0.0
gemma-2-2b-it_star\baseline\no_comm\20260516_174820_pd_nocomm_run01.json,gemma-2-2b-it,google/gemma-2-2b-it,pd,star,no_comm,no_comm,no_comm,neutral,16,5,1,0.8888888888888888,1.0,0.851063829787234,0.14893617021276595,167.0,4.208333333333333,0.8409090909090909,,0.015625,0.625
gemma-2-2b-it_star\baseline\no_comm\20260516_174820_pd_nocomm_run02.json,gemma-2-2b-it,google/gemma-2-2b-it,pd,star,no_comm,no_comm,no_comm,neutral,16,5,2,0.515625,0.625,0.4791666666666667,0.14583333333333331,143.0,3.7083333333333335,0.5333333333333333,,0.0,0.0
gemma-2-2b-it_star\baseline\no_comm\20260516_174820_pd_nocomm_run03.json,gemma-2-2b-it,google/gemma-2-2b-it,pd,star,no_comm,no_comm,no_comm,neutral,16,5,3,0.109375,0.0625,0.125,-0.0625,117.0,2.125,0.8666666666666667,,0.0,0.0
gemma-2-2b-it_star\baseline\no_comm\20260516_174820_pd_nocomm_run04.json,gemma-2-2b-it,google/gemma-2-2b-it,pd,star,no_comm,no_comm,no_comm,neutral,16,5,4,0.890625,1.0,0.8541666666666666,0.14583333333333337,171.0,4.291666666666667,0.8444444444444444,,0.0,0.6875
gemma-2-2b-it_star\baseline\no_comm\20260516_174820_pd_nocomm_run05.json,gemma-2-2b-it,google/gemma-2-2b-it,pd,star,no_comm,no_comm,no_comm,neutral,16,5,5,0.96875,1.0,0.9583333333333334,0.04166666666666663,186.0,4.083333333333333,0.9555555555555556,,0.0,0.875
gemma-2-2b-it_star\baseline\no_comm\20260516_174820_sh_nocomm_run01.json,gemma-2-2b-it,google/gemma-2-2b-it,sh,star,no_comm,no_comm,no_comm,neutral,16,5,1,0.671875,0.8125,0.625,0.1875,186.0,4.4375,0.7777777777777778,,0.0,0.3125
gemma-2-2b-it_star\baseline\no_comm\20260516_174820_sh_nocomm_run02.json,gemma-2-2b-it,google/gemma-2-2b-it,sh,star,no_comm,no_comm,no_comm,neutral,16,5,2,0.65625,0.8125,0.6041666666666666,0.20833333333333337,187.0,4.520833333333333,0.5555555555555556,,0.0,0.125
gemma-2-2b-it_star\baseline\no_comm\20260516_174820_sh_nocomm_run03.json,gemma-2-2b-it,google/gemma-2-2b-it,sh,star,no_comm,no_comm,no_comm,neutral,16,5,3,0.703125,0.9375,0.625,0.3125,201.0,5.125,0.6,,0.0,0.25
gemma-2-2b-it_star\baseline\no_comm\20260516_174820_sh_nocomm_run04.json,gemma-2-2b-it,google/gemma-2-2b-it,sh,star,no_comm,no_comm,no_comm,neutral,16,5,4,0.46875,0.75,0.375,0.375,135.0,3.9375,0.4888888888888889,,0.0,0.0
gemma-2-2b-it_star\baseline\no_comm\20260516_174820_sh_nocomm_run05.json,gemma-2-2b-it,google/gemma-2-2b-it,sh,star,no_comm,no_comm,no_comm,neutral,16,5,5,0.7377049180327869,0.7857142857142857,0.723404255319149,0.06231003039513672,196.0,4.145833333333333,0.5641025641025641,,0.046875,0.375
gemma-2-2b-it_star\counterfactual\cheap_talk\20260516_174820_pd_cheaptalk_run01.json,gemma-2-2b-it,google/gemma-2-2b-it,pd,star,cheap_talk,counterfactual,counterfactual,neutral,16,5,1,0.03225806451612903,0.0,0.043478260869565216,-0.043478260869565216,100.0,1.875,0.9534883720930233,0.4375,0.03125,0.0
gemma-2-2b-it_star\counterfactual\cheap_talk\20260516_174820_pd_cheaptalk_run02.json,gemma-2-2b-it,google/gemma-2-2b-it,pd,star,cheap_talk,counterfactual,counterfactual,neutral,16,5,2,0.04838709677419355,0.0,0.06382978723404255,-0.06382978723404255,100.0,1.7708333333333333,0.926829268292683,0.13333333333333333,0.03125,0.0
gemma-2-2b-it_star\counterfactual\cheap_talk\20260516_174820_pd_cheaptalk_run03.json,gemma-2-2b-it,google/gemma-2-2b-it,pd,star,cheap_talk,counterfactual,counterfactual,neutral,16,5,3,0.06779661016949153,0.0,0.09090909090909091,-0.09090909090909091,100.0,1.6666666666666667,0.9210526315789473,0.2,0.078125,0.0
gemma-2-2b-it_star\counterfactual\cheap_talk\20260516_174820_pd_cheaptalk_run04.json,gemma-2-2b-it,google/gemma-2-2b-it,pd,star,cheap_talk,counterfactual,counterfactual,neutral,16,5,4,0.15789473684210525,0.14285714285714285,0.16279069767441862,-0.019933554817275767,95.0,1.6666666666666667,0.8823529411764706,0.14285714285714285,0.109375,0.0
gemma-2-2b-it_star\counterfactual\cheap_talk\20260516_174820_pd_cheaptalk_run05.json,gemma-2-2b-it,google/gemma-2-2b-it,pd,star,cheap_talk,counterfactual,counterfactual,neutral,16,5,5,0.01639344262295082,0.0,0.021739130434782608,-0.021739130434782608,90.0,1.7708333333333333,1.0,0.6,0.046875,0.0
gemma-2-2b-it_star\counterfactual\cheap_talk\20260516_174820_sh_cheaptalk_run01.json,gemma-2-2b-it,google/gemma-2-2b-it,sh,star,cheap_talk,counterfactual,counterfactual,neutral,16,5,1,0.532258064516129,0.6875,0.4782608695652174,0.2092391304347826,157.0,3.9583333333333335,0.5348837209302325,,0.03125,0.0
gemma-2-2b-it_star\counterfactual\cheap_talk\20260516_174820_sh_cheaptalk_run02.json,gemma-2-2b-it,google/gemma-2-2b-it,sh,star,cheap_talk,counterfactual,counterfactual,neutral,16,5,2,0.3770491803278688,0.5,0.3333333333333333,0.16666666666666669,125.0,3.0416666666666665,0.6190476190476191,,0.046875,0.0
gemma-2-2b-it_star\counterfactual\cheap_talk\20260516_174820_sh_cheaptalk_run03.json,gemma-2-2b-it,google/gemma-2-2b-it,sh,star,cheap_talk,counterfactual,counterfactual,neutral,16,5,3,0.576271186440678,0.6428571428571429,0.5555555555555556,0.08730158730158732,136.0,3.0208333333333335,0.5405405405405406,,0.078125,0.0625
gemma-2-2b-it_star\counterfactual\cheap_talk\20260516_174820_sh_cheaptalk_run04.json,gemma-2-2b-it,google/gemma-2-2b-it,sh,star,cheap_talk,counterfactual,counterfactual,neutral,16,5,4,0.38333333333333336,0.3333333333333333,0.4,-0.06666666666666671,133.0,2.5833333333333335,0.55,,0.0625,0.125
gemma-2-2b-it_star\counterfactual\cheap_talk\20260516_174820_sh_cheaptalk_run05.json,gemma-2-2b-it,google/gemma-2-2b-it,sh,star,cheap_talk,counterfactual,counterfactual,neutral,16,5,5,0.35,0.35714285714285715,0.34782608695652173,0.009316770186335421,113.0,2.2916666666666665,0.5263157894736842,,0.0625,0.0
gemma-2-2b-it_star\framing_business\cheap_talk\20260517_102613_pd_cheaptalk_run01.json,gemma-2-2b-it,google/gemma-2-2b-it,pd,star,cheap_talk,framing_business,framing_business,business,16,5,1,0.85,0.9285714285714286,0.8260869565217391,0.10248447204968947,151.0,3.4583333333333335,0.8421052631578947,0.07142857142857142,0.0625,0.5625
gemma-2-2b-it_star\framing_business\cheap_talk\20260517_102613_pd_cheaptalk_run02.json,gemma-2-2b-it,google/gemma-2-2b-it,pd,star,cheap_talk,framing_business,framing_business,business,16,5,2,0.4426229508196721,0.3333333333333333,0.4782608695652174,-0.1449275362318841,149.0,2.2708333333333335,0.6,0.26666666666666666,0.046875,0.0625
gemma-2-2b-it_star\framing_business\cheap_talk\20260517_102613_pd_cheaptalk_run03.json,gemma-2-2b-it,google/gemma-2-2b-it,pd,star,cheap_talk,framing_business,framing_business,business,16,5,3,0.7627118644067796,0.625,0.813953488372093,-0.18895348837209303,175.0,2.9166666666666665,0.675,0.125,0.078125,0.25
gemma-2-2b-it_star\framing_business\cheap_talk\20260517_102613_pd_cheaptalk_run04.json,gemma-2-2b-it,google/gemma-2-2b-it,pd,star,cheap_talk,framing_business,framing_business,business,16,5,4,0.7142857142857143,0.4,0.8292682926829268,-0.42926829268292677,172.0,1.8125,0.4,0.13333333333333333,0.125,0.1875
gemma-2-2b-it_star\framing_business\cheap_talk\20260517_102613_pd_cheaptalk_run05.json,gemma-2-2b-it,google/gemma-2-2b-it,pd,star,cheap_talk,framing_business,framing_business,business,16,5,5,0.421875,0.0625,0.5416666666666666,-0.47916666666666663,194.0,1.6458333333333333,0.5555555555555556,0.3125,0.0,0.0625
gemma-2-2b-it_star\framing_business\cheap_talk\20260517_102613_sh_cheaptalk_run01.json,gemma-2-2b-it,google/gemma-2-2b-it,sh,star,cheap_talk,framing_business,framing_business,business,16,5,1,0.7413793103448276,0.7142857142857143,0.75,-0.0357142857142857,173.0,3.5416666666666665,0.6,,0.09375,0.125
gemma-2-2b-it_star\framing_business\cheap_talk\20260517_102613_sh_cheaptalk_run02.json,gemma-2-2b-it,google/gemma-2-2b-it,sh,star,cheap_talk,framing_business,framing_business,business,16,5,2,0.36666666666666664,0.5625,0.29545454545454547,0.26704545454545453,113.0,3.1041666666666665,0.4634146341463415,,0.0625,0.0
gemma-2-2b-it_star\framing_business\cheap_talk\20260517_102613_sh_cheaptalk_run03.json,gemma-2-2b-it,google/gemma-2-2b-it,sh,star,cheap_talk,framing_business,framing_business,business,16,5,3,0.7,0.7333333333333333,0.6888888888888889,0.0444444444444444,169.0,3.7083333333333335,0.48717948717948717,,0.0625,0.0625
gemma-2-2b-it_star\framing_business\cheap_talk\20260517_102613_sh_cheaptalk_run04.json,gemma-2-2b-it,google/gemma-2-2b-it,sh,star,cheap_talk,framing_business,framing_business,business,16,5,4,0.6724137931034483,0.6923076923076923,0.6666666666666666,0.02564102564102566,137.0,3.0416666666666665,0.5142857142857142,,0.09375,0.0
gemma-2-2b-it_star\framing_business\cheap_talk\20260517_102613_sh_cheaptalk_run05.json,gemma-2-2b-it,google/gemma-2-2b-it,sh,star,cheap_talk,framing_business,framing_business,business,16,5,5,0.45,0.07142857142857142,0.5652173913043478,-0.4937888198757764,131.0,1.5416666666666667,0.43243243243243246,,0.0625,0.0
gemma-2-2b-it_star\framing_business_context\cheap_talk\20260803_115331_pd_cheaptalk_run01.json,gemma-2-2b-it,google/gemma-2-2b-it,pd,star,cheap_talk,framing_business_context,framing_business_context[cheap_talk],neutral,16,5,1,0.8032786885245902,0.25,1.0,-0.75,248.0,1.625,0.19047619047619047,0.125,0.046875,0.1875
gemma-2-2b-it_star\framing_business_context\cheap_talk\20260803_115331_pd_cheaptalk_run02.json,gemma-2-2b-it,google/gemma-2-2b-it,pd,star,cheap_talk,framing_business_context,framing_business_context[cheap_talk],neutral,16,5,2,1.0,1.0,1.0,0.0,164.0,3.4166666666666665,1.0,0.0,0.09375,0.75
gemma-2-2b-it_star\framing_business_context\cheap_talk\20260803_115331_pd_cheaptalk_run03.json,gemma-2-2b-it,google/gemma-2-2b-it,pd,star,cheap_talk,framing_business_context,framing_business_context[cheap_talk],neutral,16,5,3,1.0,1.0,1.0,0.0,152.0,3.1666666666666665,1.0,0.0,0.09375,0.6875
gemma-2-2b-it_star\framing_business_context\cheap_talk\20260803_115331_pd_cheaptalk_run04.json,gemma-2-2b-it,google/gemma-2-2b-it,pd,star,cheap_talk,framing_business_context,framing_business_context[cheap_talk],neutral,16,5,4,0.9666666666666667,1.0,0.9545454545454546,0.045454545454545414,170.0,3.75,0.975609756097561,0.0,0.0625,0.75
gemma-2-2b-it_star\framing_business_context\cheap_talk\20260803_115331_pd_cheaptalk_run05.json,gemma-2-2b-it,google/gemma-2-2b-it,pd,star,cheap_talk,framing_business_context,framing_business_context[cheap_talk],neutral,16,5,5,1.0,1.0,1.0,0.0,180.0,3.75,1.0,0.0,0.046875,0.8125
gemma-2-2b-it_star\framing_business_context\cheap_talk\20260803_115331_sh_cheaptalk_run01.json,gemma-2-2b-it,google/gemma-2-2b-it,sh,star,cheap_talk,framing_business_context,framing_business_context[cheap_talk],neutral,16,5,1,0.47619047619047616,0.125,0.5957446808510638,-0.4707446808510638,154.0,1.7708333333333333,0.45454545454545453,,0.015625,0.0
gemma-2-2b-it_star\framing_business_context\cheap_talk\20260803_115331_sh_cheaptalk_run02.json,gemma-2-2b-it,google/gemma-2-2b-it,sh,star,cheap_talk,framing_business_context,framing_business_context[cheap_talk],neutral,16,5,2,0.8103448275862069,0.9333333333333333,0.7674418604651163,0.16589147286821704,191.0,4.416666666666667,0.7105263157894737,,0.09375,0.25
gemma-2-2b-it_star\framing_business_context\cheap_talk\20260803_115331_sh_cheaptalk_run03.json,gemma-2-2b-it,google/gemma-2-2b-it,sh,star,cheap_talk,framing_business_context,framing_business_context[cheap_talk],neutral,16,5,3,0.6935483870967742,1.0,0.5957446808510638,0.4042553191489362,179.0,4.791666666666667,0.5853658536585366,,0.03125,0.0
gemma-2-2b-it_star\framing_business_context\cheap_talk\20260803_115331_sh_cheaptalk_run04.json,gemma-2-2b-it,google/gemma-2-2b-it,sh,star,cheap_talk,framing_business_context,framing_business_context[cheap_talk],neutral,16,5,4,0.9827586206896551,1.0,0.9772727272727273,0.022727272727272707,235.0,4.958333333333333,0.972972972972973,,0.09375,0.6875
gemma-2-2b-it_star\framing_business_context\cheap_talk\20260803_115331_sh_cheaptalk_run05.json,gemma-2-2b-it,google/gemma-2-2b-it,sh,star,cheap_talk,framing_business_context,framing_business_context[cheap_talk],neutral,16,5,5,0.5833333333333334,0.4,0.6444444444444445,-0.24444444444444446,163.0,2.7708333333333335,0.5384615384615384,,0.0625,0.125
gemma-2-2b-it_star\framing_business_context\no_comm\20260803_115331_pd_nocomm_run01.json,gemma-2-2b-it,google/gemma-2-2b-it,pd,star,no_comm,framing_business_context,framing_business_context[no_comm],neutral,16,5,1,0.46875,0.5,0.4583333333333333,0.041666666666666685,146.0,3.25,0.7555555555555555,,0.0,0.125
gemma-2-2b-it_star\framing_business_context\no_comm\20260803_115331_pd_nocomm_run02.json,gemma-2-2b-it,google/gemma-2-2b-it,pd,star,no_comm,framing_business_context,framing_business_context[no_comm],neutral,16,5,2,0.2698412698412698,0.13333333333333333,0.3125,-0.17916666666666667,135.0,2.0833333333333335,0.6904761904761905,,0.015625,0.0
gemma-2-2b-it_star\framing_business_context\no_comm\20260803_115331_pd_nocomm_run03.json,gemma-2-2b-it,google/gemma-2-2b-it,pd,star,no_comm,framing_business_context,framing_business_context[no_comm],neutral,16,5,3,0.1746031746031746,0.125,0.19148936170212766,-0.06648936170212766,121.0,2.2083333333333335,0.8636363636363636,,0.015625,0.0625
gemma-2-2b-it_star\framing_business_context\no_comm\20260803_115331_pd_nocomm_run04.json,gemma-2-2b-it,google/gemma-2-2b-it,pd,star,no_comm,framing_business_context,framing_business_context[no_comm],neutral,16,5,4,0.484375,0.4375,0.5,-0.0625,156.0,2.9375,0.6444444444444445,,0.0,0.1875
gemma-2-2b-it_star\framing_business_context\no_comm\20260803_115331_pd_nocomm_run05.json,gemma-2-2b-it,google/gemma-2-2b-it,pd,star,no_comm,framing_business_context,framing_business_context[no_comm],neutral,16,5,5,0.40625,0.25,0.4583333333333333,-0.20833333333333331,162.0,2.3333333333333335,0.6222222222222222,,0.0,0.125
gemma-2-2b-it_star\framing_business_context\no_comm\20260803_115331_sh_nocomm_run01.json,gemma-2-2b-it,google/gemma-2-2b-it,sh,star,no_comm,framing_business_context,framing_business_context[no_comm],neutral,16,5,1,0.859375,1.0,0.8125,0.1875,243.0,5.625,0.8,,0.0,0.4375
gemma-2-2b-it_star\framing_business_context\no_comm\20260803_115331_sh_nocomm_run02.json,gemma-2-2b-it,google/gemma-2-2b-it,sh,star,no_comm,framing_business_context,framing_business_context[no_comm],neutral,16,5,2,0.6825396825396826,0.6666666666666666,0.6875,-0.02083333333333337,182.0,3.7291666666666665,0.5714285714285714,,0.015625,0.0625
gemma-2-2b-it_star\framing_business_context\no_comm\20260803_115331_sh_nocomm_run03.json,gemma-2-2b-it,google/gemma-2-2b-it,sh,star,no_comm,framing_business_context,framing_business_context[no_comm],neutral,16,5,3,0.765625,0.625,0.8125,-0.1875,219.0,4.0,0.5333333333333333,,0.0,0.3125
gemma-2-2b-it_star\framing_business_context\no_comm\20260803_115331_sh_nocomm_run04.json,gemma-2-2b-it,google/gemma-2-2b-it,sh,star,no_comm,framing_business_context,framing_business_context[no_comm],neutral,16,5,4,0.8125,0.9375,0.7708333333333334,0.16666666666666663,227.0,5.229166666666667,0.7555555555555555,,0.0,0.4375
gemma-2-2b-it_star\framing_business_context\no_comm\20260803_115331_sh_nocomm_run05.json,gemma-2-2b-it,google/gemma-2-2b-it,sh,star,no_comm,framing_business_context,framing_business_context[no_comm],neutral,16,5,5,0.84375,1.0,0.7916666666666666,0.20833333333333337,238.0,5.583333333333333,0.8,,0.0,0.4375
gemma-2-2b-it_star\framing_competitive\cheap_talk\20260517_102613_pd_cheaptalk_run01.json,gemma-2-2b-it,google/gemma-2-2b-it,pd,star,cheap_talk,framing_competitive,framing_competitive,competitive,16,5,1,0.0,0.0,0.0,0.0,86.0,1.7916666666666667,1.0,0.0,0.0625,0.0
gemma-2-2b-it_star\framing_competitive\cheap_talk\20260517_102613_pd_cheaptalk_run02.json,gemma-2-2b-it,google/gemma-2-2b-it,pd,star,cheap_talk,framing_competitive,framing_competitive,competitive,16,5,2,0.06666666666666667,0.0,0.08888888888888889,-0.08888888888888889,100.0,1.6666666666666667,0.9,0.0,0.0625,0.0
gemma-2-2b-it_star\framing_competitive\cheap_talk\20260517_102613_pd_cheaptalk_run03.json,gemma-2-2b-it,google/gemma-2-2b-it,pd,star,cheap_talk,framing_competitive,framing_competitive,competitive,16,5,3,0.08333333333333333,0.0,0.1111111111111111,-0.1111111111111111,100.0,1.6666666666666667,0.9,0.0,0.0625,0.0
gemma-2-2b-it_star\framing_competitive\cheap_talk\20260517_102613_pd_cheaptalk_run04.json,gemma-2-2b-it,google/gemma-2-2b-it,pd,star,cheap_talk,framing_competitive,framing_competitive,competitive,16,5,4,0.15789473684210525,0.07142857142857142,0.18604651162790697,-0.11461794019933555,101.0,1.6875,0.7222222222222222,0.0,0.109375,0.0
gemma-2-2b-it_star\framing_competitive\cheap_talk\20260517_102613_pd_cheaptalk_run05.json,gemma-2-2b-it,google/gemma-2-2b-it,pd,star,cheap_talk,framing_competitive,framing_competitive,competitive,16,5,5,0.07017543859649122,0.0,0.09090909090909091,-0.09090909090909091,94.0,1.5416666666666667,0.9393939393939394,0.0,0.109375,0.0
gemma-2-2b-it_star\framing_competitive\cheap_talk\20260517_102613_sh_cheaptalk_run01.json,gemma-2-2b-it,google/gemma-2-2b-it,sh,star,cheap_talk,framing_competitive,framing_competitive,competitive,16,5,1,0.05084745762711865,0.15384615384615385,0.021739130434782608,0.13210702341137126,72.0,1.875,0.9117647058823529,,0.078125,0.0
gemma-2-2b-it_star\framing_competitive\cheap_talk\20260517_102613_sh_cheaptalk_run02.json,gemma-2-2b-it,google/gemma-2-2b-it,sh,star,cheap_talk,framing_competitive,framing_competitive,competitive,16,5,2,0.4745762711864407,0.0,0.6222222222222222,-0.6222222222222222,122.0,1.1666666666666667,0.43243243243243246,,0.078125,0.0
gemma-2-2b-it_star\framing_competitive\cheap_talk\20260517_102613_sh_cheaptalk_run03.json,gemma-2-2b-it,google/gemma-2-2b-it,sh,star,cheap_talk,framing_competitive,framing_competitive,competitive,16,5,3,0.18032786885245902,0.0,0.2391304347826087,-0.2391304347826087,108.0,1.5625,0.7317073170731707,,0.046875,0.0
gemma-2-2b-it_star\framing_competitive\cheap_talk\20260517_102613_sh_cheaptalk_run04.json,gemma-2-2b-it,google/gemma-2-2b-it,sh,star,cheap_talk,framing_competitive,framing_competitive,competitive,16,5,4,0.15254237288135594,0.07692307692307693,0.17391304347826086,-0.09698996655518394,83.0,1.5416666666666667,0.7647058823529411,,0.078125,0.0
gemma-2-2b-it_star\framing_competitive\cheap_talk\20260517_102613_sh_cheaptalk_run05.json,gemma-2-2b-it,google/gemma-2-2b-it,sh,star,cheap_talk,framing_competitive,framing_competitive,competitive,16,5,5,0.27586206896551724,0.0,0.35555555555555557,-0.35555555555555557,98.0,1.2916666666666667,0.7352941176470589,,0.09375,0.0
gemma-2-2b-it_star\framing_competitive_context\cheap_talk\20260803_115331_pd_cheaptalk_run01.json,gemma-2-2b-it,google/gemma-2-2b-it,pd,star,cheap_talk,framing_competitive_context,framing_competitive_context[cheap_talk],neutral,16,5,1,1.0,1.0,1.0,0.0,168.0,3.5,1.0,0.0,0.0625,0.75
gemma-2-2b-it_star\framing_competitive_context\cheap_talk\20260803_115331_pd_cheaptalk_run02.json,gemma-2-2b-it,google/gemma-2-2b-it,pd,star,cheap_talk,framing_competitive_context,framing_competitive_context[cheap_talk],neutral,16,5,2,1.0,1.0,1.0,0.0,180.0,3.75,1.0,0.0,0.046875,0.8125
gemma-2-2b-it_star\framing_competitive_context\cheap_talk\20260803_115331_pd_cheaptalk_run03.json,gemma-2-2b-it,google/gemma-2-2b-it,pd,star,cheap_talk,framing_competitive_context,framing_competitive_context[cheap_talk],neutral,16,5,3,0.9833333333333333,1.0,0.9782608695652174,0.021739130434782594,161.0,3.4583333333333335,1.0,0.0,0.0625,0.75
gemma-2-2b-it_star\framing_competitive_context\cheap_talk\20260803_115331_pd_cheaptalk_run04.json,gemma-2-2b-it,google/gemma-2-2b-it,pd,star,cheap_talk,framing_competitive_context,framing_competitive_context[cheap_talk],neutral,16,5,4,0.288135593220339,0.25,0.3023255813953488,-0.05232558139534882,124.0,2.1666666666666665,0.725,0.0625,0.078125,0.0
gemma-2-2b-it_star\framing_competitive_context\cheap_talk\20260803_115331_pd_cheaptalk_run05.json,gemma-2-2b-it,google/gemma-2-2b-it,pd,star,cheap_talk,framing_competitive_context,framing_competitive_context[cheap_talk],neutral,16,5,5,0.8076923076923077,0.625,0.8888888888888888,-0.26388888888888884,157.0,2.2291666666666665,0.5454545454545454,0.0625,0.1875,0.1875
gemma-2-2b-it_star\framing_competitive_context\cheap_talk\20260803_115331_sh_cheaptalk_run01.json,gemma-2-2b-it,google/gemma-2-2b-it,sh,star,cheap_talk,framing_competitive_context,framing_competitive_context[cheap_talk],neutral,16,5,1,0.16129032258064516,0.125,0.17391304347826086,-0.048913043478260865,108.0,2.125,0.7906976744186046,,0.03125,0.0
gemma-2-2b-it_star\framing_competitive_context\cheap_talk\20260803_115331_sh_cheaptalk_run02.json,gemma-2-2b-it,google/gemma-2-2b-it,sh,star,cheap_talk,framing_competitive_context,framing_competitive_context[cheap_talk],neutral,16,5,2,0.32786885245901637,0.0,0.4444444444444444,-0.4444444444444444,130.0,1.4583333333333333,0.5581395348837209,,0.046875,0.0
gemma-2-2b-it_star\framing_competitive_context\cheap_talk\20260803_115331_sh_cheaptalk_run03.json,gemma-2-2b-it,google/gemma-2-2b-it,sh,star,cheap_talk,framing_competitive_context,framing_competitive_context[cheap_talk],neutral,16,5,3,0.5517241379310345,0.8125,0.4523809523809524,0.3601190476190476,134.0,4.041666666666667,0.4358974358974359,,0.09375,0.125
gemma-2-2b-it_star\framing_competitive_context\cheap_talk\20260803_115331_sh_cheaptalk_run04.json,gemma-2-2b-it,google/gemma-2-2b-it,sh,star,cheap_talk,framing_competitive_context,framing_competitive_context[cheap_talk],neutral,16,5,4,0.4915254237288136,0.26666666666666666,0.5681818181818182,-0.30151515151515157,143.0,2.2291666666666665,0.717948717948718,,0.078125,0.0625
gemma-2-2b-it_star\framing_competitive_context\cheap_talk\20260803_115331_sh_cheaptalk_run05.json,gemma-2-2b-it,google/gemma-2-2b-it,sh,star,cheap_talk,framing_competitive_context,framing_competitive_context[cheap_talk],neutral,16,5,5,0.49122807017543857,0.0,0.6511627906976745,-0.6511627906976745,132.0,1.125,0.42857142857142855,,0.109375,0.0
gemma-2-2b-it_star\framing_competitive_context\no_comm\20260803_115331_pd_nocomm_run01.json,gemma-2-2b-it,google/gemma-2-2b-it,pd,star,no_comm,framing_competitive_context,framing_competitive_context[no_comm],neutral,16,5,1,0.0625,0.0625,0.0625,0.0,105.0,2.1875,0.9111111111111111,,0.0,0.0
gemma-2-2b-it_star\framing_competitive_context\no_comm\20260803_115331_pd_nocomm_run02.json,gemma-2-2b-it,google/gemma-2-2b-it,pd,star,no_comm,framing_competitive_context,framing_competitive_context[no_comm],neutral,16,5,2,0.234375,0.3125,0.20833333333333334,0.10416666666666666,114.0,2.8958333333333335,0.8,,0.0,0.0625
gemma-2-2b-it_star\framing_competitive_context\no_comm\20260803_115331_pd_nocomm_run03.json,gemma-2-2b-it,google/gemma-2-2b-it,pd,star,no_comm,framing_competitive_context,framing_competitive_context[no_comm],neutral,16,5,3,0.96875,1.0,0.9583333333333334,0.04166666666666663,186.0,4.083333333333333,0.9555555555555556,,0.0,0.875
gemma-2-2b-it_star\framing_competitive_context\no_comm\20260803_115331_pd_nocomm_run04.json,gemma-2-2b-it,google/gemma-2-2b-it,pd,star,no_comm,framing_competitive_context,framing_competitive_context[no_comm],neutral,16,5,4,0.140625,0.0625,0.16666666666666666,-0.10416666666666666,123.0,2.0416666666666665,0.8888888888888888,,0.0,0.0
gemma-2-2b-it_star\framing_competitive_context\no_comm\20260803_115331_pd_nocomm_run05.json,gemma-2-2b-it,google/gemma-2-2b-it,pd,star,no_comm,framing_competitive_context,framing_competitive_context[no_comm],neutral,16,5,5,0.21875,0.1875,0.22916666666666666,-0.04166666666666666,125.0,2.3958333333333335,0.8,,0.0,0.0625
gemma-2-2b-it_star\framing_competitive_context\no_comm\20260803_115331_sh_nocomm_run01.json,gemma-2-2b-it,google/gemma-2-2b-it,sh,star,no_comm,framing_competitive_context,framing_competitive_context[no_comm],neutral,16,5,1,0.453125,0.375,0.4791666666666667,-0.10416666666666669,151.0,2.8333333333333335,0.5111111111111111,,0.0,0.0
gemma-2-2b-it_star\framing_competitive_context\no_comm\20260803_115331_sh_nocomm_run02.json,gemma-2-2b-it,google/gemma-2-2b-it,sh,star,no_comm,framing_competitive_context,framing_competitive_context[no_comm],neutral,16,5,2,0.484375,0.5,0.4791666666666667,0.020833333333333315,157.0,3.3333333333333335,0.3333333333333333,,0.0,0.125
gemma-2-2b-it_star\framing_competitive_context\no_comm\20260803_115331_sh_nocomm_run03.json,gemma-2-2b-it,google/gemma-2-2b-it,sh,star,no_comm,framing_competitive_context,framing_competitive_context[no_comm],neutral,16,5,3,0.609375,0.9375,0.5,0.4375,168.0,4.8125,0.5111111111111111,,0.0,0.0
gemma-2-2b-it_star\framing_competitive_context\no_comm\20260803_115331_sh_nocomm_run04.json,gemma-2-2b-it,google/gemma-2-2b-it,sh,star,no_comm,framing_competitive_context,framing_competitive_context[no_comm],neutral,16,5,4,0.5625,0.3125,0.6458333333333334,-0.33333333333333337,179.0,2.7291666666666665,0.5111111111111111,,0.0,0.1875
gemma-2-2b-it_star\framing_competitive_context\no_comm\20260803_115331_sh_nocomm_run05.json,gemma-2-2b-it,google/gemma-2-2b-it,sh,star,no_comm,framing_competitive_context,framing_competitive_context[no_comm],neutral,16,5,5,0.734375,0.5625,0.7916666666666666,-0.22916666666666663,208.0,3.6458333333333335,0.4444444444444444,,0.0,0.25
gemma-2-2b-it_star\framing_team\cheap_talk\20260517_102613_pd_cheaptalk_run01.json,gemma-2-2b-it,google/gemma-2-2b-it,pd,star,cheap_talk,framing_team,framing_team,team,16,5,1,1.0,1.0,1.0,0.0,168.0,3.5,1.0,0.0,0.078125,0.8125
gemma-2-2b-it_star\framing_team\cheap_talk\20260517_102613_pd_cheaptalk_run02.json,gemma-2-2b-it,google/gemma-2-2b-it,pd,star,cheap_talk,framing_team,framing_team,team,16,5,2,0.9830508474576272,1.0,0.9772727272727273,0.022727272727272707,165.0,3.5416666666666665,0.9743589743589743,0.0,0.078125,0.6875
gemma-2-2b-it_star\framing_team\cheap_talk\20260517_102613_pd_cheaptalk_run03.json,gemma-2-2b-it,google/gemma-2-2b-it,pd,star,cheap_talk,framing_team,framing_team,team,16,5,3,0.9629629629629629,0.9375,0.9736842105263158,-0.03618421052631582,151.0,3.1458333333333335,0.9444444444444444,0.0,0.15625,0.5625
gemma-2-2b-it_star\framing_team\cheap_talk\20260517_102613_pd_cheaptalk_run04.json,gemma-2-2b-it,google/gemma-2-2b-it,pd,star,cheap_talk,framing_team,framing_team,team,16,5,4,1.0,1.0,1.0,0.0,168.0,3.5,1.0,0.0,0.0625,0.8125
gemma-2-2b-it_star\framing_team\cheap_talk\20260517_102613_pd_cheaptalk_run05.json,gemma-2-2b-it,google/gemma-2-2b-it,pd,star,cheap_talk,framing_team,framing_team,team,16,5,5,0.9830508474576272,1.0,0.9777777777777777,0.022222222222222254,157.0,3.375,0.9722222222222222,0.0,0.078125,0.6875
gemma-2-2b-it_star\framing_team\cheap_talk\20260517_102613_sh_cheaptalk_run01.json,gemma-2-2b-it,google/gemma-2-2b-it,sh,star,cheap_talk,framing_team,framing_team,team,16,5,1,0.14035087719298245,0.0,0.18604651162790697,-0.18604651162790697,88.0,1.4583333333333333,0.9117647058823529,,0.109375,0.0
gemma-2-2b-it_star\framing_team\cheap_talk\20260517_102613_sh_cheaptalk_run02.json,gemma-2-2b-it,google/gemma-2-2b-it,sh,star,cheap_talk,framing_team,framing_team,team,16,5,2,0.23728813559322035,0.2,0.25,-0.04999999999999999,107.0,2.1041666666666665,0.7948717948717948,,0.078125,0.0
gemma-2-2b-it_star\framing_team\cheap_talk\20260517_102613_sh_cheaptalk_run03.json,gemma-2-2b-it,google/gemma-2-2b-it,sh,star,cheap_talk,framing_team,framing_team,team,16,5,3,0.12280701754385964,0.0,0.16666666666666666,-0.16666666666666666,92.0,1.5416666666666667,0.8648648648648649,,0.109375,0.0
gemma-2-2b-it_star\framing_team\cheap_talk\20260517_102613_sh_cheaptalk_run04.json,gemma-2-2b-it,google/gemma-2-2b-it,sh,star,cheap_talk,framing_team,framing_team,team,16,5,4,0.26785714285714285,0.15384615384615385,0.3023255813953488,-0.14847942754919496,100.0,1.7083333333333333,0.6451612903225806,,0.125,0.0
gemma-2-2b-it_star\framing_team\cheap_talk\20260517_102613_sh_cheaptalk_run05.json,gemma-2-2b-it,google/gemma-2-2b-it,sh,star,cheap_talk,framing_team,framing_team,team,16,5,5,0.1694915254237288,0.3333333333333333,0.11363636363636363,0.21969696969696967,90.0,2.25,0.7105263157894737,,0.078125,0.0
gemma-2-2b-it_star\framing_team_context\cheap_talk\20260803_115331_pd_cheaptalk_run01.json,gemma-2-2b-it,google/gemma-2-2b-it,pd,star,cheap_talk,framing_team_context,framing_team_context[cheap_talk],neutral,16,5,1,1.0,1.0,1.0,0.0,184.0,3.8333333333333335,1.0,0.0,0.03125,0.875
gemma-2-2b-it_star\framing_team_context\cheap_talk\20260803_115331_pd_cheaptalk_run02.json,gemma-2-2b-it,google/gemma-2-2b-it,pd,star,cheap_talk,framing_team_context,framing_team_context[cheap_talk],neutral,16,5,2,1.0,1.0,1.0,0.0,152.0,3.1666666666666665,1.0,0.0,0.109375,0.75
gemma-2-2b-it_star\framing_team_context\cheap_talk\20260803_115331_pd_cheaptalk_run03.json,gemma-2-2b-it,google/gemma-2-2b-it,pd,star,cheap_talk,framing_team_context,framing_team_context[cheap_talk],neutral,16,5,3,0.9655172413793104,1.0,0.9534883720930233,0.046511627906976716,158.0,3.5,0.972972972972973,0.0,0.09375,0.625
gemma-2-2b-it_star\framing_team_context\cheap_talk\20260803_115331_pd_cheaptalk_run04.json,gemma-2-2b-it,google/gemma-2-2b-it,pd,star,cheap_talk,framing_team_context,framing_team_context[cheap_talk],neutral,16,5,4,0.9838709677419355,1.0,0.9782608695652174,0.021739130434782594,181.0,3.875,0.9767441860465116,0.0,0.03125,0.875
gemma-2-2b-it_star\framing_team_context\cheap_talk\20260803_115331_pd_cheaptalk_run05.json,gemma-2-2b-it,google/gemma-2-2b-it,pd,star,cheap_talk,framing_team_context,framing_team_context[cheap_talk],neutral,16,5,5,0.9830508474576272,0.9375,1.0,-0.0625,174.0,3.5208333333333335,0.95,0.0625,0.078125,0.8125
gemma-2-2b-it_star\framing_team_context\cheap_talk\20260803_115331_sh_cheaptalk_run01.json,gemma-2-2b-it,google/gemma-2-2b-it,sh,star,cheap_talk,framing_team_context,framing_team_context[cheap_talk],neutral,16,5,1,0.5185185185185185,0.7692307692307693,0.43902439024390244,0.33020637898686683,103.0,2.8958333333333335,0.3225806451612903,,0.15625,0.0
gemma-2-2b-it_star\framing_team_context\cheap_talk\20260803_115331_sh_cheaptalk_run02.json,gemma-2-2b-it,google/gemma-2-2b-it,sh,star,cheap_talk,framing_team_context,framing_team_context[cheap_talk],neutral,16,5,2,0.8103448275862069,1.0,0.75,0.25,195.0,4.625,0.7142857142857143,,0.09375,0.1875
gemma-2-2b-it_star\framing_team_context\cheap_talk\20260803_115331_sh_cheaptalk_run03.json,gemma-2-2b-it,google/gemma-2-2b-it,sh,star,cheap_talk,framing_team_context,framing_team_context[cheap_talk],neutral,16,5,3,0.7301587301587301,0.0,0.9787234042553191,-0.9787234042553191,186.0,1.0,0.022727272727272728,,0.015625,0.0
gemma-2-2b-it_star\framing_team_context\cheap_talk\20260803_115331_sh_cheaptalk_run04.json,gemma-2-2b-it,google/gemma-2-2b-it,sh,star,cheap_talk,framing_team_context,framing_team_context[cheap_talk],neutral,16,5,4,0.8548387096774194,0.9375,0.8260869565217391,0.11141304347826086,230.0,5.104166666666667,0.75,,0.03125,0.375
gemma-2-2b-it_star\framing_team_context\cheap_talk\20260803_115331_sh_cheaptalk_run05.json,gemma-2-2b-it,google/gemma-2-2b-it,sh,star,cheap_talk,framing_team_context,framing_team_context[cheap_talk],neutral,16,5,5,0.7377049180327869,0.06666666666666667,0.9565217391304348,-0.8898550724637682,174.0,1.125,0.1,,0.046875,0.0
gemma-2-2b-it_star\framing_team_context\no_comm\20260803_115331_pd_nocomm_run01.json,gemma-2-2b-it,google/gemma-2-2b-it,pd,star,no_comm,framing_team_context,framing_team_context[no_comm],neutral,16,5,1,0.90625,1.0,0.875,0.125,174.0,4.25,0.8888888888888888,,0.0,0.625
gemma-2-2b-it_star\framing_team_context\no_comm\20260803_115331_pd_nocomm_run02.json,gemma-2-2b-it,google/gemma-2-2b-it,pd,star,no_comm,framing_team_context,framing_team_context[no_comm],neutral,16,5,2,1.0,1.0,1.0,0.0,192.0,4.0,1.0,,0.0,1.0
gemma-2-2b-it_star\framing_team_context\no_comm\20260803_115331_pd_nocomm_run03.json,gemma-2-2b-it,google/gemma-2-2b-it,pd,star,no_comm,framing_team_context,framing_team_context[no_comm],neutral,16,5,3,0.984375,1.0,0.9791666666666666,0.02083333333333337,189.0,4.041666666666667,0.9777777777777777,,0.0,0.9375
gemma-2-2b-it_star\framing_team_context\no_comm\20260803_115331_pd_nocomm_run04.json,gemma-2-2b-it,google/gemma-2-2b-it,pd,star,no_comm,framing_team_context,framing_team_context[no_comm],neutral,16,5,4,0.984375,1.0,0.9791666666666666,0.02083333333333337,189.0,4.041666666666667,0.9777777777777777,,0.0,0.9375
gemma-2-2b-it_star\framing_team_context\no_comm\20260803_115331_pd_nocomm_run05.json,gemma-2-2b-it,google/gemma-2-2b-it,pd,star,no_comm,framing_team_context,framing_team_context[no_comm],neutral,16,5,5,1.0,1.0,1.0,0.0,192.0,4.0,1.0,,0.0,1.0
gemma-2-2b-it_star\framing_team_context\no_comm\20260803_115331_sh_nocomm_run01.json,gemma-2-2b-it,google/gemma-2-2b-it,sh,star,no_comm,framing_team_context,framing_team_context[no_comm],neutral,16,5,1,0.8125,0.625,0.875,-0.25,234.0,4.125,0.6444444444444445,,0.0,0.5
gemma-2-2b-it_star\framing_team_context\no_comm\20260803_115331_sh_nocomm_run02.json,gemma-2-2b-it,google/gemma-2-2b-it,sh,star,no_comm,framing_team_context,framing_team_context[no_comm],neutral,16,5,2,0.859375,1.0,0.8125,0.1875,243.0,5.625,0.8,,0.0,0.625
gemma-2-2b-it_star\framing_team_context\no_comm\20260803_115331_sh_nocomm_run03.json,gemma-2-2b-it,google/gemma-2-2b-it,sh,star,no_comm,framing_team_context,framing_team_context[no_comm],neutral,16,5,3,0.875,0.9375,0.8541666666666666,0.08333333333333337,250.0,5.458333333333333,0.8,,0.0,0.5625
gemma-2-2b-it_star\framing_team_context\no_comm\20260803_115331_sh_nocomm_run04.json,gemma-2-2b-it,google/gemma-2-2b-it,sh,star,no_comm,framing_team_context,framing_team_context[no_comm],neutral,16,5,4,0.6031746031746031,0.75,0.5531914893617021,0.19680851063829785,168.0,4.0625,0.6363636363636364,,0.015625,0.125
gemma-2-2b-it_star\framing_team_context\no_comm\20260803_115331_sh_nocomm_run05.json,gemma-2-2b-it,google/gemma-2-2b-it,sh,star,no_comm,framing_team_context,framing_team_context[no_comm],neutral,16,5,5,0.859375,0.9375,0.8333333333333334,0.10416666666666663,248.0,5.479166666666667,0.7777777777777778,,0.0,0.5625
gemma-2-2b-it_star\no_sense\cheap_talk\20260516_174820_pd_cheaptalk_run01.json,gemma-2-2b-it,google/gemma-2-2b-it,pd,star,cheap_talk,no_sense,no_sense,neutral,16,5,1,0.3541666666666667,0.42857142857142855,0.3235294117647059,0.10504201680672265,83.0,1.9375,0.5714285714285714,0.0,0.25,0.0
gemma-2-2b-it_star\no_sense\cheap_talk\20260516_174820_pd_cheaptalk_run02.json,gemma-2-2b-it,google/gemma-2-2b-it,pd,star,cheap_talk,no_sense,no_sense,neutral,16,5,2,0.24444444444444444,0.07692307692307693,0.3125,-0.23557692307692307,81.0,1.1666666666666667,0.5833333333333334,0.0,0.296875,0.0
gemma-2-2b-it_star\no_sense\cheap_talk\20260516_174820_pd_cheaptalk_run03.json,gemma-2-2b-it,google/gemma-2-2b-it,pd,star,cheap_talk,no_sense,no_sense,neutral,16,5,3,0.11538461538461539,0.0625,0.1388888888888889,-0.0763888888888889,89.0,1.6458333333333333,0.7878787878787878,0.0,0.1875,0.0
gemma-2-2b-it_star\no_sense\cheap_talk\20260516_174820_pd_cheaptalk_run04.json,gemma-2-2b-it,google/gemma-2-2b-it,pd,star,cheap_talk,no_sense,no_sense,neutral,16,5,4,0.41304347826086957,0.4166666666666667,0.4117647058823529,0.004901960784313764,78.0,1.5208333333333333,0.6363636363636364,0.0,0.28125,0.0
gemma-2-2b-it_star\no_sense\cheap_talk\20260516_174820_pd_cheaptalk_run05.json,gemma-2-2b-it,google/gemma-2-2b-it,pd,star,cheap_talk,no_sense,no_sense,neutral,16,5,5,0.18,0.2,0.175,0.025000000000000022,63.0,1.3125,0.6363636363636364,0.0,0.21875,0.0
gemma-2-2b-it_star\no_sense\cheap_talk\20260516_174820_sh_cheaptalk_run01.json,gemma-2-2b-it,google/gemma-2-2b-it,sh,star,cheap_talk,no_sense,no_sense,neutral,16,5,1,0.18,0.18181818181818182,0.1794871794871795,0.0023310023310023353,54.0,1.3125,0.6666666666666666,,0.21875,0.0
gemma-2-2b-it_star\no_sense\cheap_talk\20260516_174820_sh_cheaptalk_run02.json,gemma-2-2b-it,google/gemma-2-2b-it,sh,star,cheap_talk,no_sense,no_sense,neutral,16,5,2,0.5652173913043478,0.5,0.5789473684210527,-0.07894736842105265,76.0,1.3333333333333333,0.5294117647058824,,0.28125,0.0625
gemma-2-2b-it_star\no_sense\cheap_talk\20260516_174820_sh_cheaptalk_run03.json,gemma-2-2b-it,google/gemma-2-2b-it,sh,star,cheap_talk,no_sense,no_sense,neutral,16,5,3,0.2962962962962963,0.46153846153846156,0.24390243902439024,0.21763602251407133,67.0,2.0208333333333335,0.59375,,0.15625,0.0
gemma-2-2b-it_star\no_sense\cheap_talk\20260516_174820_sh_cheaptalk_run04.json,gemma-2-2b-it,google/gemma-2-2b-it,sh,star,cheap_talk,no_sense,no_sense,neutral,16,5,4,0.47058823529411764,0.36363636363636365,0.5,-0.13636363636363635,93.0,1.6875,0.72,,0.203125,0.0625
gemma-2-2b-it_star\no_sense\cheap_talk\20260516_174820_sh_cheaptalk_run05.json,gemma-2-2b-it,google/gemma-2-2b-it,sh,star,cheap_talk,no_sense,no_sense,neutral,16,5,5,0.32653061224489793,0.08333333333333333,0.40540540540540543,-0.3220720720720721,79.0,1.1458333333333333,0.5,,0.234375,0.0
gemma-2-2b-it_star\silence\cheap_talk\20260516_174820_pd_cheaptalk_run01.json,gemma-2-2b-it,google/gemma-2-2b-it,pd,star,cheap_talk,silence,silence,neutral,16,5,1,0.12244897959183673,0.08333333333333333,0.13513513513513514,-0.051801801801801814,66.0,1.375,0.7586206896551724,,0.234375,0.0
gemma-2-2b-it_star\silence\cheap_talk\20260516_174820_pd_cheaptalk_run02.json,gemma-2-2b-it,google/gemma-2-2b-it,pd,star,cheap_talk,silence,silence,neutral,16,5,2,0.01818181818181818,0.0,0.022727272727272728,-0.022727272727272728,64.0,1.3333333333333333,0.9696969696969697,,0.140625,0.0
gemma-2-2b-it_star\silence\cheap_talk\20260516_174820_pd_cheaptalk_run03.json,gemma-2-2b-it,google/gemma-2-2b-it,pd,star,cheap_talk,silence,silence,neutral,16,5,3,0.034482758620689655,0.06666666666666667,0.023255813953488372,0.043410852713178294,81.0,1.8958333333333333,0.9,,0.09375,0.0
gemma-2-2b-it_star\silence\cheap_talk\20260516_174820_pd_cheaptalk_run04.json,gemma-2-2b-it,google/gemma-2-2b-it,pd,star,cheap_talk,silence,silence,neutral,16,5,4,0.0,0.0,0.0,0.0,68.0,1.4166666666666667,1.0,,0.125,0.0
gemma-2-2b-it_star\silence\cheap_talk\20260516_174820_pd_cheaptalk_run05.json,gemma-2-2b-it,google/gemma-2-2b-it,pd,star,cheap_talk,silence,silence,neutral,16,5,5,0.018518518518518517,0.0,0.02564102564102564,-0.02564102564102564,76.0,1.4791666666666667,1.0,,0.15625,0.0
gemma-2-2b-it_star\silence\cheap_talk\20260516_174820_sh_cheaptalk_run01.json,gemma-2-2b-it,google/gemma-2-2b-it,sh,star,cheap_talk,silence,silence,neutral,16,5,1,0.53125,0.0,0.6071428571428571,-0.6071428571428571,26.0,0.22916666666666666,0.3333333333333333,,0.5,0.0
gemma-2-2b-it_star\silence\cheap_talk\20260516_174820_sh_cheaptalk_run02.json,gemma-2-2b-it,google/gemma-2-2b-it,sh,star,cheap_talk,silence,silence,neutral,16,5,2,0.5151515151515151,0.45454545454545453,0.5454545454545454,-0.09090909090909088,56.0,1.1041666666666667,0.7058823529411765,,0.484375,0.0
gemma-2-2b-it_star\silence\cheap_talk\20260516_174820_sh_cheaptalk_run03.json,gemma-2-2b-it,google/gemma-2-2b-it,sh,star,cheap_talk,silence,silence,neutral,16,5,3,0.75,0.07692307692307693,1.0,-0.9230769230769231,112.0,0.7708333333333334,0.10714285714285714,,0.25,0.0
gemma-2-2b-it_star\silence\cheap_talk\20260516_174820_sh_cheaptalk_run04.json,gemma-2-2b-it,google/gemma-2-2b-it,sh,star,cheap_talk,silence,silence,neutral,16,5,4,0.7297297297297297,0.6666666666666666,0.75,-0.08333333333333337,89.0,1.7916666666666667,0.5714285714285714,,0.421875,0.0
gemma-2-2b-it_star\silence\cheap_talk\20260516_174820_sh_cheaptalk_run05.json,gemma-2-2b-it,google/gemma-2-2b-it,sh,star,cheap_talk,silence,silence,neutral,16,5,5,0.4230769230769231,0.125,0.5555555555555556,-0.4305555555555556,34.0,0.3958333333333333,0.2222222222222222,,0.59375,0.0
gemma-2-2b-it_cycle\baseline\cheap_talk\20260728_130335_pd_cheaptalk_run01.json,gemma-2-2b-it,google/gemma-2-2b-it,pd,cycle,cheap_talk,baseline_cheap_talk,baseline_cheap_talk,neutral,16,5,1,1.0,,,,,,,,0.015625,0.9375
gemma-2-2b-it_cycle\baseline\cheap_talk\20260728_130335_pd_cheaptalk_run02.json,gemma-2-2b-it,google/gemma-2-2b-it,pd,cycle,cheap_talk,baseline_cheap_talk,baseline_cheap_talk,neutral,16,5,2,0.9508196721311475,,,,,,,,0.046875,0.75
gemma-2-2b-it_cycle\baseline\cheap_talk\20260728_130335_pd_cheaptalk_run03.json,gemma-2-2b-it,google/gemma-2-2b-it,pd,cycle,cheap_talk,baseline_cheap_talk,baseline_cheap_talk,neutral,16,5,3,0.9838709677419355,,,,,,,,0.03125,0.8125
gemma-2-2b-it_cycle\baseline\cheap_talk\20260728_130335_pd_cheaptalk_run04.json,gemma-2-2b-it,google/gemma-2-2b-it,pd,cycle,cheap_talk,baseline_cheap_talk,baseline_cheap_talk,neutral,16,5,4,0.9824561403508771,,,,,,,,0.109375,0.5625
gemma-2-2b-it_cycle\baseline\cheap_talk\20260728_130335_pd_cheaptalk_run05.json,gemma-2-2b-it,google/gemma-2-2b-it,pd,cycle,cheap_talk,baseline_cheap_talk,baseline_cheap_talk,neutral,16,5,5,0.9672131147540983,,,,,,,,0.046875,0.6875
gemma-2-2b-it_cycle\baseline\cheap_talk\20260728_130335_sh_cheaptalk_run01.json,gemma-2-2b-it,google/gemma-2-2b-it,sh,cycle,cheap_talk,baseline_cheap_talk,baseline_cheap_talk,neutral,16,5,1,0.23214285714285715,,,,,,,,0.125,0.0
gemma-2-2b-it_cycle\baseline\cheap_talk\20260728_130335_sh_cheaptalk_run02.json,gemma-2-2b-it,google/gemma-2-2b-it,sh,cycle,cheap_talk,baseline_cheap_talk,baseline_cheap_talk,neutral,16,5,2,0.3442622950819672,,,,,,,,0.046875,0.0625
gemma-2-2b-it_cycle\baseline\cheap_talk\20260728_130335_sh_cheaptalk_run03.json,gemma-2-2b-it,google/gemma-2-2b-it,sh,cycle,cheap_talk,baseline_cheap_talk,baseline_cheap_talk,neutral,16,5,3,0.4827586206896552,,,,,,,,0.09375,0.0625
gemma-2-2b-it_cycle\baseline\cheap_talk\20260728_130335_sh_cheaptalk_run04.json,gemma-2-2b-it,google/gemma-2-2b-it,sh,cycle,cheap_talk,baseline_cheap_talk,baseline_cheap_talk,neutral,16,5,4,0.39344262295081966,,,,,,,,0.046875,0.0
gemma-2-2b-it_cycle\baseline\cheap_talk\20260728_130335_sh_cheaptalk_run05.json,gemma-2-2b-it,google/gemma-2-2b-it,sh,cycle,cheap_talk,baseline_cheap_talk,baseline_cheap_talk,neutral,16,5,5,0.23728813559322035,,,,,,,,0.078125,0.0
gemma-2-2b-it_cycle\baseline\no_comm\20260728_130335_pd_nocomm_run01.json,gemma-2-2b-it,google/gemma-2-2b-it,pd,cycle,no_comm,no_comm,no_comm,neutral,16,5,1,0.125,,,,,,,,0.0,0.0
gemma-2-2b-it_cycle\baseline\no_comm\20260728_130335_pd_nocomm_run02.json,gemma-2-2b-it,google/gemma-2-2b-it,pd,cycle,no_comm,no_comm,no_comm,neutral,16,5,2,0.125,,,,,,,,0.0,0.0
gemma-2-2b-it_cycle\baseline\no_comm\20260728_130335_pd_nocomm_run03.json,gemma-2-2b-it,google/gemma-2-2b-it,pd,cycle,no_comm,no_comm,no_comm,neutral,16,5,3,0.234375,,,,,,,,0.0,0.0
gemma-2-2b-it_cycle\baseline\no_comm\20260728_130335_pd_nocomm_run04.json,gemma-2-2b-it,google/gemma-2-2b-it,pd,cycle,no_comm,no_comm,no_comm,neutral,16,5,4,0.3125,,,,,,,,0.0,0.125
gemma-2-2b-it_cycle\baseline\no_comm\20260728_130335_pd_nocomm_run05.json,gemma-2-2b-it,google/gemma-2-2b-it,pd,cycle,no_comm,no_comm,no_comm,neutral,16,5,5,0.09375,,,,,,,,0.0,0.0
gemma-2-2b-it_cycle\baseline\no_comm\20260728_130335_sh_nocomm_run01.json,gemma-2-2b-it,google/gemma-2-2b-it,sh,cycle,no_comm,no_comm,no_comm,neutral,16,5,1,0.65625,,,,,,,,0.0,0.1875
gemma-2-2b-it_cycle\baseline\no_comm\20260728_130335_sh_nocomm_run02.json,gemma-2-2b-it,google/gemma-2-2b-it,sh,cycle,no_comm,no_comm,no_comm,neutral,16,5,2,0.671875,,,,,,,,0.0,0.125
gemma-2-2b-it_cycle\baseline\no_comm\20260728_130335_sh_nocomm_run03.json,gemma-2-2b-it,google/gemma-2-2b-it,sh,cycle,no_comm,no_comm,no_comm,neutral,16,5,3,0.5714285714285714,,,,,,,,0.015625,0.0
gemma-2-2b-it_cycle\baseline\no_comm\20260728_130335_sh_nocomm_run04.json,gemma-2-2b-it,google/gemma-2-2b-it,sh,cycle,no_comm,no_comm,no_comm,neutral,16,5,4,0.390625,,,,,,,,0.0,0.0625
gemma-2-2b-it_cycle\baseline\no_comm\20260728_130335_sh_nocomm_run05.json,gemma-2-2b-it,google/gemma-2-2b-it,sh,cycle,no_comm,no_comm,no_comm,neutral,16,5,5,0.625,,,,,,,,0.0,0.0625
gemma-2-2b-it_cycle\counterfactual\cheap_talk\20260728_130335_pd_cheaptalk_run01.json,gemma-2-2b-it,google/gemma-2-2b-it,pd,cycle,cheap_talk,counterfactual,counterfactual,neutral,16,5,1,0.031746031746031744,,,,,,,,0.015625,0.0
gemma-2-2b-it_cycle\counterfactual\cheap_talk\20260728_130335_pd_cheaptalk_run02.json,gemma-2-2b-it,google/gemma-2-2b-it,pd,cycle,cheap_talk,counterfactual,counterfactual,neutral,16,5,2,0.09523809523809523,,,,,,,,0.015625,0.0
gemma-2-2b-it_cycle\counterfactual\cheap_talk\20260728_130335_pd_cheaptalk_run03.json,gemma-2-2b-it,google/gemma-2-2b-it,pd,cycle,cheap_talk,counterfactual,counterfactual,neutral,16,5,3,0.015625,,,,,,,,0.0,0.0
gemma-2-2b-it_cycle\counterfactual\cheap_talk\20260728_130335_pd_cheaptalk_run04.json,gemma-2-2b-it,google/gemma-2-2b-it,pd,cycle,cheap_talk,counterfactual,counterfactual,neutral,16,5,4,0.06349206349206349,,,,,,,,0.015625,0.0
gemma-2-2b-it_cycle\counterfactual\cheap_talk\20260728_130335_pd_cheaptalk_run05.json,gemma-2-2b-it,google/gemma-2-2b-it,pd,cycle,cheap_talk,counterfactual,counterfactual,neutral,16,5,5,0.031746031746031744,,,,,,,,0.015625,0.0
gemma-2-2b-it_cycle\counterfactual\cheap_talk\20260728_130335_sh_cheaptalk_run01.json,gemma-2-2b-it,google/gemma-2-2b-it,sh,cycle,cheap_talk,counterfactual,counterfactual,neutral,16,5,1,0.6666666666666666,,,,,,,,0.0625,0.1875
gemma-2-2b-it_cycle\counterfactual\cheap_talk\20260728_130335_sh_cheaptalk_run02.json,gemma-2-2b-it,google/gemma-2-2b-it,sh,cycle,cheap_talk,counterfactual,counterfactual,neutral,16,5,2,0.31746031746031744,,,,,,,,0.015625,0.0
gemma-2-2b-it_cycle\counterfactual\cheap_talk\20260728_130335_sh_cheaptalk_run03.json,gemma-2-2b-it,google/gemma-2-2b-it,sh,cycle,cheap_talk,counterfactual,counterfactual,neutral,16,5,3,0.2786885245901639,,,,,,,,0.046875,0.0
gemma-2-2b-it_cycle\counterfactual\cheap_talk\20260728_130335_sh_cheaptalk_run04.json,gemma-2-2b-it,google/gemma-2-2b-it,sh,cycle,cheap_talk,counterfactual,counterfactual,neutral,16,5,4,0.3225806451612903,,,,,,,,0.03125,0.0
gemma-2-2b-it_cycle\counterfactual\cheap_talk\20260728_130335_sh_cheaptalk_run05.json,gemma-2-2b-it,google/gemma-2-2b-it,sh,cycle,cheap_talk,counterfactual,counterfactual,neutral,16,5,5,0.3064516129032258,,,,,,,,0.03125,0.0
gemma-2-2b-it_cycle\framing_business\cheap_talk\20260728_230133_pd_cheaptalk_run01.json,gemma-2-2b-it,google/gemma-2-2b-it,pd,cycle,cheap_talk,framing_business,framing_business,business,16,5,1,0.4827586206896552,,,,,,,,0.09375,0.0625
gemma-2-2b-it_cycle\framing_business\cheap_talk\20260728_230133_pd_cheaptalk_run02.json,gemma-2-2b-it,google/gemma-2-2b-it,pd,cycle,cheap_talk,framing_business,framing_business,business,16,5,2,0.6949152542372882,,,,,,,,0.078125,0.125
gemma-2-2b-it_cycle\framing_business\cheap_talk\20260728_230133_pd_cheaptalk_run03.json,gemma-2-2b-it,google/gemma-2-2b-it,pd,cycle,cheap_talk,framing_business,framing_business,business,16,5,3,0.7,,,,,,,,0.0625,0.1875
gemma-2-2b-it_cycle\framing_business\cheap_talk\20260728_230133_pd_cheaptalk_run04.json,gemma-2-2b-it,google/gemma-2-2b-it,pd,cycle,cheap_talk,framing_business,framing_business,business,16,5,4,0.8305084745762712,,,,,,,,0.078125,0.4375
gemma-2-2b-it_cycle\framing_business\cheap_talk\20260728_230133_pd_cheaptalk_run05.json,gemma-2-2b-it,google/gemma-2-2b-it,pd,cycle,cheap_talk,framing_business,framing_business,business,16,5,5,0.5087719298245614,,,,,,,,0.109375,0.0625
gemma-2-2b-it_cycle\framing_business\cheap_talk\20260728_230133_sh_cheaptalk_run01.json,gemma-2-2b-it,google/gemma-2-2b-it,sh,cycle,cheap_talk,framing_business,framing_business,business,16,5,1,0.7457627118644068,,,,,,,,0.078125,0.125
gemma-2-2b-it_cycle\framing_business\cheap_talk\20260728_230133_sh_cheaptalk_run02.json,gemma-2-2b-it,google/gemma-2-2b-it,sh,cycle,cheap_talk,framing_business,framing_business,business,16,5,2,0.47540983606557374,,,,,,,,0.046875,0.0
gemma-2-2b-it_cycle\framing_business\cheap_talk\20260728_230133_sh_cheaptalk_run03.json,gemma-2-2b-it,google/gemma-2-2b-it,sh,cycle,cheap_talk,framing_business,framing_business,business,16,5,3,0.45,,,,,,,,0.0625,0.0625
gemma-2-2b-it_cycle\framing_business\cheap_talk\20260728_230133_sh_cheaptalk_run04.json,gemma-2-2b-it,google/gemma-2-2b-it,sh,cycle,cheap_talk,framing_business,framing_business,business,16,5,4,0.5689655172413793,,,,,,,,0.09375,0.0625
gemma-2-2b-it_cycle\framing_business\cheap_talk\20260728_230133_sh_cheaptalk_run05.json,gemma-2-2b-it,google/gemma-2-2b-it,sh,cycle,cheap_talk,framing_business,framing_business,business,16,5,5,0.5833333333333334,,,,,,,,0.0625,0.0625
gemma-2-2b-it_cycle\framing_business_context\cheap_talk\20260729_094314_pd_cheaptalk_run01.json,gemma-2-2b-it,google/gemma-2-2b-it,pd,cycle,cheap_talk,framing_business_context,framing_business_context[cheap_talk],neutral,16,5,1,0.9836065573770492,,,,,,,,0.046875,0.75
gemma-2-2b-it_cycle\framing_business_context\cheap_talk\20260729_094314_pd_cheaptalk_run02.json,gemma-2-2b-it,google/gemma-2-2b-it,pd,cycle,cheap_talk,framing_business_context,framing_business_context[cheap_talk],neutral,16,5,2,1.0,,,,,,,,0.03125,0.875
gemma-2-2b-it_cycle\framing_business_context\cheap_talk\20260729_094314_pd_cheaptalk_run03.json,gemma-2-2b-it,google/gemma-2-2b-it,pd,cycle,cheap_talk,framing_business_context,framing_business_context[cheap_talk],neutral,16,5,3,1.0,,,,,,,,0.03125,0.875
gemma-2-2b-it_cycle\framing_business_context\cheap_talk\20260729_094314_pd_cheaptalk_run04.json,gemma-2-2b-it,google/gemma-2-2b-it,pd,cycle,cheap_talk,framing_business_context,framing_business_context[cheap_talk],neutral,16,5,4,0.9655172413793104,,,,,,,,0.09375,0.625
gemma-2-2b-it_cycle\framing_business_context\cheap_talk\20260729_094314_pd_cheaptalk_run05.json,gemma-2-2b-it,google/gemma-2-2b-it,pd,cycle,cheap_talk,framing_business_context,framing_business_context[cheap_talk],neutral,16,5,5,1.0,,,,,,,,0.03125,0.875
gemma-2-2b-it_cycle\framing_business_context\cheap_talk\20260729_094314_sh_cheaptalk_run01.json,gemma-2-2b-it,google/gemma-2-2b-it,sh,cycle,cheap_talk,framing_business_context,framing_business_context[cheap_talk],neutral,16,5,1,0.559322033898305,,,,,,,,0.078125,0.0
gemma-2-2b-it_cycle\framing_business_context\cheap_talk\20260729_094314_sh_cheaptalk_run02.json,gemma-2-2b-it,google/gemma-2-2b-it,sh,cycle,cheap_talk,framing_business_context,framing_business_context[cheap_talk],neutral,16,5,2,0.6451612903225806,,,,,,,,0.03125,0.0
gemma-2-2b-it_cycle\framing_business_context\cheap_talk\20260729_094314_sh_cheaptalk_run03.json,gemma-2-2b-it,google/gemma-2-2b-it,sh,cycle,cheap_talk,framing_business_context,framing_business_context[cheap_talk],neutral,16,5,3,0.6271186440677966,,,,,,,,0.078125,0.0
gemma-2-2b-it_cycle\framing_business_context\cheap_talk\20260729_094314_sh_cheaptalk_run04.json,gemma-2-2b-it,google/gemma-2-2b-it,sh,cycle,cheap_talk,framing_business_context,framing_business_context[cheap_talk],neutral,16,5,4,0.5409836065573771,,,,,,,,0.046875,0.0
gemma-2-2b-it_cycle\framing_business_context\cheap_talk\20260729_094314_sh_cheaptalk_run05.json,gemma-2-2b-it,google/gemma-2-2b-it,sh,cycle,cheap_talk,framing_business_context,framing_business_context[cheap_talk],neutral,16,5,5,0.532258064516129,,,,,,,,0.03125,0.0
gemma-2-2b-it_cycle\framing_business_context\no_comm\20260729_094314_pd_nocomm_run01.json,gemma-2-2b-it,google/gemma-2-2b-it,pd,cycle,no_comm,framing_business_context,framing_business_context[no_comm],neutral,16,5,1,0.984375,,,,,,,,0.0,0.9375
gemma-2-2b-it_cycle\framing_business_context\no_comm\20260729_094314_pd_nocomm_run02.json,gemma-2-2b-it,google/gemma-2-2b-it,pd,cycle,no_comm,framing_business_context,framing_business_context[no_comm],neutral,16,5,2,0.46875,,,,,,,,0.0,0.0
gemma-2-2b-it_cycle\framing_business_context\no_comm\20260729_094314_pd_nocomm_run03.json,gemma-2-2b-it,google/gemma-2-2b-it,pd,cycle,no_comm,framing_business_context,framing_business_context[no_comm],neutral,16,5,3,0.6875,,,,,,,,0.0,0.1875
gemma-2-2b-it_cycle\framing_business_context\no_comm\20260729_094314_pd_nocomm_run04.json,gemma-2-2b-it,google/gemma-2-2b-it,pd,cycle,no_comm,framing_business_context,framing_business_context[no_comm],neutral,16,5,4,0.53125,,,,,,,,0.0,0.125
gemma-2-2b-it_cycle\framing_business_context\no_comm\20260729_094314_pd_nocomm_run05.json,gemma-2-2b-it,google/gemma-2-2b-it,pd,cycle,no_comm,framing_business_context,framing_business_context[no_comm],neutral,16,5,5,0.15625,,,,,,,,0.0,0.0
gemma-2-2b-it_cycle\framing_business_context\no_comm\20260729_094314_sh_nocomm_run01.json,gemma-2-2b-it,google/gemma-2-2b-it,sh,cycle,no_comm,framing_business_context,framing_business_context[no_comm],neutral,16,5,1,0.6451612903225806,,,,,,,,0.03125,0.0625
gemma-2-2b-it_cycle\framing_business_context\no_comm\20260729_094314_sh_nocomm_run02.json,gemma-2-2b-it,google/gemma-2-2b-it,sh,cycle,no_comm,framing_business_context,framing_business_context[no_comm],neutral,16,5,2,0.859375,,,,,,,,0.0,0.5625
gemma-2-2b-it_cycle\framing_business_context\no_comm\20260729_094314_sh_nocomm_run03.json,gemma-2-2b-it,google/gemma-2-2b-it,sh,cycle,no_comm,framing_business_context,framing_business_context[no_comm],neutral,16,5,3,0.75,,,,,,,,0.0,0.3125
gemma-2-2b-it_cycle\framing_business_context\no_comm\20260729_094314_sh_nocomm_run04.json,gemma-2-2b-it,google/gemma-2-2b-it,sh,cycle,no_comm,framing_business_context,framing_business_context[no_comm],neutral,16,5,4,0.734375,,,,,,,,0.0,0.25
gemma-2-2b-it_cycle\framing_business_context\no_comm\20260729_094314_sh_nocomm_run05.json,gemma-2-2b-it,google/gemma-2-2b-it,sh,cycle,no_comm,framing_business_context,framing_business_context[no_comm],neutral,16,5,5,0.703125,,,,,,,,0.0,0.0625
gemma-2-2b-it_cycle\framing_competitive\cheap_talk\20260728_230133_pd_cheaptalk_run01.json,gemma-2-2b-it,google/gemma-2-2b-it,pd,cycle,cheap_talk,framing_competitive,framing_competitive,competitive,16,5,1,0.05084745762711865,,,,,,,,0.078125,0.0
gemma-2-2b-it_cycle\framing_competitive\cheap_talk\20260728_230133_pd_cheaptalk_run02.json,gemma-2-2b-it,google/gemma-2-2b-it,pd,cycle,cheap_talk,framing_competitive,framing_competitive,competitive,16,5,2,0.0,,,,,,,,0.09375,0.0
gemma-2-2b-it_cycle\framing_competitive\cheap_talk\20260728_230133_pd_cheaptalk_run03.json,gemma-2-2b-it,google/gemma-2-2b-it,pd,cycle,cheap_talk,framing_competitive,framing_competitive,competitive,16,5,3,0.017241379310344827,,,,,,,,0.09375,0.0
gemma-2-2b-it_cycle\framing_competitive\cheap_talk\20260728_230133_pd_cheaptalk_run04.json,gemma-2-2b-it,google/gemma-2-2b-it,pd,cycle,cheap_talk,framing_competitive,framing_competitive,competitive,16,5,4,0.1016949152542373,,,,,,,,0.078125,0.0
gemma-2-2b-it_cycle\framing_competitive\cheap_talk\20260728_230133_pd_cheaptalk_run05.json,gemma-2-2b-it,google/gemma-2-2b-it,pd,cycle,cheap_talk,framing_competitive,framing_competitive,competitive,16,5,5,0.0,,,,,,,,0.0625,0.0
gemma-2-2b-it_cycle\framing_competitive\cheap_talk\20260728_230133_sh_cheaptalk_run01.json,gemma-2-2b-it,google/gemma-2-2b-it,sh,cycle,cheap_talk,framing_competitive,framing_competitive,competitive,16,5,1,0.1864406779661017,,,,,,,,0.078125,0.0
gemma-2-2b-it_cycle\framing_competitive\cheap_talk\20260728_230133_sh_cheaptalk_run02.json,gemma-2-2b-it,google/gemma-2-2b-it,sh,cycle,cheap_talk,framing_competitive,framing_competitive,competitive,16,5,2,0.08064516129032258,,,,,,,,0.03125,0.0
gemma-2-2b-it_cycle\framing_competitive\cheap_talk\20260728_230133_sh_cheaptalk_run03.json,gemma-2-2b-it,google/gemma-2-2b-it,sh,cycle,cheap_talk,framing_competitive,framing_competitive,competitive,16,5,3,0.19672131147540983,,,,,,,,0.046875,0.0
gemma-2-2b-it_cycle\framing_competitive\cheap_talk\20260728_230133_sh_cheaptalk_run04.json,gemma-2-2b-it,google/gemma-2-2b-it,sh,cycle,cheap_talk,framing_competitive,framing_competitive,competitive,16,5,4,0.16129032258064516,,,,,,,,0.03125,0.0
gemma-2-2b-it_cycle\framing_competitive\cheap_talk\20260728_230133_sh_cheaptalk_run05.json,gemma-2-2b-it,google/gemma-2-2b-it,sh,cycle,cheap_talk,framing_competitive,framing_competitive,competitive,16,5,5,0.15517241379310345,,,,,,,,0.09375,0.0625
gemma-2-2b-it_cycle\framing_competitive_context\cheap_talk\20260729_094314_pd_cheaptalk_run01.json,gemma-2-2b-it,google/gemma-2-2b-it,pd,cycle,cheap_talk,framing_competitive_context,framing_competitive_context[cheap_talk],neutral,16,5,1,0.8064516129032258,,,,,,,,0.03125,0.3125
gemma-2-2b-it_cycle\framing_competitive_context\cheap_talk\20260729_094314_pd_cheaptalk_run02.json,gemma-2-2b-it,google/gemma-2-2b-it,pd,cycle,cheap_talk,framing_competitive_context,framing_competitive_context[cheap_talk],neutral,16,5,2,0.9841269841269841,,,,,,,,0.015625,0.875
gemma-2-2b-it_cycle\framing_competitive_context\cheap_talk\20260729_094314_pd_cheaptalk_run03.json,gemma-2-2b-it,google/gemma-2-2b-it,pd,cycle,cheap_talk,framing_competitive_context,framing_competitive_context[cheap_talk],neutral,16,5,3,0.9682539682539683,,,,,,,,0.015625,0.8125
gemma-2-2b-it_cycle\framing_competitive_context\cheap_talk\20260729_094314_pd_cheaptalk_run04.json,gemma-2-2b-it,google/gemma-2-2b-it,pd,cycle,cheap_talk,framing_competitive_context,framing_competitive_context[cheap_talk],neutral,16,5,4,0.21311475409836064,,,,,,,,0.046875,0.0
gemma-2-2b-it_cycle\framing_competitive_context\cheap_talk\20260729_094314_pd_cheaptalk_run05.json,gemma-2-2b-it,google/gemma-2-2b-it,pd,cycle,cheap_talk,framing_competitive_context,framing_competitive_context[cheap_talk],neutral,16,5,5,1.0,,,,,,,,0.046875,0.8125
gemma-2-2b-it_cycle\framing_competitive_context\cheap_talk\20260729_094314_sh_cheaptalk_run01.json,gemma-2-2b-it,google/gemma-2-2b-it,sh,cycle,cheap_talk,framing_competitive_context,framing_competitive_context[cheap_talk],neutral,16,5,1,0.4032258064516129,,,,,,,,0.03125,0.0
gemma-2-2b-it_cycle\framing_competitive_context\cheap_talk\20260729_094314_sh_cheaptalk_run02.json,gemma-2-2b-it,google/gemma-2-2b-it,sh,cycle,cheap_talk,framing_competitive_context,framing_competitive_context[cheap_talk],neutral,16,5,2,0.25806451612903225,,,,,,,,0.03125,0.0625
gemma-2-2b-it_cycle\framing_competitive_context\cheap_talk\20260729_094314_sh_cheaptalk_run03.json,gemma-2-2b-it,google/gemma-2-2b-it,sh,cycle,cheap_talk,framing_competitive_context,framing_competitive_context[cheap_talk],neutral,16,5,3,0.14754098360655737,,,,,,,,0.046875,0.0
gemma-2-2b-it_cycle\framing_competitive_context\cheap_talk\20260729_094314_sh_cheaptalk_run04.json,gemma-2-2b-it,google/gemma-2-2b-it,sh,cycle,cheap_talk,framing_competitive_context,framing_competitive_context[cheap_talk],neutral,16,5,4,0.296875,,,,,,,,0.0,0.0
gemma-2-2b-it_cycle\framing_competitive_context\cheap_talk\20260729_094314_sh_cheaptalk_run05.json,gemma-2-2b-it,google/gemma-2-2b-it,sh,cycle,cheap_talk,framing_competitive_context,framing_competitive_context[cheap_talk],neutral,16,5,5,0.14516129032258066,,,,,,,,0.03125,0.0
gemma-2-2b-it_cycle\framing_competitive_context\no_comm\20260729_094314_pd_nocomm_run01.json,gemma-2-2b-it,google/gemma-2-2b-it,pd,cycle,no_comm,framing_competitive_context,framing_competitive_context[no_comm],neutral,16,5,1,0.140625,,,,,,,,0.0,0.0
gemma-2-2b-it_cycle\framing_competitive_context\no_comm\20260729_094314_pd_nocomm_run02.json,gemma-2-2b-it,google/gemma-2-2b-it,pd,cycle,no_comm,framing_competitive_context,framing_competitive_context[no_comm],neutral,16,5,2,0.859375,,,,,,,,0.0,0.625
gemma-2-2b-it_cycle\framing_competitive_context\no_comm\20260729_094314_pd_nocomm_run03.json,gemma-2-2b-it,google/gemma-2-2b-it,pd,cycle,no_comm,framing_competitive_context,framing_competitive_context[no_comm],neutral,16,5,3,0.0625,,,,,,,,0.0,0.0
gemma-2-2b-it_cycle\framing_competitive_context\no_comm\20260729_094314_pd_nocomm_run04.json,gemma-2-2b-it,google/gemma-2-2b-it,pd,cycle,no_comm,framing_competitive_context,framing_competitive_context[no_comm],neutral,16,5,4,0.203125,,,,,,,,0.0,0.0
gemma-2-2b-it_cycle\framing_competitive_context\no_comm\20260729_094314_pd_nocomm_run05.json,gemma-2-2b-it,google/gemma-2-2b-it,pd,cycle,no_comm,framing_competitive_context,framing_competitive_context[no_comm],neutral,16,5,5,0.234375,,,,,,,,0.0,0.0
gemma-2-2b-it_cycle\framing_competitive_context\no_comm\20260729_094314_sh_nocomm_run01.json,gemma-2-2b-it,google/gemma-2-2b-it,sh,cycle,no_comm,framing_competitive_context,framing_competitive_context[no_comm],neutral,16,5,1,0.46875,,,,,,,,0.0,0.0625
gemma-2-2b-it_cycle\framing_competitive_context\no_comm\20260729_094314_sh_nocomm_run02.json,gemma-2-2b-it,google/gemma-2-2b-it,sh,cycle,no_comm,framing_competitive_context,framing_competitive_context[no_comm],neutral,16,5,2,0.49206349206349204,,,,,,,,0.015625,0.0
gemma-2-2b-it_cycle\framing_competitive_context\no_comm\20260729_094314_sh_nocomm_run03.json,gemma-2-2b-it,google/gemma-2-2b-it,sh,cycle,no_comm,framing_competitive_context,framing_competitive_context[no_comm],neutral,16,5,3,0.234375,,,,,,,,0.0,0.0
gemma-2-2b-it_cycle\framing_competitive_context\no_comm\20260729_094314_sh_nocomm_run04.json,gemma-2-2b-it,google/gemma-2-2b-it,sh,cycle,no_comm,framing_competitive_context,framing_competitive_context[no_comm],neutral,16,5,4,0.546875,,,,,,,,0.0,0.0625
gemma-2-2b-it_cycle\framing_competitive_context\no_comm\20260729_094314_sh_nocomm_run05.json,gemma-2-2b-it,google/gemma-2-2b-it,sh,cycle,no_comm,framing_competitive_context,framing_competitive_context[no_comm],neutral,16,5,5,0.53125,,,,,,,,0.0,0.125
gemma-2-2b-it_cycle\framing_team\cheap_talk\20260728_230133_pd_cheaptalk_run01.json,gemma-2-2b-it,google/gemma-2-2b-it,pd,cycle,cheap_talk,framing_team,framing_team,team,16,5,1,1.0,,,,,,,,0.078125,0.8125
gemma-2-2b-it_cycle\framing_team\cheap_talk\20260728_230133_pd_cheaptalk_run02.json,gemma-2-2b-it,google/gemma-2-2b-it,pd,cycle,cheap_talk,framing_team,framing_team,team,16,5,2,0.9464285714285714,,,,,,,,0.125,0.5625
gemma-2-2b-it_cycle\framing_team\cheap_talk\20260728_230133_pd_cheaptalk_run03.json,gemma-2-2b-it,google/gemma-2-2b-it,pd,cycle,cheap_talk,framing_team,framing_team,team,16,5,3,0.9523809523809523,,,,,,,,0.015625,0.75
gemma-2-2b-it_cycle\framing_team\cheap_talk\20260728_230133_pd_cheaptalk_run04.json,gemma-2-2b-it,google/gemma-2-2b-it,pd,cycle,cheap_talk,framing_team,framing_team,team,16,5,4,0.9682539682539683,,,,,,,,0.015625,0.8125
gemma-2-2b-it_cycle\framing_team\cheap_talk\20260728_230133_pd_cheaptalk_run05.json,gemma-2-2b-it,google/gemma-2-2b-it,pd,cycle,cheap_talk,framing_team,framing_team,team,16,5,5,1.0,,,,,,,,0.015625,0.9375
gemma-2-2b-it_cycle\framing_team\cheap_talk\20260728_230133_sh_cheaptalk_run01.json,gemma-2-2b-it,google/gemma-2-2b-it,sh,cycle,cheap_talk,framing_team,framing_team,team,16,5,1,0.32786885245901637,,,,,,,,0.046875,0.0
gemma-2-2b-it_cycle\framing_team\cheap_talk\20260728_230133_sh_cheaptalk_run02.json,gemma-2-2b-it,google/gemma-2-2b-it,sh,cycle,cheap_talk,framing_team,framing_team,team,16,5,2,0.45,,,,,,,,0.0625,0.0
gemma-2-2b-it_cycle\framing_team\cheap_talk\20260728_230133_sh_cheaptalk_run03.json,gemma-2-2b-it,google/gemma-2-2b-it,sh,cycle,cheap_talk,framing_team,framing_team,team,16,5,3,0.23728813559322035,,,,,,,,0.078125,0.0
gemma-2-2b-it_cycle\framing_team\cheap_talk\20260728_230133_sh_cheaptalk_run04.json,gemma-2-2b-it,google/gemma-2-2b-it,sh,cycle,cheap_talk,framing_team,framing_team,team,16,5,4,0.25862068965517243,,,,,,,,0.09375,0.0625
gemma-2-2b-it_cycle\framing_team\cheap_talk\20260728_230133_sh_cheaptalk_run05.json,gemma-2-2b-it,google/gemma-2-2b-it,sh,cycle,cheap_talk,framing_team,framing_team,team,16,5,5,0.1206896551724138,,,,,,,,0.09375,0.0
gemma-2-2b-it_cycle\framing_team_context\cheap_talk\20260729_094314_pd_cheaptalk_run01.json,gemma-2-2b-it,google/gemma-2-2b-it,pd,cycle,cheap_talk,framing_team_context,framing_team_context[cheap_talk],neutral,16,5,1,0.984375,,,,,,,,0.0,0.9375
gemma-2-2b-it_cycle\framing_team_context\cheap_talk\20260729_094314_pd_cheaptalk_run02.json,gemma-2-2b-it,google/gemma-2-2b-it,pd,cycle,cheap_talk,framing_team_context,framing_team_context[cheap_talk],neutral,16,5,2,1.0,,,,,,,,0.0625,0.875
gemma-2-2b-it_cycle\framing_team_context\cheap_talk\20260729_094314_pd_cheaptalk_run03.json,gemma-2-2b-it,google/gemma-2-2b-it,pd,cycle,cheap_talk,framing_team_context,framing_team_context[cheap_talk],neutral,16,5,3,0.9833333333333333,,,,,,,,0.0625,0.75
gemma-2-2b-it_cycle\framing_team_context\cheap_talk\20260729_094314_pd_cheaptalk_run04.json,gemma-2-2b-it,google/gemma-2-2b-it,pd,cycle,cheap_talk,framing_team_context,framing_team_context[cheap_talk],neutral,16,5,4,1.0,,,,,,,,0.015625,0.9375
gemma-2-2b-it_cycle\framing_team_context\cheap_talk\20260729_094314_pd_cheaptalk_run05.json,gemma-2-2b-it,google/gemma-2-2b-it,pd,cycle,cheap_talk,framing_team_context,framing_team_context[cheap_talk],neutral,16,5,5,0.9838709677419355,,,,,,,,0.03125,0.8125
gemma-2-2b-it_cycle\framing_team_context\cheap_talk\20260729_094314_sh_cheaptalk_run01.json,gemma-2-2b-it,google/gemma-2-2b-it,sh,cycle,cheap_talk,framing_team_context,framing_team_context[cheap_talk],neutral,16,5,1,0.4262295081967213,,,,,,,,0.046875,0.0
gemma-2-2b-it_cycle\framing_team_context\cheap_talk\20260729_094314_sh_cheaptalk_run02.json,gemma-2-2b-it,google/gemma-2-2b-it,sh,cycle,cheap_talk,framing_team_context,framing_team_context[cheap_talk],neutral,16,5,2,0.6896551724137931,,,,,,,,0.09375,0.0
gemma-2-2b-it_cycle\framing_team_context\cheap_talk\20260729_094314_sh_cheaptalk_run03.json,gemma-2-2b-it,google/gemma-2-2b-it,sh,cycle,cheap_talk,framing_team_context,framing_team_context[cheap_talk],neutral,16,5,3,0.14285714285714285,,,,,,,,0.015625,0.0
gemma-2-2b-it_cycle\framing_team_context\cheap_talk\20260729_094314_sh_cheaptalk_run04.json,gemma-2-2b-it,google/gemma-2-2b-it,sh,cycle,cheap_talk,framing_team_context,framing_team_context[cheap_talk],neutral,16,5,4,0.6724137931034483,,,,,,,,0.09375,0.0625
gemma-2-2b-it_cycle\framing_team_context\cheap_talk\20260729_094314_sh_cheaptalk_run05.json,gemma-2-2b-it,google/gemma-2-2b-it,sh,cycle,cheap_talk,framing_team_context,framing_team_context[cheap_talk],neutral,16,5,5,0.3870967741935484,,,,,,,,0.03125,0.0
gemma-2-2b-it_cycle\framing_team_context\no_comm\20260729_094314_pd_nocomm_run01.json,gemma-2-2b-it,google/gemma-2-2b-it,pd,cycle,no_comm,framing_team_context,framing_team_context[no_comm],neutral,16,5,1,1.0,,,,,,,,0.0,1.0
gemma-2-2b-it_cycle\framing_team_context\no_comm\20260729_094314_pd_nocomm_run02.json,gemma-2-2b-it,google/gemma-2-2b-it,pd,cycle,no_comm,framing_team_context,framing_team_context[no_comm],neutral,16,5,2,0.953125,,,,,,,,0.0,0.8125
gemma-2-2b-it_cycle\framing_team_context\no_comm\20260729_094314_pd_nocomm_run03.json,gemma-2-2b-it,google/gemma-2-2b-it,pd,cycle,no_comm,framing_team_context,framing_team_context[no_comm],neutral,16,5,3,1.0,,,,,,,,0.0,1.0
gemma-2-2b-it_cycle\framing_team_context\no_comm\20260729_094314_pd_nocomm_run04.json,gemma-2-2b-it,google/gemma-2-2b-it,pd,cycle,no_comm,framing_team_context,framing_team_context[no_comm],neutral,16,5,4,1.0,,,,,,,,0.0,1.0
gemma-2-2b-it_cycle\framing_team_context\no_comm\20260729_094314_pd_nocomm_run05.json,gemma-2-2b-it,google/gemma-2-2b-it,pd,cycle,no_comm,framing_team_context,framing_team_context[no_comm],neutral,16,5,5,0.984375,,,,,,,,0.0,0.9375
gemma-2-2b-it_cycle\framing_team_context\no_comm\20260729_094314_sh_nocomm_run01.json,gemma-2-2b-it,google/gemma-2-2b-it,sh,cycle,no_comm,framing_team_context,framing_team_context[no_comm],neutral,16,5,1,0.890625,,,,,,,,0.0,0.6875
gemma-2-2b-it_cycle\framing_team_context\no_comm\20260729_094314_sh_nocomm_run02.json,gemma-2-2b-it,google/gemma-2-2b-it,sh,cycle,no_comm,framing_team_context,framing_team_context[no_comm],neutral,16,5,2,0.90625,,,,,,,,0.0,0.625
gemma-2-2b-it_cycle\framing_team_context\no_comm\20260729_094314_sh_nocomm_run03.json,gemma-2-2b-it,google/gemma-2-2b-it,sh,cycle,no_comm,framing_team_context,framing_team_context[no_comm],neutral,16,5,3,0.9375,,,,,,,,0.0,0.8125
gemma-2-2b-it_cycle\framing_team_context\no_comm\20260729_094314_sh_nocomm_run04.json,gemma-2-2b-it,google/gemma-2-2b-it,sh,cycle,no_comm,framing_team_context,framing_team_context[no_comm],neutral,16,5,4,0.921875,,,,,,,,0.0,0.75
gemma-2-2b-it_cycle\framing_team_context\no_comm\20260729_094314_sh_nocomm_run05.json,gemma-2-2b-it,google/gemma-2-2b-it,sh,cycle,no_comm,framing_team_context,framing_team_context[no_comm],neutral,16,5,5,0.875,,,,,,,,0.0,0.625
gemma-2-2b-it_cycle\no_sense\cheap_talk\20260728_130335_pd_cheaptalk_run01.json,gemma-2-2b-it,google/gemma-2-2b-it,pd,cycle,cheap_talk,no_sense,no_sense,neutral,16,5,1,0.25925925925925924,,,,,,,,0.15625,0.0
gemma-2-2b-it_cycle\no_sense\cheap_talk\20260728_130335_pd_cheaptalk_run02.json,gemma-2-2b-it,google/gemma-2-2b-it,pd,cycle,cheap_talk,no_sense,no_sense,neutral,16,5,2,0.14545454545454545,,,,,,,,0.140625,0.0
gemma-2-2b-it_cycle\no_sense\cheap_talk\20260728_130335_pd_cheaptalk_run03.json,gemma-2-2b-it,google/gemma-2-2b-it,pd,cycle,cheap_talk,no_sense,no_sense,neutral,16,5,3,0.17647058823529413,,,,,,,,0.203125,0.0
gemma-2-2b-it_cycle\no_sense\cheap_talk\20260728_130335_pd_cheaptalk_run04.json,gemma-2-2b-it,google/gemma-2-2b-it,pd,cycle,cheap_talk,no_sense,no_sense,neutral,16,5,4,0.09259259259259259,,,,,,,,0.15625,0.0
gemma-2-2b-it_cycle\no_sense\cheap_talk\20260728_130335_pd_cheaptalk_run05.json,gemma-2-2b-it,google/gemma-2-2b-it,pd,cycle,cheap_talk,no_sense,no_sense,neutral,16,5,5,0.03773584905660377,,,,,,,,0.171875,0.0
gemma-2-2b-it_cycle\no_sense\cheap_talk\20260728_130335_sh_cheaptalk_run01.json,gemma-2-2b-it,google/gemma-2-2b-it,sh,cycle,cheap_talk,no_sense,no_sense,neutral,16,5,1,0.38,,,,,,,,0.21875,0.0
gemma-2-2b-it_cycle\no_sense\cheap_talk\20260728_130335_sh_cheaptalk_run02.json,gemma-2-2b-it,google/gemma-2-2b-it,sh,cycle,cheap_talk,no_sense,no_sense,neutral,16,5,2,0.46938775510204084,,,,,,,,0.234375,0.0625
gemma-2-2b-it_cycle\no_sense\cheap_talk\20260728_130335_sh_cheaptalk_run03.json,gemma-2-2b-it,google/gemma-2-2b-it,sh,cycle,cheap_talk,no_sense,no_sense,neutral,16,5,3,0.44,,,,,,,,0.21875,0.0
gemma-2-2b-it_cycle\no_sense\cheap_talk\20260728_130335_sh_cheaptalk_run04.json,gemma-2-2b-it,google/gemma-2-2b-it,sh,cycle,cheap_talk,no_sense,no_sense,neutral,16,5,4,0.43636363636363634,,,,,,,,0.140625,0.0
gemma-2-2b-it_cycle\no_sense\cheap_talk\20260728_130335_sh_cheaptalk_run05.json,gemma-2-2b-it,google/gemma-2-2b-it,sh,cycle,cheap_talk,no_sense,no_sense,neutral,16,5,5,0.58,,,,,,,,0.21875,0.0625
gemma-2-2b-it_cycle\silence\cheap_talk\20260728_130335_pd_cheaptalk_run01.json,gemma-2-2b-it,google/gemma-2-2b-it,pd,cycle,cheap_talk,silence,silence,neutral,16,5,1,0.0,,,,,,,,0.203125,0.0
gemma-2-2b-it_cycle\silence\cheap_talk\20260728_130335_pd_cheaptalk_run02.json,gemma-2-2b-it,google/gemma-2-2b-it,pd,cycle,cheap_talk,silence,silence,neutral,16,5,2,0.03571428571428571,,,,,,,,0.125,0.0
gemma-2-2b-it_cycle\silence\cheap_talk\20260728_130335_pd_cheaptalk_run03.json,gemma-2-2b-it,google/gemma-2-2b-it,pd,cycle,cheap_talk,silence,silence,neutral,16,5,3,0.23404255319148937,,,,,,,,0.265625,0.0
gemma-2-2b-it_cycle\silence\cheap_talk\20260728_130335_pd_cheaptalk_run04.json,gemma-2-2b-it,google/gemma-2-2b-it,pd,cycle,cheap_talk,silence,silence,neutral,16,5,4,0.08888888888888889,,,,,,,,0.296875,0.0
gemma-2-2b-it_cycle\silence\cheap_talk\20260728_130335_pd_cheaptalk_run05.json,gemma-2-2b-it,google/gemma-2-2b-it,pd,cycle,cheap_talk,silence,silence,neutral,16,5,5,0.018518518518518517,,,,,,,,0.15625,0.0
gemma-2-2b-it_cycle\silence\cheap_talk\20260728_130335_sh_cheaptalk_run01.json,gemma-2-2b-it,google/gemma-2-2b-it,sh,cycle,cheap_talk,silence,silence,neutral,16,5,1,0.625,,,,,,,,0.75,0.0
gemma-2-2b-it_cycle\silence\cheap_talk\20260728_130335_sh_cheaptalk_run02.json,gemma-2-2b-it,google/gemma-2-2b-it,sh,cycle,cheap_talk,silence,silence,neutral,16,5,2,0.48,,,,,,,,0.609375,0.0
gemma-2-2b-it_cycle\silence\cheap_talk\20260728_130335_sh_cheaptalk_run03.json,gemma-2-2b-it,google/gemma-2-2b-it,sh,cycle,cheap_talk,silence,silence,neutral,16,5,3,0.825,,,,,,,,0.375,0.0
gemma-2-2b-it_cycle\silence\cheap_talk\20260728_130335_sh_cheaptalk_run04.json,gemma-2-2b-it,google/gemma-2-2b-it,sh,cycle,cheap_talk,silence,silence,neutral,16,5,4,0.5833333333333334,,,,,,,,0.8125,0.0
gemma-2-2b-it_cycle\silence\cheap_talk\20260728_130335_sh_cheaptalk_run05.json,gemma-2-2b-it,google/gemma-2-2b-it,sh,cycle,cheap_talk,silence,silence,neutral,16,5,5,0.65,,,,,,,,0.6875,0.0
gemma-2-9b-it_star\baseline\cheap_talk\20260525_221210_pd_cheaptalk_run01.json,gemma-2-9b-it,google/gemma-2-9b-it,pd,star,cheap_talk,baseline_cheap_talk,baseline_cheap_talk,neutral,16,5,1,1.0,1.0,1.0,0.0,192.0,4.0,1.0,0.0,0.0,1.0
gemma-2-9b-it_star\baseline\cheap_talk\20260525_221210_pd_cheaptalk_run02.json,gemma-2-9b-it,google/gemma-2-9b-it,pd,star,cheap_talk,baseline_cheap_talk,baseline_cheap_talk,neutral,16,5,2,1.0,1.0,1.0,0.0,192.0,4.0,1.0,0.0,0.0,1.0
gemma-2-9b-it_star\baseline\cheap_talk\20260525_221210_pd_cheaptalk_run03.json,gemma-2-9b-it,google/gemma-2-9b-it,pd,star,cheap_talk,baseline_cheap_talk,baseline_cheap_talk,neutral,16,5,3,1.0,1.0,1.0,0.0,192.0,4.0,1.0,0.0,0.0,1.0
gemma-2-9b-it_star\baseline\cheap_talk\20260525_221210_pd_cheaptalk_run04.json,gemma-2-9b-it,google/gemma-2-9b-it,pd,star,cheap_talk,baseline_cheap_talk,baseline_cheap_talk,neutral,16,5,4,1.0,1.0,1.0,0.0,192.0,4.0,1.0,0.0,0.0,1.0
gemma-2-9b-it_star\baseline\cheap_talk\20260525_221210_pd_cheaptalk_run05.json,gemma-2-9b-it,google/gemma-2-9b-it,pd,star,cheap_talk,baseline_cheap_talk,baseline_cheap_talk,neutral,16,5,5,1.0,1.0,1.0,0.0,192.0,4.0,1.0,0.0,0.0,1.0
gemma-2-9b-it_star\baseline\cheap_talk\20260525_221210_sh_cheaptalk_run01.json,gemma-2-9b-it,google/gemma-2-9b-it,sh,star,cheap_talk,baseline_cheap_talk,baseline_cheap_talk,neutral,16,5,1,1.0,1.0,1.0,0.0,288.0,6.0,1.0,,0.0,1.0
gemma-2-9b-it_star\baseline\cheap_talk\20260525_221210_sh_cheaptalk_run02.json,gemma-2-9b-it,google/gemma-2-9b-it,sh,star,cheap_talk,baseline_cheap_talk,baseline_cheap_talk,neutral,16,5,2,1.0,1.0,1.0,0.0,288.0,6.0,1.0,,0.0,1.0
gemma-2-9b-it_star\baseline\cheap_talk\20260525_221210_sh_cheaptalk_run03.json,gemma-2-9b-it,google/gemma-2-9b-it,sh,star,cheap_talk,baseline_cheap_talk,baseline_cheap_talk,neutral,16,5,3,1.0,1.0,1.0,0.0,288.0,6.0,1.0,,0.0,1.0
gemma-2-9b-it_star\baseline\cheap_talk\20260525_221210_sh_cheaptalk_run04.json,gemma-2-9b-it,google/gemma-2-9b-it,sh,star,cheap_talk,baseline_cheap_talk,baseline_cheap_talk,neutral,16,5,4,1.0,1.0,1.0,0.0,288.0,6.0,1.0,,0.0,1.0
gemma-2-9b-it_star\baseline\cheap_talk\20260525_221210_sh_cheaptalk_run05.json,gemma-2-9b-it,google/gemma-2-9b-it,sh,star,cheap_talk,baseline_cheap_talk,baseline_cheap_talk,neutral,16,5,5,1.0,1.0,1.0,0.0,288.0,6.0,1.0,,0.0,1.0
gemma-2-9b-it_star\baseline\cheap_talk\20260825_095713_pd_cheaptalk_run01.json,gemma-2-9b-it,google/gemma-2-9b-it,pd,star,cheap_talk,baseline_cheap_talk,baseline_cheap_talk,neutral,16,5,1,1.0,1.0,1.0,0.0,192.0,4.0,1.0,0.0,0.0,1.0
gemma-2-9b-it_star\baseline\cheap_talk\20260825_095713_pd_cheaptalk_run02.json,gemma-2-9b-it,google/gemma-2-9b-it,pd,star,cheap_talk,baseline_cheap_talk,baseline_cheap_talk,neutral,16,5,2,1.0,1.0,1.0,0.0,192.0,4.0,1.0,0.0,0.0,1.0
gemma-2-9b-it_star\baseline\cheap_talk\20260825_095713_pd_cheaptalk_run03.json,gemma-2-9b-it,google/gemma-2-9b-it,pd,star,cheap_talk,baseline_cheap_talk,baseline_cheap_talk,neutral,16,5,3,1.0,1.0,1.0,0.0,192.0,4.0,1.0,0.0,0.0,1.0
gemma-2-9b-it_star\baseline\cheap_talk\20260825_095713_pd_cheaptalk_run04.json,gemma-2-9b-it,google/gemma-2-9b-it,pd,star,cheap_talk,baseline_cheap_talk,baseline_cheap_talk,neutral,16,5,4,1.0,1.0,1.0,0.0,192.0,4.0,1.0,0.0,0.0,1.0
gemma-2-9b-it_star\baseline\cheap_talk\20260825_095713_pd_cheaptalk_run05.json,gemma-2-9b-it,google/gemma-2-9b-it,pd,star,cheap_talk,baseline_cheap_talk,baseline_cheap_talk,neutral,16,5,5,1.0,1.0,1.0,0.0,192.0,4.0,1.0,0.0,0.0,1.0
gemma-2-9b-it_star\baseline\cheap_talk\20260825_095713_sh_cheaptalk_run01.json,gemma-2-9b-it,google/gemma-2-9b-it,sh,star,cheap_talk,baseline_cheap_talk,baseline_cheap_talk,neutral,16,5,1,1.0,1.0,1.0,0.0,288.0,6.0,1.0,,0.0,1.0
gemma-2-9b-it_star\baseline\cheap_talk\20260825_095713_sh_cheaptalk_run02.json,gemma-2-9b-it,google/gemma-2-9b-it,sh,star,cheap_talk,baseline_cheap_talk,baseline_cheap_talk,neutral,16,5,2,1.0,1.0,1.0,0.0,288.0,6.0,1.0,,0.0,1.0
gemma-2-9b-it_star\baseline\cheap_talk\20260825_095713_sh_cheaptalk_run03.json,gemma-2-9b-it,google/gemma-2-9b-it,sh,star,cheap_talk,baseline_cheap_talk,baseline_cheap_talk,neutral,16,5,3,0.984375,1.0,0.9791666666666666,0.02083333333333337,283.0,5.958333333333333,1.0,,0.0,0.9375
gemma-2-9b-it_star\baseline\cheap_talk\20260825_095713_sh_cheaptalk_run04.json,gemma-2-9b-it,google/gemma-2-9b-it,sh,star,cheap_talk,baseline_cheap_talk,baseline_cheap_talk,neutral,16,5,4,1.0,1.0,1.0,0.0,288.0,6.0,1.0,,0.0,1.0
gemma-2-9b-it_star\baseline\cheap_talk\20260825_095713_sh_cheaptalk_run05.json,gemma-2-9b-it,google/gemma-2-9b-it,sh,star,cheap_talk,baseline_cheap_talk,baseline_cheap_talk,neutral,16,5,5,1.0,1.0,1.0,0.0,288.0,6.0,1.0,,0.0,1.0
gemma-2-9b-it_star\baseline\no_comm\20260525_221210_pd_nocomm_run01.json,gemma-2-9b-it,google/gemma-2-9b-it,pd,star,no_comm,no_comm,no_comm,neutral,16,5,1,0.078125,0.0625,0.08333333333333333,-0.02083333333333333,109.0,2.1666666666666665,0.9555555555555556,,0.0,0.0
gemma-2-9b-it_star\baseline\no_comm\20260525_221210_pd_nocomm_run02.json,gemma-2-9b-it,google/gemma-2-9b-it,pd,star,no_comm,no_comm,no_comm,neutral,16,5,2,0.015625,0.0,0.020833333333333332,-0.020833333333333332,100.0,1.9791666666666667,1.0,,0.0,0.0
gemma-2-9b-it_star\baseline\no_comm\20260525_221210_pd_nocomm_run03.json,gemma-2-9b-it,google/gemma-2-9b-it,pd,star,no_comm,no_comm,no_comm,neutral,16,5,3,0.03125,0.0625,0.020833333333333332,0.04166666666666667,96.0,2.2083333333333335,0.9333333333333333,,0.0,0.0
gemma-2-9b-it_star\baseline\no_comm\20260525_221210_pd_nocomm_run04.json,gemma-2-9b-it,google/gemma-2-9b-it,pd,star,no_comm,no_comm,no_comm,neutral,16,5,4,0.078125,0.0625,0.08333333333333333,-0.02083333333333333,107.0,2.125,0.9777777777777777,,0.0,0.0
gemma-2-9b-it_star\baseline\no_comm\20260525_221210_pd_nocomm_run05.json,gemma-2-9b-it,google/gemma-2-9b-it,pd,star,no_comm,no_comm,no_comm,neutral,16,5,5,0.125,0.125,0.125,0.0,111.0,2.3125,0.9333333333333333,,0.0,0.0
gemma-2-9b-it_star\baseline\no_comm\20260525_221210_sh_nocomm_run01.json,gemma-2-9b-it,google/gemma-2-9b-it,sh,star,no_comm,no_comm,no_comm,neutral,16,5,1,1.0,1.0,1.0,0.0,288.0,6.0,1.0,,0.0,1.0
gemma-2-9b-it_star\baseline\no_comm\20260525_221210_sh_nocomm_run02.json,gemma-2-9b-it,google/gemma-2-9b-it,sh,star,no_comm,no_comm,no_comm,neutral,16,5,2,1.0,1.0,1.0,0.0,288.0,6.0,1.0,,0.0,1.0
gemma-2-9b-it_star\baseline\no_comm\20260525_221210_sh_nocomm_run03.json,gemma-2-9b-it,google/gemma-2-9b-it,sh,star,no_comm,no_comm,no_comm,neutral,16,5,3,0.953125,0.9375,0.9583333333333334,-0.02083333333333337,275.0,5.666666666666667,0.9333333333333333,,0.0,0.875
gemma-2-9b-it_star\baseline\no_comm\20260525_221210_sh_nocomm_run04.json,gemma-2-9b-it,google/gemma-2-9b-it,sh,star,no_comm,no_comm,no_comm,neutral,16,5,4,0.984375,0.9375,1.0,-0.0625,282.0,5.6875,0.9333333333333333,,0.0,0.9375
gemma-2-9b-it_star\baseline\no_comm\20260525_221210_sh_nocomm_run05.json,gemma-2-9b-it,google/gemma-2-9b-it,sh,star,no_comm,no_comm,no_comm,neutral,16,5,5,1.0,1.0,1.0,0.0,288.0,6.0,1.0,,0.0,1.0
gemma-2-9b-it_star\baseline\no_comm\20260825_095713_pd_nocomm_run01.json,gemma-2-9b-it,google/gemma-2-9b-it,pd,star,no_comm,no_comm,no_comm,neutral,16,5,1,0.15625,0.125,0.16666666666666666,-0.04166666666666666,118.0,2.25,0.9111111111111111,,0.0,0.0
gemma-2-9b-it_star\baseline\no_comm\20260825_095713_pd_nocomm_run02.json,gemma-2-9b-it,google/gemma-2-9b-it,pd,star,no_comm,no_comm,no_comm,neutral,16,5,2,0.03125,0.0625,0.020833333333333332,0.04166666666666667,97.0,2.2291666666666665,0.9555555555555556,,0.0,0.0
gemma-2-9b-it_star\baseline\no_comm\20260825_095713_pd_nocomm_run03.json,gemma-2-9b-it,google/gemma-2-9b-it,pd,star,no_comm,no_comm,no_comm,neutral,16,5,3,0.140625,0.125,0.14583333333333334,-0.020833333333333343,115.0,2.2916666666666665,0.8888888888888888,,0.0,0.0
gemma-2-9b-it_star\baseline\no_comm\20260825_095713_pd_nocomm_run04.json,gemma-2-9b-it,google/gemma-2-9b-it,pd,star,no_comm,no_comm,no_comm,neutral,16,5,4,0.109375,0.125,0.10416666666666667,0.02083333333333333,108.0,2.3541666666666665,0.9333333333333333,,0.0,0.0
gemma-2-9b-it_star\baseline\no_comm\20260825_095713_pd_nocomm_run05.json,gemma-2-9b-it,google/gemma-2-9b-it,pd,star,no_comm,no_comm,no_comm,neutral,16,5,5,0.03125,0.0625,0.020833333333333332,0.04166666666666667,96.0,2.2083333333333335,0.9333333333333333,,0.0,0.0
gemma-2-9b-it_star\baseline\no_comm\20260825_095713_sh_nocomm_run01.json,gemma-2-9b-it,google/gemma-2-9b-it,sh,star,no_comm,no_comm,no_comm,neutral,16,5,1,1.0,1.0,1.0,0.0,288.0,6.0,1.0,,0.0,1.0
gemma-2-9b-it_star\baseline\no_comm\20260825_095713_sh_nocomm_run02.json,gemma-2-9b-it,google/gemma-2-9b-it,sh,star,no_comm,no_comm,no_comm,neutral,16,5,2,0.4375,0.375,0.4583333333333333,-0.08333333333333331,149.0,2.8541666666666665,0.5777777777777777,,0.0,0.0625
gemma-2-9b-it_star\baseline\no_comm\20260825_095713_sh_nocomm_run03.json,gemma-2-9b-it,google/gemma-2-9b-it,sh,star,no_comm,no_comm,no_comm,neutral,16,5,3,0.984375,1.0,0.9791666666666666,0.02083333333333337,283.0,5.958333333333333,1.0,,0.0,0.9375
gemma-2-9b-it_star\baseline\no_comm\20260825_095713_sh_nocomm_run04.json,gemma-2-9b-it,google/gemma-2-9b-it,sh,star,no_comm,no_comm,no_comm,neutral,16,5,4,0.9375,1.0,0.9166666666666666,0.08333333333333337,268.0,5.833333333333333,0.9333333333333333,,0.0,0.75
gemma-2-9b-it_star\baseline\no_comm\20260825_095713_sh_nocomm_run05.json,gemma-2-9b-it,google/gemma-2-9b-it,sh,star,no_comm,no_comm,no_comm,neutral,16,5,5,1.0,1.0,1.0,0.0,288.0,6.0,1.0,,0.0,1.0
gemma-2-9b-it_star\counterfactual\cheap_talk\20260607_200316_pd_cheaptalk_run01.json,gemma-2-9b-it,google/gemma-2-9b-it,pd,star,cheap_talk,counterfactual,counterfactual,neutral,16,5,1,0.859375,0.875,0.8541666666666666,0.02083333333333337,180.0,3.8541666666666665,0.7111111111111111,0.0625,0.0,0.6875
gemma-2-9b-it_star\counterfactual\cheap_talk\20260607_200316_pd_cheaptalk_run02.json,gemma-2-9b-it,google/gemma-2-9b-it,pd,star,cheap_talk,counterfactual,counterfactual,neutral,16,5,2,0.734375,0.9375,0.6666666666666666,0.27083333333333337,147.0,4.416666666666667,0.6888888888888889,0.0625,0.0,0.375
gemma-2-9b-it_star\counterfactual\cheap_talk\20260607_200316_pd_cheaptalk_run03.json,gemma-2-9b-it,google/gemma-2-9b-it,pd,star,cheap_talk,counterfactual,counterfactual,neutral,16,5,3,0.875,1.0,0.8333333333333334,0.16666666666666663,168.0,4.333333333333333,0.8222222222222222,0.0,0.0,0.625
gemma-2-9b-it_star\counterfactual\cheap_talk\20260607_200316_pd_cheaptalk_run04.json,gemma-2-9b-it,google/gemma-2-9b-it,pd,star,cheap_talk,counterfactual,counterfactual,neutral,16,5,4,0.84375,1.0,0.7916666666666666,0.20833333333333337,162.0,4.416666666666667,0.7777777777777778,0.0,0.0,0.5
gemma-2-9b-it_star\counterfactual\cheap_talk\20260607_200316_pd_cheaptalk_run05.json,gemma-2-9b-it,google/gemma-2-9b-it,pd,star,cheap_talk,counterfactual,counterfactual,neutral,16,5,5,0.59375,0.75,0.5416666666666666,0.20833333333333337,144.0,4.041666666666667,0.6444444444444445,0.25,0.0,0.1875
gemma-2-9b-it_star\counterfactual\cheap_talk\20260607_200316_sh_cheaptalk_run01.json,gemma-2-9b-it,google/gemma-2-9b-it,sh,star,cheap_talk,counterfactual,counterfactual,neutral,16,5,1,0.84375,1.0,0.7916666666666666,0.20833333333333337,238.0,5.583333333333333,0.8,,0.0,0.5625
gemma-2-9b-it_star\counterfactual\cheap_talk\20260607_200316_sh_cheaptalk_run02.json,gemma-2-9b-it,google/gemma-2-9b-it,sh,star,cheap_talk,counterfactual,counterfactual,neutral,16,5,2,0.4444444444444444,0.6666666666666666,0.375,0.29166666666666663,119.0,3.3541666666666665,0.35714285714285715,,0.015625,0.0625
gemma-2-9b-it_star\counterfactual\cheap_talk\20260607_200316_sh_cheaptalk_run03.json,gemma-2-9b-it,google/gemma-2-9b-it,sh,star,cheap_talk,counterfactual,counterfactual,neutral,16,5,3,0.90625,1.0,0.875,0.125,258.0,5.75,0.8666666666666667,,0.0,0.6875
gemma-2-9b-it_star\counterfactual\cheap_talk\20260607_200316_sh_cheaptalk_run04.json,gemma-2-9b-it,google/gemma-2-9b-it,sh,star,cheap_talk,counterfactual,counterfactual,neutral,16,5,4,0.578125,0.9375,0.4583333333333333,0.4791666666666667,161.0,4.791666666666667,0.35555555555555557,,0.0,0.125
gemma-2-9b-it_star\counterfactual\cheap_talk\20260607_200316_sh_cheaptalk_run05.json,gemma-2-9b-it,google/gemma-2-9b-it,sh,star,cheap_talk,counterfactual,counterfactual,neutral,16,5,5,0.859375,1.0,0.8125,0.1875,243.0,5.625,0.8,,0.0,0.625
gemma-2-9b-it_star\framing_business\cheap_talk\20260517_215952_pd_cheaptalk_run01.json,gemma-2-9b-it,google/gemma-2-9b-it,pd,star,cheap_talk,framing_business,framing_business,business,16,5,1,1.0,1.0,1.0,0.0,192.0,4.0,1.0,0.0,0.0,1.0
gemma-2-9b-it_star\framing_business\cheap_talk\20260517_215952_pd_cheaptalk_run02.json,gemma-2-9b-it,google/gemma-2-9b-it,pd,star,cheap_talk,framing_business,framing_business,business,16,5,2,1.0,1.0,1.0,0.0,192.0,4.0,1.0,0.0,0.0,1.0
gemma-2-9b-it_star\framing_business\cheap_talk\20260517_215952_pd_cheaptalk_run03.json,gemma-2-9b-it,google/gemma-2-9b-it,pd,star,cheap_talk,framing_business,framing_business,business,16,5,3,1.0,1.0,1.0,0.0,192.0,4.0,1.0,0.0,0.0,1.0
gemma-2-9b-it_star\framing_business\cheap_talk\20260517_215952_pd_cheaptalk_run04.json,gemma-2-9b-it,google/gemma-2-9b-it,pd,star,cheap_talk,framing_business,framing_business,business,16,5,4,1.0,1.0,1.0,0.0,192.0,4.0,1.0,0.0,0.0,1.0
gemma-2-9b-it_star\framing_business\cheap_talk\20260517_215952_pd_cheaptalk_run05.json,gemma-2-9b-it,google/gemma-2-9b-it,pd,star,cheap_talk,framing_business,framing_business,business,16,5,5,1.0,1.0,1.0,0.0,192.0,4.0,1.0,0.0,0.0,1.0
gemma-2-9b-it_star\framing_business\cheap_talk\20260517_215952_sh_cheaptalk_run01.json,gemma-2-9b-it,google/gemma-2-9b-it,sh,star,cheap_talk,framing_business,framing_business,business,16,5,1,0.953125,1.0,0.9375,0.0625,273.0,5.875,0.9777777777777777,,0.0,0.875
gemma-2-9b-it_star\framing_business\cheap_talk\20260517_215952_sh_cheaptalk_run02.json,gemma-2-9b-it,google/gemma-2-9b-it,sh,star,cheap_talk,framing_business,framing_business,business,16,5,2,1.0,1.0,1.0,0.0,288.0,6.0,1.0,,0.0,1.0
gemma-2-9b-it_star\framing_business\cheap_talk\20260517_215952_sh_cheaptalk_run03.json,gemma-2-9b-it,google/gemma-2-9b-it,sh,star,cheap_talk,framing_business,framing_business,business,16,5,3,1.0,1.0,1.0,0.0,288.0,6.0,1.0,,0.0,1.0
gemma-2-9b-it_star\framing_business\cheap_talk\20260517_215952_sh_cheaptalk_run04.json,gemma-2-9b-it,google/gemma-2-9b-it,sh,star,cheap_talk,framing_business,framing_business,business,16,5,4,0.8125,1.0,0.75,0.25,228.0,5.5,0.7555555555555555,,0.0,0.4375
gemma-2-9b-it_star\framing_business\cheap_talk\20260517_215952_sh_cheaptalk_run05.json,gemma-2-9b-it,google/gemma-2-9b-it,sh,star,cheap_talk,framing_business,framing_business,business,16,5,5,1.0,1.0,1.0,0.0,288.0,6.0,1.0,,0.0,1.0
gemma-2-9b-it_star\framing_business_context\cheap_talk\20260820_174129_pd_cheaptalk_run01.json,gemma-2-9b-it,google/gemma-2-9b-it,pd,star,cheap_talk,framing_business_context,framing_business_context[cheap_talk],neutral,16,5,1,1.0,1.0,1.0,0.0,192.0,4.0,1.0,0.0,0.0,1.0
gemma-2-9b-it_star\framing_business_context\cheap_talk\20260820_174129_pd_cheaptalk_run02.json,gemma-2-9b-it,google/gemma-2-9b-it,pd,star,cheap_talk,framing_business_context,framing_business_context[cheap_talk],neutral,16,5,2,1.0,1.0,1.0,0.0,192.0,4.0,1.0,0.0,0.0,1.0
gemma-2-9b-it_star\framing_business_context\cheap_talk\20260820_174129_pd_cheaptalk_run03.json,gemma-2-9b-it,google/gemma-2-9b-it,pd,star,cheap_talk,framing_business_context,framing_business_context[cheap_talk],neutral,16,5,3,1.0,1.0,1.0,0.0,192.0,4.0,1.0,0.0,0.0,1.0
gemma-2-9b-it_star\framing_business_context\cheap_talk\20260820_174129_pd_cheaptalk_run04.json,gemma-2-9b-it,google/gemma-2-9b-it,pd,star,cheap_talk,framing_business_context,framing_business_context[cheap_talk],neutral,16,5,4,1.0,1.0,1.0,0.0,192.0,4.0,1.0,0.0,0.0,1.0
gemma-2-9b-it_star\framing_business_context\cheap_talk\20260820_174129_pd_cheaptalk_run05.json,gemma-2-9b-it,google/gemma-2-9b-it,pd,star,cheap_talk,framing_business_context,framing_business_context[cheap_talk],neutral,16,5,5,1.0,1.0,1.0,0.0,192.0,4.0,1.0,0.0,0.0,1.0
gemma-2-9b-it_star\framing_business_context\cheap_talk\20260820_174129_sh_cheaptalk_run01.json,gemma-2-9b-it,google/gemma-2-9b-it,sh,star,cheap_talk,framing_business_context,framing_business_context[cheap_talk],neutral,16,5,1,0.984375,1.0,0.9791666666666666,0.02083333333333337,283.0,5.958333333333333,1.0,,0.0,0.9375
gemma-2-9b-it_star\framing_business_context\cheap_talk\20260820_174129_sh_cheaptalk_run02.json,gemma-2-9b-it,google/gemma-2-9b-it,sh,star,cheap_talk,framing_business_context,framing_business_context[cheap_talk],neutral,16,5,2,1.0,1.0,1.0,0.0,288.0,6.0,1.0,,0.0,1.0
gemma-2-9b-it_star\framing_business_context\cheap_talk\20260820_174129_sh_cheaptalk_run03.json,gemma-2-9b-it,google/gemma-2-9b-it,sh,star,cheap_talk,framing_business_context,framing_business_context[cheap_talk],neutral,16,5,3,1.0,1.0,1.0,0.0,288.0,6.0,1.0,,0.0,1.0
gemma-2-9b-it_star\framing_business_context\cheap_talk\20260820_174129_sh_cheaptalk_run04.json,gemma-2-9b-it,google/gemma-2-9b-it,sh,star,cheap_talk,framing_business_context,framing_business_context[cheap_talk],neutral,16,5,4,1.0,1.0,1.0,0.0,288.0,6.0,1.0,,0.0,1.0
gemma-2-9b-it_star\framing_business_context\cheap_talk\20260820_174129_sh_cheaptalk_run05.json,gemma-2-9b-it,google/gemma-2-9b-it,sh,star,cheap_talk,framing_business_context,framing_business_context[cheap_talk],neutral,16,5,5,1.0,1.0,1.0,0.0,288.0,6.0,1.0,,0.0,1.0
gemma-2-9b-it_star\framing_business_context\no_comm\20260820_174129_pd_nocomm_run01.json,gemma-2-9b-it,google/gemma-2-9b-it,pd,star,no_comm,framing_business_context,framing_business_context[no_comm],neutral,16,5,1,0.015625,0.0,0.020833333333333332,-0.020833333333333332,100.0,1.9791666666666667,1.0,,0.0,0.0
gemma-2-9b-it_star\framing_business_context\no_comm\20260820_174129_pd_nocomm_run02.json,gemma-2-9b-it,google/gemma-2-9b-it,pd,star,no_comm,framing_business_context,framing_business_context[no_comm],neutral,16,5,2,0.1875,0.1875,0.1875,0.0,120.0,2.5,0.7333333333333333,,0.0,0.0
gemma-2-9b-it_star\framing_business_context\no_comm\20260820_174129_pd_nocomm_run03.json,gemma-2-9b-it,google/gemma-2-9b-it,pd,star,no_comm,framing_business_context,framing_business_context[no_comm],neutral,16,5,3,0.03125,0.0,0.041666666666666664,-0.041666666666666664,104.0,1.9583333333333333,1.0,,0.0,0.0
gemma-2-9b-it_star\framing_business_context\no_comm\20260820_174129_pd_nocomm_run04.json,gemma-2-9b-it,google/gemma-2-9b-it,pd,star,no_comm,framing_business_context,framing_business_context[no_comm],neutral,16,5,4,0.031746031746031744,0.0,0.041666666666666664,-0.041666666666666664,98.0,1.8333333333333333,0.9761904761904762,,0.015625,0.0
gemma-2-9b-it_star\framing_business_context\no_comm\20260820_174129_pd_nocomm_run05.json,gemma-2-9b-it,google/gemma-2-9b-it,pd,star,no_comm,framing_business_context,framing_business_context[no_comm],neutral,16,5,5,0.21875,0.1875,0.22916666666666666,-0.04166666666666666,126.0,2.4166666666666665,0.8666666666666667,,0.0,0.0
gemma-2-9b-it_star\framing_business_context\no_comm\20260820_174129_sh_nocomm_run01.json,gemma-2-9b-it,google/gemma-2-9b-it,sh,star,no_comm,framing_business_context,framing_business_context[no_comm],neutral,16,5,1,1.0,1.0,1.0,0.0,288.0,6.0,1.0,,0.0,1.0
gemma-2-9b-it_star\framing_business_context\no_comm\20260820_174129_sh_nocomm_run02.json,gemma-2-9b-it,google/gemma-2-9b-it,sh,star,no_comm,framing_business_context,framing_business_context[no_comm],neutral,16,5,2,1.0,1.0,1.0,0.0,288.0,6.0,1.0,,0.0,1.0
gemma-2-9b-it_star\framing_business_context\no_comm\20260820_174129_sh_nocomm_run03.json,gemma-2-9b-it,google/gemma-2-9b-it,sh,star,no_comm,framing_business_context,framing_business_context[no_comm],neutral,16,5,3,1.0,1.0,1.0,0.0,288.0,6.0,1.0,,0.0,1.0
gemma-2-9b-it_star\framing_business_context\no_comm\20260820_174129_sh_nocomm_run04.json,gemma-2-9b-it,google/gemma-2-9b-it,sh,star,no_comm,framing_business_context,framing_business_context[no_comm],neutral,16,5,4,1.0,1.0,1.0,0.0,288.0,6.0,1.0,,0.0,1.0
gemma-2-9b-it_star\framing_business_context\no_comm\20260820_174129_sh_nocomm_run05.json,gemma-2-9b-it,google/gemma-2-9b-it,sh,star,no_comm,framing_business_context,framing_business_context[no_comm],neutral,16,5,5,1.0,1.0,1.0,0.0,288.0,6.0,1.0,,0.0,1.0
gemma-2-9b-it_star\framing_competitive\cheap_talk\20260608_085039_pd_cheaptalk_run01.json,gemma-2-9b-it,google/gemma-2-9b-it,pd,star,cheap_talk,framing_competitive,framing_competitive,competitive,16,5,1,0.0,0.0,0.0,0.0,96.0,2.0,1.0,0.375,0.0,0.0
gemma-2-9b-it_star\framing_competitive\cheap_talk\20260608_085039_pd_cheaptalk_run02.json,gemma-2-9b-it,google/gemma-2-9b-it,pd,star,cheap_talk,framing_competitive,framing_competitive,competitive,16,5,2,0.03125,0.0,0.041666666666666664,-0.041666666666666664,104.0,1.9583333333333333,1.0,0.3125,0.0,0.0
gemma-2-9b-it_star\framing_competitive\cheap_talk\20260608_085039_pd_cheaptalk_run03.json,gemma-2-9b-it,google/gemma-2-9b-it,pd,star,cheap_talk,framing_competitive,framing_competitive,competitive,16,5,3,0.03125,0.0625,0.020833333333333332,0.04166666666666667,97.0,2.2291666666666665,0.9333333333333333,0.1875,0.0,0.0
gemma-2-9b-it_star\framing_competitive\cheap_talk\20260608_085039_pd_cheaptalk_run04.json,gemma-2-9b-it,google/gemma-2-9b-it,pd,star,cheap_talk,framing_competitive,framing_competitive,competitive,16,5,4,0.015625,0.0,0.020833333333333332,-0.020833333333333332,100.0,1.9791666666666667,1.0,0.25,0.0,0.0
gemma-2-9b-it_star\framing_competitive\cheap_talk\20260608_085039_pd_cheaptalk_run05.json,gemma-2-9b-it,google/gemma-2-9b-it,pd,star,cheap_talk,framing_competitive,framing_competitive,competitive,16,5,5,0.015625,0.0,0.020833333333333332,-0.020833333333333332,100.0,1.9791666666666667,1.0,0.1875,0.0,0.0
gemma-2-9b-it_star\framing_competitive\cheap_talk\20260608_085039_sh_cheaptalk_run01.json,gemma-2-9b-it,google/gemma-2-9b-it,sh,star,cheap_talk,framing_competitive,framing_competitive,competitive,16,5,1,0.6875,0.4375,0.7708333333333334,-0.33333333333333337,200.0,3.1666666666666665,0.4,,0.0,0.25
gemma-2-9b-it_star\framing_competitive\cheap_talk\20260608_085039_sh_cheaptalk_run02.json,gemma-2-9b-it,google/gemma-2-9b-it,sh,star,cheap_talk,framing_competitive,framing_competitive,competitive,16,5,2,0.78125,1.0,0.7083333333333334,0.29166666666666663,218.0,5.416666666666667,0.7111111111111111,,0.0,0.375
gemma-2-9b-it_star\framing_competitive\cheap_talk\20260608_085039_sh_cheaptalk_run03.json,gemma-2-9b-it,google/gemma-2-9b-it,sh,star,cheap_talk,framing_competitive,framing_competitive,competitive,16,5,3,0.5625,0.625,0.5416666666666666,0.08333333333333337,181.0,4.020833333333333,0.6444444444444445,,0.0,0.125
gemma-2-9b-it_star\framing_competitive\cheap_talk\20260608_085039_sh_cheaptalk_run04.json,gemma-2-9b-it,google/gemma-2-9b-it,sh,star,cheap_talk,framing_competitive,framing_competitive,competitive,16,5,4,0.4603174603174603,0.4375,0.46808510638297873,-0.030585106382978733,150.0,3.0625,0.5227272727272727,,0.015625,0.125
gemma-2-9b-it_star\framing_competitive\cheap_talk\20260608_085039_sh_cheaptalk_run05.json,gemma-2-9b-it,google/gemma-2-9b-it,sh,star,cheap_talk,framing_competitive,framing_competitive,competitive,16,5,5,0.546875,0.5625,0.5416666666666666,0.02083333333333337,154.0,3.2708333333333335,0.3333333333333333,,0.0,0.0
gemma-2-9b-it_star\framing_competitive_context\cheap_talk\20260820_100449_pd_cheaptalk_run01.json,gemma-2-9b-it,google/gemma-2-9b-it,pd,star,cheap_talk,framing_competitive_context,framing_competitive_context[cheap_talk],neutral,16,5,1,1.0,1.0,1.0,0.0,192.0,4.0,1.0,0.0,0.0,1.0
gemma-2-9b-it_star\framing_competitive_context\cheap_talk\20260820_100449_pd_cheaptalk_run02.json,gemma-2-9b-it,google/gemma-2-9b-it,pd,star,cheap_talk,framing_competitive_context,framing_competitive_context[cheap_talk],neutral,16,5,2,1.0,1.0,1.0,0.0,192.0,4.0,1.0,0.0,0.0,1.0
gemma-2-9b-it_star\framing_competitive_context\cheap_talk\20260820_100449_pd_cheaptalk_run03.json,gemma-2-9b-it,google/gemma-2-9b-it,pd,star,cheap_talk,framing_competitive_context,framing_competitive_context[cheap_talk],neutral,16,5,3,1.0,1.0,1.0,0.0,192.0,4.0,1.0,0.0,0.0,1.0
gemma-2-9b-it_star\framing_competitive_context\cheap_talk\20260820_100449_pd_cheaptalk_run04.json,gemma-2-9b-it,google/gemma-2-9b-it,pd,star,cheap_talk,framing_competitive_context,framing_competitive_context[cheap_talk],neutral,16,5,4,1.0,1.0,1.0,0.0,192.0,4.0,1.0,0.0,0.0,1.0
gemma-2-9b-it_star\framing_competitive_context\cheap_talk\20260820_100449_pd_cheaptalk_run05.json,gemma-2-9b-it,google/gemma-2-9b-it,pd,star,cheap_talk,framing_competitive_context,framing_competitive_context[cheap_talk],neutral,16,5,5,1.0,1.0,1.0,0.0,192.0,4.0,1.0,0.0,0.0,1.0
gemma-2-9b-it_star\framing_competitive_context\cheap_talk\20260820_100449_sh_cheaptalk_run01.json,gemma-2-9b-it,google/gemma-2-9b-it,sh,star,cheap_talk,framing_competitive_context,framing_competitive_context[cheap_talk],neutral,16,5,1,0.984375,1.0,0.9791666666666666,0.02083333333333337,283.0,5.958333333333333,1.0,,0.0,0.9375
gemma-2-9b-it_star\framing_competitive_context\cheap_talk\20260820_100449_sh_cheaptalk_run02.json,gemma-2-9b-it,google/gemma-2-9b-it,sh,star,cheap_talk,framing_competitive_context,framing_competitive_context[cheap_talk],neutral,16,5,2,0.96875,1.0,0.9583333333333334,0.04166666666666663,278.0,5.916666666666667,0.9555555555555556,,0.0,0.875
gemma-2-9b-it_star\framing_competitive_context\cheap_talk\20260820_100449_sh_cheaptalk_run03.json,gemma-2-9b-it,google/gemma-2-9b-it,sh,star,cheap_talk,framing_competitive_context,framing_competitive_context[cheap_talk],neutral,16,5,3,0.96875,1.0,0.9583333333333334,0.04166666666666663,278.0,5.916666666666667,0.9777777777777777,,0.0,0.875
gemma-2-9b-it_star\framing_competitive_context\cheap_talk\20260820_100449_sh_cheaptalk_run04.json,gemma-2-9b-it,google/gemma-2-9b-it,sh,star,cheap_talk,framing_competitive_context,framing_competitive_context[cheap_talk],neutral,16,5,4,1.0,1.0,1.0,0.0,288.0,6.0,1.0,,0.0,1.0
gemma-2-9b-it_star\framing_competitive_context\cheap_talk\20260820_100449_sh_cheaptalk_run05.json,gemma-2-9b-it,google/gemma-2-9b-it,sh,star,cheap_talk,framing_competitive_context,framing_competitive_context[cheap_talk],neutral,16,5,5,1.0,1.0,1.0,0.0,288.0,6.0,1.0,,0.0,1.0
gemma-2-9b-it_star\framing_competitive_context\no_comm\20260820_100449_pd_nocomm_run01.json,gemma-2-9b-it,google/gemma-2-9b-it,pd,star,no_comm,framing_competitive_context,framing_competitive_context[no_comm],neutral,16,5,1,0.046875,0.0625,0.041666666666666664,0.020833333333333336,101.0,2.2083333333333335,0.9111111111111111,,0.0,0.0
gemma-2-9b-it_star\framing_competitive_context\no_comm\20260820_100449_pd_nocomm_run02.json,gemma-2-9b-it,google/gemma-2-9b-it,pd,star,no_comm,framing_competitive_context,framing_competitive_context[no_comm],neutral,16,5,2,0.03125,0.0,0.041666666666666664,-0.041666666666666664,104.0,1.9583333333333333,1.0,,0.0,0.0
gemma-2-9b-it_star\framing_competitive_context\no_comm\20260820_100449_pd_nocomm_run03.json,gemma-2-9b-it,google/gemma-2-9b-it,pd,star,no_comm,framing_competitive_context,framing_competitive_context[no_comm],neutral,16,5,3,0.0,0.0,0.0,0.0,96.0,2.0,1.0,,0.0,0.0
gemma-2-9b-it_star\framing_competitive_context\no_comm\20260820_100449_pd_nocomm_run04.json,gemma-2-9b-it,google/gemma-2-9b-it,pd,star,no_comm,framing_competitive_context,framing_competitive_context[no_comm],neutral,16,5,4,0.015625,0.0,0.020833333333333332,-0.020833333333333332,100.0,1.9791666666666667,1.0,,0.0,0.0
gemma-2-9b-it_star\framing_competitive_context\no_comm\20260820_100449_pd_nocomm_run05.json,gemma-2-9b-it,google/gemma-2-9b-it,pd,star,no_comm,framing_competitive_context,framing_competitive_context[no_comm],neutral,16,5,5,0.046875,0.0,0.0625,-0.0625,108.0,1.9375,1.0,,0.0,0.0
gemma-2-9b-it_star\framing_competitive_context\no_comm\20260820_100449_sh_nocomm_run01.json,gemma-2-9b-it,google/gemma-2-9b-it,sh,star,no_comm,framing_competitive_context,framing_competitive_context[no_comm],neutral,16,5,1,0.3125,0.25,0.3333333333333333,-0.08333333333333331,131.0,2.4791666666666665,0.6444444444444445,,0.0,0.0
gemma-2-9b-it_star\framing_competitive_context\no_comm\20260820_100449_sh_nocomm_run02.json,gemma-2-9b-it,google/gemma-2-9b-it,sh,star,no_comm,framing_competitive_context,framing_competitive_context[no_comm],neutral,16,5,2,0.96875,1.0,0.9583333333333334,0.04166666666666663,278.0,5.916666666666667,0.9777777777777777,,0.0,0.875
gemma-2-9b-it_star\framing_competitive_context\no_comm\20260820_100449_sh_nocomm_run03.json,gemma-2-9b-it,google/gemma-2-9b-it,sh,star,no_comm,framing_competitive_context,framing_competitive_context[no_comm],neutral,16,5,3,0.421875,0.4375,0.4166666666666667,0.020833333333333315,136.0,2.8958333333333335,0.6444444444444445,,0.0,0.0
gemma-2-9b-it_star\framing_competitive_context\no_comm\20260820_100449_sh_nocomm_run04.json,gemma-2-9b-it,google/gemma-2-9b-it,sh,star,no_comm,framing_competitive_context,framing_competitive_context[no_comm],neutral,16,5,4,0.96875,1.0,0.9583333333333334,0.04166666666666663,278.0,5.916666666666667,0.9555555555555556,,0.0,0.875
gemma-2-9b-it_star\framing_competitive_context\no_comm\20260820_100449_sh_nocomm_run05.json,gemma-2-9b-it,google/gemma-2-9b-it,sh,star,no_comm,framing_competitive_context,framing_competitive_context[no_comm],neutral,16,5,5,0.296875,0.25,0.3125,-0.0625,123.0,2.375,0.7777777777777778,,0.0,0.0625
gemma-2-9b-it_star\framing_team\cheap_talk\20260517_215952_pd_cheaptalk_run01.json,gemma-2-9b-it,google/gemma-2-9b-it,pd,star,cheap_talk,framing_team,framing_team,team,16,5,1,1.0,1.0,1.0,0.0,192.0,4.0,1.0,0.0,0.0,1.0
gemma-2-9b-it_star\framing_team\cheap_talk\20260517_215952_pd_cheaptalk_run02.json,gemma-2-9b-it,google/gemma-2-9b-it,pd,star,cheap_talk,framing_team,framing_team,team,16,5,2,1.0,1.0,1.0,0.0,192.0,4.0,1.0,0.0,0.0,1.0
gemma-2-9b-it_star\framing_team\cheap_talk\20260517_215952_pd_cheaptalk_run03.json,gemma-2-9b-it,google/gemma-2-9b-it,pd,star,cheap_talk,framing_team,framing_team,team,16,5,3,1.0,1.0,1.0,0.0,192.0,4.0,1.0,0.0,0.0,1.0
gemma-2-9b-it_star\framing_team\cheap_talk\20260517_215952_pd_cheaptalk_run04.json,gemma-2-9b-it,google/gemma-2-9b-it,pd,star,cheap_talk,framing_team,framing_team,team,16,5,4,1.0,1.0,1.0,0.0,192.0,4.0,1.0,0.0,0.0,1.0
gemma-2-9b-it_star\framing_team\cheap_talk\20260517_215952_pd_cheaptalk_run05.json,gemma-2-9b-it,google/gemma-2-9b-it,pd,star,cheap_talk,framing_team,framing_team,team,16,5,5,1.0,1.0,1.0,0.0,192.0,4.0,1.0,0.0,0.0,1.0
gemma-2-9b-it_star\framing_team\cheap_talk\20260517_215952_sh_cheaptalk_run01.json,gemma-2-9b-it,google/gemma-2-9b-it,sh,star,cheap_talk,framing_team,framing_team,team,16,5,1,1.0,1.0,1.0,0.0,288.0,6.0,1.0,,0.0,1.0
gemma-2-9b-it_star\framing_team\cheap_talk\20260517_215952_sh_cheaptalk_run02.json,gemma-2-9b-it,google/gemma-2-9b-it,sh,star,cheap_talk,framing_team,framing_team,team,16,5,2,1.0,1.0,1.0,0.0,288.0,6.0,1.0,,0.0,1.0
gemma-2-9b-it_star\framing_team\cheap_talk\20260517_215952_sh_cheaptalk_run03.json,gemma-2-9b-it,google/gemma-2-9b-it,sh,star,cheap_talk,framing_team,framing_team,team,16,5,3,0.046875,0.0625,0.041666666666666664,0.020833333333333336,97.0,2.0833333333333335,0.9333333333333333,,0.0,0.0
gemma-2-9b-it_star\framing_team\cheap_talk\20260517_215952_sh_cheaptalk_run04.json,gemma-2-9b-it,google/gemma-2-9b-it,sh,star,cheap_talk,framing_team,framing_team,team,16,5,4,1.0,1.0,1.0,0.0,288.0,6.0,1.0,,0.0,1.0
gemma-2-9b-it_star\framing_team\cheap_talk\20260517_215952_sh_cheaptalk_run05.json,gemma-2-9b-it,google/gemma-2-9b-it,sh,star,cheap_talk,framing_team,framing_team,team,16,5,5,1.0,1.0,1.0,0.0,288.0,6.0,1.0,,0.0,1.0
gemma-2-9b-it_star\framing_team_context\cheap_talk\20260820_174129_pd_cheaptalk_run01.json,gemma-2-9b-it,google/gemma-2-9b-it,pd,star,cheap_talk,framing_team_context,framing_team_context[cheap_talk],neutral,16,5,1,1.0,1.0,1.0,0.0,192.0,4.0,1.0,0.0,0.0,1.0
gemma-2-9b-it_star\framing_team_context\cheap_talk\20260820_174129_pd_cheaptalk_run02.json,gemma-2-9b-it,google/gemma-2-9b-it,pd,star,cheap_talk,framing_team_context,framing_team_context[cheap_talk],neutral,16,5,2,1.0,1.0,1.0,0.0,192.0,4.0,1.0,0.0,0.0,1.0
gemma-2-9b-it_star\framing_team_context\cheap_talk\20260820_174129_pd_cheaptalk_run03.json,gemma-2-9b-it,google/gemma-2-9b-it,pd,star,cheap_talk,framing_team_context,framing_team_context[cheap_talk],neutral,16,5,3,1.0,1.0,1.0,0.0,192.0,4.0,1.0,0.0,0.0,1.0
gemma-2-9b-it_star\framing_team_context\cheap_talk\20260820_174129_pd_cheaptalk_run04.json,gemma-2-9b-it,google/gemma-2-9b-it,pd,star,cheap_talk,framing_team_context,framing_team_context[cheap_talk],neutral,16,5,4,1.0,1.0,1.0,0.0,192.0,4.0,1.0,0.0,0.0,1.0
gemma-2-9b-it_star\framing_team_context\cheap_talk\20260820_174129_pd_cheaptalk_run05.json,gemma-2-9b-it,google/gemma-2-9b-it,pd,star,cheap_talk,framing_team_context,framing_team_context[cheap_talk],neutral,16,5,5,1.0,1.0,1.0,0.0,192.0,4.0,1.0,0.0,0.0,1.0
gemma-2-9b-it_star\framing_team_context\cheap_talk\20260820_174129_sh_cheaptalk_run01.json,gemma-2-9b-it,google/gemma-2-9b-it,sh,star,cheap_talk,framing_team_context,framing_team_context[cheap_talk],neutral,16,5,1,1.0,1.0,1.0,0.0,288.0,6.0,1.0,,0.0,1.0
gemma-2-9b-it_star\framing_team_context\cheap_talk\20260820_174129_sh_cheaptalk_run02.json,gemma-2-9b-it,google/gemma-2-9b-it,sh,star,cheap_talk,framing_team_context,framing_team_context[cheap_talk],neutral,16,5,2,1.0,1.0,1.0,0.0,288.0,6.0,1.0,,0.0,1.0
gemma-2-9b-it_star\framing_team_context\cheap_talk\20260820_174129_sh_cheaptalk_run03.json,gemma-2-9b-it,google/gemma-2-9b-it,sh,star,cheap_talk,framing_team_context,framing_team_context[cheap_talk],neutral,16,5,3,1.0,1.0,1.0,0.0,288.0,6.0,1.0,,0.0,1.0
gemma-2-9b-it_star\framing_team_context\cheap_talk\20260820_174129_sh_cheaptalk_run04.json,gemma-2-9b-it,google/gemma-2-9b-it,sh,star,cheap_talk,framing_team_context,framing_team_context[cheap_talk],neutral,16,5,4,1.0,1.0,1.0,0.0,288.0,6.0,1.0,,0.0,1.0
gemma-2-9b-it_star\framing_team_context\cheap_talk\20260820_174129_sh_cheaptalk_run05.json,gemma-2-9b-it,google/gemma-2-9b-it,sh,star,cheap_talk,framing_team_context,framing_team_context[cheap_talk],neutral,16,5,5,1.0,1.0,1.0,0.0,288.0,6.0,1.0,,0.0,1.0
gemma-2-9b-it_star\framing_team_context\no_comm\20260820_174129_pd_nocomm_run01.json,gemma-2-9b-it,google/gemma-2-9b-it,pd,star,no_comm,framing_team_context,framing_team_context[no_comm],neutral,16,5,1,1.0,1.0,1.0,0.0,192.0,4.0,1.0,,0.0,1.0
gemma-2-9b-it_star\framing_team_context\no_comm\20260820_174129_pd_nocomm_run02.json,gemma-2-9b-it,google/gemma-2-9b-it,pd,star,no_comm,framing_team_context,framing_team_context[no_comm],neutral,16,5,2,1.0,1.0,1.0,0.0,192.0,4.0,1.0,,0.0,1.0
gemma-2-9b-it_star\framing_team_context\no_comm\20260820_174129_pd_nocomm_run03.json,gemma-2-9b-it,google/gemma-2-9b-it,pd,star,no_comm,framing_team_context,framing_team_context[no_comm],neutral,16,5,3,1.0,1.0,1.0,0.0,192.0,4.0,1.0,,0.0,1.0
gemma-2-9b-it_star\framing_team_context\no_comm\20260820_174129_pd_nocomm_run04.json,gemma-2-9b-it,google/gemma-2-9b-it,pd,star,no_comm,framing_team_context,framing_team_context[no_comm],neutral,16,5,4,1.0,1.0,1.0,0.0,192.0,4.0,1.0,,0.0,1.0
gemma-2-9b-it_star\framing_team_context\no_comm\20260820_174129_pd_nocomm_run05.json,gemma-2-9b-it,google/gemma-2-9b-it,pd,star,no_comm,framing_team_context,framing_team_context[no_comm],neutral,16,5,5,1.0,1.0,1.0,0.0,192.0,4.0,1.0,,0.0,1.0
gemma-2-9b-it_star\framing_team_context\no_comm\20260820_174129_sh_nocomm_run01.json,gemma-2-9b-it,google/gemma-2-9b-it,sh,star,no_comm,framing_team_context,framing_team_context[no_comm],neutral,16,5,1,1.0,1.0,1.0,0.0,288.0,6.0,1.0,,0.0,1.0
gemma-2-9b-it_star\framing_team_context\no_comm\20260820_174129_sh_nocomm_run02.json,gemma-2-9b-it,google/gemma-2-9b-it,sh,star,no_comm,framing_team_context,framing_team_context[no_comm],neutral,16,5,2,1.0,1.0,1.0,0.0,288.0,6.0,1.0,,0.0,1.0
gemma-2-9b-it_star\framing_team_context\no_comm\20260820_174129_sh_nocomm_run03.json,gemma-2-9b-it,google/gemma-2-9b-it,sh,star,no_comm,framing_team_context,framing_team_context[no_comm],neutral,16,5,3,1.0,1.0,1.0,0.0,288.0,6.0,1.0,,0.0,1.0
gemma-2-9b-it_star\framing_team_context\no_comm\20260820_174129_sh_nocomm_run04.json,gemma-2-9b-it,google/gemma-2-9b-it,sh,star,no_comm,framing_team_context,framing_team_context[no_comm],neutral,16,5,4,0.953125,0.9375,0.9583333333333334,-0.02083333333333337,272.0,5.604166666666667,0.9333333333333333,,0.0,0.8125
gemma-2-9b-it_star\framing_team_context\no_comm\20260820_174129_sh_nocomm_run05.json,gemma-2-9b-it,google/gemma-2-9b-it,sh,star,no_comm,framing_team_context,framing_team_context[no_comm],neutral,16,5,5,1.0,1.0,1.0,0.0,288.0,6.0,1.0,,0.0,1.0
gemma-2-9b-it_star\no_sense\cheap_talk\20260607_200316_pd_cheaptalk_run01.json,gemma-2-9b-it,google/gemma-2-9b-it,pd,star,cheap_talk,no_sense,no_sense,neutral,16,5,1,0.0625,0.0625,0.0625,0.0,104.0,2.1666666666666665,0.9777777777777777,0.0,0.0,0.0
gemma-2-9b-it_star\no_sense\cheap_talk\20260607_200316_pd_cheaptalk_run02.json,gemma-2-9b-it,google/gemma-2-9b-it,pd,star,cheap_talk,no_sense,no_sense,neutral,16,5,2,0.0625,0.125,0.041666666666666664,0.08333333333333334,96.0,2.4166666666666665,0.9333333333333333,0.0,0.0,0.0
gemma-2-9b-it_star\no_sense\cheap_talk\20260607_200316_pd_cheaptalk_run03.json,gemma-2-9b-it,google/gemma-2-9b-it,pd,star,cheap_talk,no_sense,no_sense,neutral,16,5,3,0.0625,0.0,0.08333333333333333,-0.08333333333333333,112.0,1.9166666666666667,0.9333333333333333,0.0,0.0,0.0
gemma-2-9b-it_star\no_sense\cheap_talk\20260607_200316_pd_cheaptalk_run04.json,gemma-2-9b-it,google/gemma-2-9b-it,pd,star,cheap_talk,no_sense,no_sense,neutral,16,5,4,0.171875,0.375,0.10416666666666667,0.2708333333333333,93.0,3.2916666666666665,0.6888888888888889,0.0,0.0,0.0
gemma-2-9b-it_star\no_sense\cheap_talk\20260607_200316_pd_cheaptalk_run05.json,gemma-2-9b-it,google/gemma-2-9b-it,pd,star,cheap_talk,no_sense,no_sense,neutral,16,5,5,0.09375,0.125,0.08333333333333333,0.04166666666666667,103.0,2.3541666666666665,0.9111111111111111,0.0,0.0,0.0
gemma-2-9b-it_star\no_sense\cheap_talk\20260607_200316_sh_cheaptalk_run01.json,gemma-2-9b-it,google/gemma-2-9b-it,sh,star,cheap_talk,no_sense,no_sense,neutral,16,5,1,0.765625,1.0,0.6875,0.3125,213.0,5.375,0.6666666666666666,,0.0,0.0625
gemma-2-9b-it_star\no_sense\cheap_talk\20260607_200316_sh_cheaptalk_run02.json,gemma-2-9b-it,google/gemma-2-9b-it,sh,star,cheap_talk,no_sense,no_sense,neutral,16,5,2,0.828125,1.0,0.7708333333333334,0.22916666666666663,233.0,5.541666666666667,0.7555555555555555,,0.0,0.3125
gemma-2-9b-it_star\no_sense\cheap_talk\20260607_200316_sh_cheaptalk_run03.json,gemma-2-9b-it,google/gemma-2-9b-it,sh,star,cheap_talk,no_sense,no_sense,neutral,16,5,3,0.25,0.375,0.20833333333333334,0.16666666666666666,110.0,2.7916666666666665,0.6444444444444445,,0.0,0.0625
gemma-2-9b-it_star\no_sense\cheap_talk\20260607_200316_sh_cheaptalk_run04.json,gemma-2-9b-it,google/gemma-2-9b-it,sh,star,cheap_talk,no_sense,no_sense,neutral,16,5,4,0.984375,0.9375,1.0,-0.0625,282.0,5.6875,0.9333333333333333,,0.0,0.9375
gemma-2-9b-it_star\no_sense\cheap_talk\20260607_200316_sh_cheaptalk_run05.json,gemma-2-9b-it,google/gemma-2-9b-it,sh,star,cheap_talk,no_sense,no_sense,neutral,16,5,5,0.78125,1.0,0.7083333333333334,0.29166666666666663,218.0,5.416666666666667,0.6888888888888889,,0.0,0.125
gemma-2-9b-it_star\silence\cheap_talk\20260607_200316_pd_cheaptalk_run01.json,gemma-2-9b-it,google/gemma-2-9b-it,pd,star,cheap_talk,silence,silence,neutral,16,5,1,0.1875,0.1875,0.1875,0.0,116.0,2.4166666666666665,0.9333333333333333,,0.0,0.0625
gemma-2-9b-it_star\silence\cheap_talk\20260607_200316_pd_cheaptalk_run02.json,gemma-2-9b-it,google/gemma-2-9b-it,pd,star,cheap_talk,silence,silence,neutral,16,5,2,1.0,1.0,1.0,0.0,192.0,4.0,1.0,,0.0,1.0
gemma-2-9b-it_star\silence\cheap_talk\20260607_200316_pd_cheaptalk_run03.json,gemma-2-9b-it,google/gemma-2-9b-it,pd,star,cheap_talk,silence,silence,neutral,16,5,3,0.078125,0.0625,0.08333333333333333,-0.02083333333333333,106.0,2.1041666666666665,0.9555555555555556,,0.0,0.0625
gemma-2-9b-it_star\silence\cheap_talk\20260607_200316_pd_cheaptalk_run04.json,gemma-2-9b-it,google/gemma-2-9b-it,pd,star,cheap_talk,silence,silence,neutral,16,5,4,0.09375,0.0625,0.10416666666666667,-0.04166666666666667,110.0,2.0833333333333335,0.9777777777777777,,0.0,0.0625
gemma-2-9b-it_star\silence\cheap_talk\20260607_200316_pd_cheaptalk_run05.json,gemma-2-9b-it,google/gemma-2-9b-it,pd,star,cheap_talk,silence,silence,neutral,16,5,5,0.15873015873015872,0.1875,0.14893617021276595,0.03856382978723405,109.0,2.4791666666666665,0.8863636363636364,,0.015625,0.0625
gemma-2-9b-it_star\silence\cheap_talk\20260607_200316_sh_cheaptalk_run01.json,gemma-2-9b-it,google/gemma-2-9b-it,sh,star,cheap_talk,silence,silence,neutral,16,5,1,1.0,1.0,1.0,0.0,288.0,6.0,1.0,,0.0,1.0
gemma-2-9b-it_star\silence\cheap_talk\20260607_200316_sh_cheaptalk_run02.json,gemma-2-9b-it,google/gemma-2-9b-it,sh,star,cheap_talk,silence,silence,neutral,16,5,2,1.0,1.0,1.0,0.0,288.0,6.0,1.0,,0.0,1.0
gemma-2-9b-it_star\silence\cheap_talk\20260607_200316_sh_cheaptalk_run03.json,gemma-2-9b-it,google/gemma-2-9b-it,sh,star,cheap_talk,silence,silence,neutral,16,5,3,1.0,1.0,1.0,0.0,288.0,6.0,1.0,,0.0,1.0
gemma-2-9b-it_star\silence\cheap_talk\20260607_200316_sh_cheaptalk_run04.json,gemma-2-9b-it,google/gemma-2-9b-it,sh,star,cheap_talk,silence,silence,neutral,16,5,4,0.984375,1.0,0.9791666666666666,0.02083333333333337,283.0,5.958333333333333,0.9777777777777777,,0.0,0.9375
gemma-2-9b-it_star\silence\cheap_talk\20260607_200316_sh_cheaptalk_run05.json,gemma-2-9b-it,google/gemma-2-9b-it,sh,star,cheap_talk,silence,silence,neutral,16,5,5,0.984375,1.0,0.9791666666666666,0.02083333333333337,283.0,5.958333333333333,0.9777777777777777,,0.0,0.9375
gemma-2-9b-it_cycle\baseline\cheap_talk\20260825_095754_pd_cheaptalk_run01.json,gemma-2-9b-it,google/gemma-2-9b-it,pd,cycle,cheap_talk,baseline_cheap_talk,baseline_cheap_talk,neutral,16,5,1,1.0,,,,,,,,0.0,1.0
gemma-2-9b-it_cycle\baseline\cheap_talk\20260825_095754_pd_cheaptalk_run02.json,gemma-2-9b-it,google/gemma-2-9b-it,pd,cycle,cheap_talk,baseline_cheap_talk,baseline_cheap_talk,neutral,16,5,2,1.0,,,,,,,,0.0,1.0
gemma-2-9b-it_cycle\baseline\cheap_talk\20260825_095754_pd_cheaptalk_run03.json,gemma-2-9b-it,google/gemma-2-9b-it,pd,cycle,cheap_talk,baseline_cheap_talk,baseline_cheap_talk,neutral,16,5,3,1.0,,,,,,,,0.0,1.0
gemma-2-9b-it_cycle\baseline\cheap_talk\20260825_095754_pd_cheaptalk_run04.json,gemma-2-9b-it,google/gemma-2-9b-it,pd,cycle,cheap_talk,baseline_cheap_talk,baseline_cheap_talk,neutral,16,5,4,1.0,,,,,,,,0.0,1.0
gemma-2-9b-it_cycle\baseline\cheap_talk\20260825_095754_pd_cheaptalk_run05.json,gemma-2-9b-it,google/gemma-2-9b-it,pd,cycle,cheap_talk,baseline_cheap_talk,baseline_cheap_talk,neutral,16,5,5,1.0,,,,,,,,0.0,1.0
gemma-2-9b-it_cycle\baseline\cheap_talk\20260825_095754_sh_cheaptalk_run01.json,gemma-2-9b-it,google/gemma-2-9b-it,sh,cycle,cheap_talk,baseline_cheap_talk,baseline_cheap_talk,neutral,16,5,1,1.0,,,,,,,,0.0,1.0
gemma-2-9b-it_cycle\baseline\cheap_talk\20260825_095754_sh_cheaptalk_run02.json,gemma-2-9b-it,google/gemma-2-9b-it,sh,cycle,cheap_talk,baseline_cheap_talk,baseline_cheap_talk,neutral,16,5,2,1.0,,,,,,,,0.0,1.0
gemma-2-9b-it_cycle\baseline\cheap_talk\20260825_095754_sh_cheaptalk_run03.json,gemma-2-9b-it,google/gemma-2-9b-it,sh,cycle,cheap_talk,baseline_cheap_talk,baseline_cheap_talk,neutral,16,5,3,1.0,,,,,,,,0.0,1.0
gemma-2-9b-it_cycle\baseline\cheap_talk\20260825_095754_sh_cheaptalk_run04.json,gemma-2-9b-it,google/gemma-2-9b-it,sh,cycle,cheap_talk,baseline_cheap_talk,baseline_cheap_talk,neutral,16,5,4,1.0,,,,,,,,0.0,1.0
gemma-2-9b-it_cycle\baseline\cheap_talk\20260825_095754_sh_cheaptalk_run05.json,gemma-2-9b-it,google/gemma-2-9b-it,sh,cycle,cheap_talk,baseline_cheap_talk,baseline_cheap_talk,neutral,16,5,5,0.71875,,,,,,,,0.0,0.125
gemma-2-9b-it_cycle\baseline\no_comm\20260825_095754_pd_nocomm_run01.json,gemma-2-9b-it,google/gemma-2-9b-it,pd,cycle,no_comm,no_comm,no_comm,neutral,16,5,1,0.09523809523809523,,,,,,,,0.015625,0.0
gemma-2-9b-it_cycle\baseline\no_comm\20260825_095754_pd_nocomm_run02.json,gemma-2-9b-it,google/gemma-2-9b-it,pd,cycle,no_comm,no_comm,no_comm,neutral,16,5,2,1.0,,,,,,,,0.015625,0.9375
gemma-2-9b-it_cycle\baseline\no_comm\20260825_095754_pd_nocomm_run03.json,gemma-2-9b-it,google/gemma-2-9b-it,pd,cycle,no_comm,no_comm,no_comm,neutral,16,5,3,0.09375,,,,,,,,0.0,0.0
gemma-2-9b-it_cycle\baseline\no_comm\20260825_095754_pd_nocomm_run04.json,gemma-2-9b-it,google/gemma-2-9b-it,pd,cycle,no_comm,no_comm,no_comm,neutral,16,5,4,0.125,,,,,,,,0.0,0.0
gemma-2-9b-it_cycle\baseline\no_comm\20260825_095754_pd_nocomm_run05.json,gemma-2-9b-it,google/gemma-2-9b-it,pd,cycle,no_comm,no_comm,no_comm,neutral,16,5,5,0.078125,,,,,,,,0.0,0.0
gemma-2-9b-it_cycle\baseline\no_comm\20260825_095754_sh_nocomm_run01.json,gemma-2-9b-it,google/gemma-2-9b-it,sh,cycle,no_comm,no_comm,no_comm,neutral,16,5,1,0.984375,,,,,,,,0.0,0.9375
gemma-2-9b-it_cycle\baseline\no_comm\20260825_095754_sh_nocomm_run02.json,gemma-2-9b-it,google/gemma-2-9b-it,sh,cycle,no_comm,no_comm,no_comm,neutral,16,5,2,1.0,,,,,,,,0.0,1.0
gemma-2-9b-it_cycle\baseline\no_comm\20260825_095754_sh_nocomm_run03.json,gemma-2-9b-it,google/gemma-2-9b-it,sh,cycle,no_comm,no_comm,no_comm,neutral,16,5,3,1.0,,,,,,,,0.0,1.0
gemma-2-9b-it_cycle\baseline\no_comm\20260825_095754_sh_nocomm_run04.json,gemma-2-9b-it,google/gemma-2-9b-it,sh,cycle,no_comm,no_comm,no_comm,neutral,16,5,4,1.0,,,,,,,,0.0,1.0
gemma-2-9b-it_cycle\baseline\no_comm\20260825_095754_sh_nocomm_run05.json,gemma-2-9b-it,google/gemma-2-9b-it,sh,cycle,no_comm,no_comm,no_comm,neutral,16,5,5,1.0,,,,,,,,0.0,1.0
gemma-2-9b-it_cycle\counterfactual\cheap_talk\20260825_220817_pd_cheaptalk_run01.json,gemma-2-9b-it,google/gemma-2-9b-it,pd,cycle,cheap_talk,counterfactual,counterfactual,neutral,16,5,1,1.0,,,,,,,,0.0,1.0
gemma-2-9b-it_cycle\counterfactual\cheap_talk\20260825_220817_pd_cheaptalk_run02.json,gemma-2-9b-it,google/gemma-2-9b-it,pd,cycle,cheap_talk,counterfactual,counterfactual,neutral,16,5,2,0.96875,,,,,,,,0.0,0.875
gemma-2-9b-it_cycle\counterfactual\cheap_talk\20260825_220817_pd_cheaptalk_run03.json,gemma-2-9b-it,google/gemma-2-9b-it,pd,cycle,cheap_talk,counterfactual,counterfactual,neutral,16,5,3,1.0,,,,,,,,0.0,1.0
gemma-2-9b-it_cycle\counterfactual\cheap_talk\20260825_220817_pd_cheaptalk_run04.json,gemma-2-9b-it,google/gemma-2-9b-it,pd,cycle,cheap_talk,counterfactual,counterfactual,neutral,16,5,4,0.984375,,,,,,,,0.0,0.9375
gemma-2-9b-it_cycle\counterfactual\cheap_talk\20260825_220817_pd_cheaptalk_run05.json,gemma-2-9b-it,google/gemma-2-9b-it,pd,cycle,cheap_talk,counterfactual,counterfactual,neutral,16,5,5,0.96875,,,,,,,,0.0,0.875
gemma-2-9b-it_cycle\counterfactual\cheap_talk\20260825_220817_sh_cheaptalk_run01.json,gemma-2-9b-it,google/gemma-2-9b-it,sh,cycle,cheap_talk,counterfactual,counterfactual,neutral,16,5,1,0.796875,,,,,,,,0.0,0.3125
gemma-2-9b-it_cycle\counterfactual\cheap_talk\20260825_220817_sh_cheaptalk_run02.json,gemma-2-9b-it,google/gemma-2-9b-it,sh,cycle,cheap_talk,counterfactual,counterfactual,neutral,16,5,2,0.8125,,,,,,,,0.0,0.4375
gemma-2-9b-it_cycle\counterfactual\cheap_talk\20260825_220817_sh_cheaptalk_run03.json,gemma-2-9b-it,google/gemma-2-9b-it,sh,cycle,cheap_talk,counterfactual,counterfactual,neutral,16,5,3,0.546875,,,,,,,,0.0,0.125
gemma-2-9b-it_cycle\counterfactual\cheap_talk\20260825_220817_sh_cheaptalk_run04.json,gemma-2-9b-it,google/gemma-2-9b-it,sh,cycle,cheap_talk,counterfactual,counterfactual,neutral,16,5,4,0.5873015873015873,,,,,,,,0.015625,0.1875
gemma-2-9b-it_cycle\counterfactual\cheap_talk\20260825_220817_sh_cheaptalk_run05.json,gemma-2-9b-it,google/gemma-2-9b-it,sh,cycle,cheap_talk,counterfactual,counterfactual,neutral,16,5,5,0.390625,,,,,,,,0.0,0.0625
gemma-2-9b-it_cycle\framing_business\cheap_talk\20260828_102607_pd_cheaptalk_run01.json,gemma-2-9b-it,google/gemma-2-9b-it,pd,cycle,cheap_talk,framing_business,framing_business,business,16,5,1,1.0,,,,,,,,0.0,1.0
gemma-2-9b-it_cycle\framing_business\cheap_talk\20260828_102607_pd_cheaptalk_run02.json,gemma-2-9b-it,google/gemma-2-9b-it,pd,cycle,cheap_talk,framing_business,framing_business,business,16,5,2,1.0,,,,,,,,0.0,1.0
gemma-2-9b-it_cycle\framing_business\cheap_talk\20260828_102607_pd_cheaptalk_run03.json,gemma-2-9b-it,google/gemma-2-9b-it,pd,cycle,cheap_talk,framing_business,framing_business,business,16,5,3,1.0,,,,,,,,0.0,1.0
gemma-2-9b-it_cycle\framing_business\cheap_talk\20260828_102607_pd_cheaptalk_run04.json,gemma-2-9b-it,google/gemma-2-9b-it,pd,cycle,cheap_talk,framing_business,framing_business,business,16,5,4,1.0,,,,,,,,0.0,1.0
gemma-2-9b-it_cycle\framing_business\cheap_talk\20260828_102607_pd_cheaptalk_run05.json,gemma-2-9b-it,google/gemma-2-9b-it,pd,cycle,cheap_talk,framing_business,framing_business,business,16,5,5,1.0,,,,,,,,0.0,1.0
gemma-2-9b-it_cycle\framing_business\cheap_talk\20260828_102607_sh_cheaptalk_run01.json,gemma-2-9b-it,google/gemma-2-9b-it,sh,cycle,cheap_talk,framing_business,framing_business,business,16,5,1,0.984375,,,,,,,,0.0,0.9375
gemma-2-9b-it_cycle\framing_business\cheap_talk\20260828_102607_sh_cheaptalk_run02.json,gemma-2-9b-it,google/gemma-2-9b-it,sh,cycle,cheap_talk,framing_business,framing_business,business,16,5,2,1.0,,,,,,,,0.0,1.0
gemma-2-9b-it_cycle\framing_business\cheap_talk\20260828_102607_sh_cheaptalk_run03.json,gemma-2-9b-it,google/gemma-2-9b-it,sh,cycle,cheap_talk,framing_business,framing_business,business,16,5,3,1.0,,,,,,,,0.0,1.0
gemma-2-9b-it_cycle\framing_business\cheap_talk\20260828_102607_sh_cheaptalk_run04.json,gemma-2-9b-it,google/gemma-2-9b-it,sh,cycle,cheap_talk,framing_business,framing_business,business,16,5,4,0.984375,,,,,,,,0.0,0.9375
gemma-2-9b-it_cycle\framing_business\cheap_talk\20260828_102607_sh_cheaptalk_run05.json,gemma-2-9b-it,google/gemma-2-9b-it,sh,cycle,cheap_talk,framing_business,framing_business,business,16,5,5,1.0,,,,,,,,0.0,1.0
gemma-2-9b-it_cycle\framing_business_context\cheap_talk\20260830_220010_pd_cheaptalk_run01.json,gemma-2-9b-it,google/gemma-2-9b-it,pd,cycle,cheap_talk,framing_business_context,framing_business_context[cheap_talk],neutral,16,5,1,1.0,,,,,,,,0.0,1.0
gemma-2-9b-it_cycle\framing_business_context\cheap_talk\20260830_220010_pd_cheaptalk_run02.json,gemma-2-9b-it,google/gemma-2-9b-it,pd,cycle,cheap_talk,framing_business_context,framing_business_context[cheap_talk],neutral,16,5,2,1.0,,,,,,,,0.0,1.0
gemma-2-9b-it_cycle\framing_business_context\cheap_talk\20260830_220010_pd_cheaptalk_run03.json,gemma-2-9b-it,google/gemma-2-9b-it,pd,cycle,cheap_talk,framing_business_context,framing_business_context[cheap_talk],neutral,16,5,3,1.0,,,,,,,,0.0,1.0
gemma-2-9b-it_cycle\framing_business_context\cheap_talk\20260830_220010_pd_cheaptalk_run04.json,gemma-2-9b-it,google/gemma-2-9b-it,pd,cycle,cheap_talk,framing_business_context,framing_business_context[cheap_talk],neutral,16,5,4,1.0,,,,,,,,0.0,1.0
gemma-2-9b-it_cycle\framing_business_context\cheap_talk\20260830_220010_pd_cheaptalk_run05.json,gemma-2-9b-it,google/gemma-2-9b-it,pd,cycle,cheap_talk,framing_business_context,framing_business_context[cheap_talk],neutral,16,5,5,1.0,,,,,,,,0.0,1.0
gemma-2-9b-it_cycle\framing_business_context\cheap_talk\20260830_220010_sh_cheaptalk_run01.json,gemma-2-9b-it,google/gemma-2-9b-it,sh,cycle,cheap_talk,framing_business_context,framing_business_context[cheap_talk],neutral,16,5,1,1.0,,,,,,,,0.0,1.0
gemma-2-9b-it_cycle\framing_business_context\cheap_talk\20260830_220010_sh_cheaptalk_run02.json,gemma-2-9b-it,google/gemma-2-9b-it,sh,cycle,cheap_talk,framing_business_context,framing_business_context[cheap_talk],neutral,16,5,2,1.0,,,,,,,,0.0,1.0
gemma-2-9b-it_cycle\framing_business_context\cheap_talk\20260830_220010_sh_cheaptalk_run03.json,gemma-2-9b-it,google/gemma-2-9b-it,sh,cycle,cheap_talk,framing_business_context,framing_business_context[cheap_talk],neutral,16,5,3,1.0,,,,,,,,0.0,1.0
gemma-2-9b-it_cycle\framing_business_context\cheap_talk\20260830_220010_sh_cheaptalk_run04.json,gemma-2-9b-it,google/gemma-2-9b-it,sh,cycle,cheap_talk,framing_business_context,framing_business_context[cheap_talk],neutral,16,5,4,1.0,,,,,,,,0.0,1.0
gemma-2-9b-it_cycle\framing_business_context\cheap_talk\20260830_220010_sh_cheaptalk_run05.json,gemma-2-9b-it,google/gemma-2-9b-it,sh,cycle,cheap_talk,framing_business_context,framing_business_context[cheap_talk],neutral,16,5,5,1.0,,,,,,,,0.0,1.0
gemma-2-9b-it_cycle\framing_business_context\no_comm\20260830_220010_pd_nocomm_run01.json,gemma-2-9b-it,google/gemma-2-9b-it,pd,cycle,no_comm,framing_business_context,framing_business_context[no_comm],neutral,16,5,1,0.015625,,,,,,,,0.0,0.0
gemma-2-9b-it_cycle\framing_business_context\no_comm\20260830_220010_pd_nocomm_run02.json,gemma-2-9b-it,google/gemma-2-9b-it,pd,cycle,no_comm,framing_business_context,framing_business_context[no_comm],neutral,16,5,2,0.140625,,,,,,,,0.0,0.0
gemma-2-9b-it_cycle\framing_business_context\no_comm\20260830_220010_pd_nocomm_run03.json,gemma-2-9b-it,google/gemma-2-9b-it,pd,cycle,no_comm,framing_business_context,framing_business_context[no_comm],neutral,16,5,3,0.0625,,,,,,,,0.0,0.0
gemma-2-9b-it_cycle\framing_business_context\no_comm\20260830_220010_pd_nocomm_run04.json,gemma-2-9b-it,google/gemma-2-9b-it,pd,cycle,no_comm,framing_business_context,framing_business_context[no_comm],neutral,16,5,4,0.078125,,,,,,,,0.0,0.0
gemma-2-9b-it_cycle\framing_business_context\no_comm\20260830_220010_pd_nocomm_run05.json,gemma-2-9b-it,google/gemma-2-9b-it,pd,cycle,no_comm,framing_business_context,framing_business_context[no_comm],neutral,16,5,5,0.03125,,,,,,,,0.0,0.0
gemma-2-9b-it_cycle\framing_business_context\no_comm\20260830_220010_sh_nocomm_run01.json,gemma-2-9b-it,google/gemma-2-9b-it,sh,cycle,no_comm,framing_business_context,framing_business_context[no_comm],neutral,16,5,1,1.0,,,,,,,,0.0,1.0
gemma-2-9b-it_cycle\framing_business_context\no_comm\20260830_220010_sh_nocomm_run02.json,gemma-2-9b-it,google/gemma-2-9b-it,sh,cycle,no_comm,framing_business_context,framing_business_context[no_comm],neutral,16,5,2,1.0,,,,,,,,0.0,1.0
gemma-2-9b-it_cycle\framing_business_context\no_comm\20260830_220010_sh_nocomm_run03.json,gemma-2-9b-it,google/gemma-2-9b-it,sh,cycle,no_comm,framing_business_context,framing_business_context[no_comm],neutral,16,5,3,0.984375,,,,,,,,0.0,0.9375
gemma-2-9b-it_cycle\framing_business_context\no_comm\20260830_220010_sh_nocomm_run04.json,gemma-2-9b-it,google/gemma-2-9b-it,sh,cycle,no_comm,framing_business_context,framing_business_context[no_comm],neutral,16,5,4,1.0,,,,,,,,0.0,1.0
gemma-2-9b-it_cycle\framing_business_context\no_comm\20260830_220010_sh_nocomm_run05.json,gemma-2-9b-it,google/gemma-2-9b-it,sh,cycle,no_comm,framing_business_context,framing_business_context[no_comm],neutral,16,5,5,0.9375,,,,,,,,0.0,0.75
gemma-2-9b-it_cycle\framing_competitive\cheap_talk\20260828_102711_pd_cheaptalk_run01.json,gemma-2-9b-it,google/gemma-2-9b-it,pd,cycle,cheap_talk,framing_competitive,framing_competitive,competitive,16,5,1,0.0,,,,,,,,0.0,0.0
gemma-2-9b-it_cycle\framing_competitive\cheap_talk\20260828_102711_pd_cheaptalk_run02.json,gemma-2-9b-it,google/gemma-2-9b-it,pd,cycle,cheap_talk,framing_competitive,framing_competitive,competitive,16,5,2,0.03125,,,,,,,,0.0,0.0
gemma-2-9b-it_cycle\framing_competitive\cheap_talk\20260828_102711_pd_cheaptalk_run03.json,gemma-2-9b-it,google/gemma-2-9b-it,pd,cycle,cheap_talk,framing_competitive,framing_competitive,competitive,16,5,3,0.0,,,,,,,,0.0,0.0
gemma-2-9b-it_cycle\framing_competitive\cheap_talk\20260828_102711_pd_cheaptalk_run04.json,gemma-2-9b-it,google/gemma-2-9b-it,pd,cycle,cheap_talk,framing_competitive,framing_competitive,competitive,16,5,4,0.0,,,,,,,,0.0,0.0
gemma-2-9b-it_cycle\framing_competitive\cheap_talk\20260828_102711_pd_cheaptalk_run05.json,gemma-2-9b-it,google/gemma-2-9b-it,pd,cycle,cheap_talk,framing_competitive,framing_competitive,competitive,16,5,5,0.0,,,,,,,,0.0,0.0
gemma-2-9b-it_cycle\framing_competitive\cheap_talk\20260828_102711_sh_cheaptalk_run01.json,gemma-2-9b-it,google/gemma-2-9b-it,sh,cycle,cheap_talk,framing_competitive,framing_competitive,competitive,16,5,1,0.859375,,,,,,,,0.0,0.625
gemma-2-9b-it_cycle\framing_competitive\cheap_talk\20260828_102711_sh_cheaptalk_run02.json,gemma-2-9b-it,google/gemma-2-9b-it,sh,cycle,cheap_talk,framing_competitive,framing_competitive,competitive,16,5,2,0.47619047619047616,,,,,,,,0.015625,0.0625
gemma-2-9b-it_cycle\framing_competitive\cheap_talk\20260828_102711_sh_cheaptalk_run03.json,gemma-2-9b-it,google/gemma-2-9b-it,sh,cycle,cheap_talk,framing_competitive,framing_competitive,competitive,16,5,3,0.640625,,,,,,,,0.0,0.1875
gemma-2-9b-it_cycle\framing_competitive\cheap_talk\20260828_102711_sh_cheaptalk_run04.json,gemma-2-9b-it,google/gemma-2-9b-it,sh,cycle,cheap_talk,framing_competitive,framing_competitive,competitive,16,5,4,0.640625,,,,,,,,0.0,0.3125
gemma-2-9b-it_cycle\framing_competitive\cheap_talk\20260828_102711_sh_cheaptalk_run05.json,gemma-2-9b-it,google/gemma-2-9b-it,sh,cycle,cheap_talk,framing_competitive,framing_competitive,competitive,16,5,5,0.421875,,,,,,,,0.0,0.1875
gemma-2-9b-it_cycle\framing_competitive_context\cheap_talk\20260830_215320_pd_cheaptalk_run01.json,gemma-2-9b-it,google/gemma-2-9b-it,pd,cycle,cheap_talk,framing_competitive_context,framing_competitive_context[cheap_talk],neutral,16,5,1,1.0,,,,,,,,0.0,1.0
gemma-2-9b-it_cycle\framing_competitive_context\cheap_talk\20260830_215320_pd_cheaptalk_run02.json,gemma-2-9b-it,google/gemma-2-9b-it,pd,cycle,cheap_talk,framing_competitive_context,framing_competitive_context[cheap_talk],neutral,16,5,2,1.0,,,,,,,,0.0,1.0
gemma-2-9b-it_cycle\framing_competitive_context\cheap_talk\20260830_215320_pd_cheaptalk_run03.json,gemma-2-9b-it,google/gemma-2-9b-it,pd,cycle,cheap_talk,framing_competitive_context,framing_competitive_context[cheap_talk],neutral,16,5,3,1.0,,,,,,,,0.0,1.0
gemma-2-9b-it_cycle\framing_competitive_context\cheap_talk\20260830_215320_pd_cheaptalk_run04.json,gemma-2-9b-it,google/gemma-2-9b-it,pd,cycle,cheap_talk,framing_competitive_context,framing_competitive_context[cheap_talk],neutral,16,5,4,1.0,,,,,,,,0.0,1.0
gemma-2-9b-it_cycle\framing_competitive_context\cheap_talk\20260830_215320_pd_cheaptalk_run05.json,gemma-2-9b-it,google/gemma-2-9b-it,pd,cycle,cheap_talk,framing_competitive_context,framing_competitive_context[cheap_talk],neutral,16,5,5,1.0,,,,,,,,0.0,1.0
gemma-2-9b-it_cycle\framing_competitive_context\cheap_talk\20260830_215320_sh_cheaptalk_run01.json,gemma-2-9b-it,google/gemma-2-9b-it,sh,cycle,cheap_talk,framing_competitive_context,framing_competitive_context[cheap_talk],neutral,16,5,1,0.984375,,,,,,,,0.0,0.9375
gemma-2-9b-it_cycle\framing_competitive_context\cheap_talk\20260830_215320_sh_cheaptalk_run02.json,gemma-2-9b-it,google/gemma-2-9b-it,sh,cycle,cheap_talk,framing_competitive_context,framing_competitive_context[cheap_talk],neutral,16,5,2,1.0,,,,,,,,0.0,1.0
gemma-2-9b-it_cycle\framing_competitive_context\cheap_talk\20260830_215320_sh_cheaptalk_run03.json,gemma-2-9b-it,google/gemma-2-9b-it,sh,cycle,cheap_talk,framing_competitive_context,framing_competitive_context[cheap_talk],neutral,16,5,3,0.5238095238095238,,,,,,,,0.015625,0.0
gemma-2-9b-it_cycle\framing_competitive_context\cheap_talk\20260830_215320_sh_cheaptalk_run04.json,gemma-2-9b-it,google/gemma-2-9b-it,sh,cycle,cheap_talk,framing_competitive_context,framing_competitive_context[cheap_talk],neutral,16,5,4,1.0,,,,,,,,0.0,1.0
gemma-2-9b-it_cycle\framing_competitive_context\cheap_talk\20260830_215320_sh_cheaptalk_run05.json,gemma-2-9b-it,google/gemma-2-9b-it,sh,cycle,cheap_talk,framing_competitive_context,framing_competitive_context[cheap_talk],neutral,16,5,5,1.0,,,,,,,,0.0,1.0
gemma-2-9b-it_cycle\framing_competitive_context\no_comm\20260830_215320_pd_nocomm_run01.json,gemma-2-9b-it,google/gemma-2-9b-it,pd,cycle,no_comm,framing_competitive_context,framing_competitive_context[no_comm],neutral,16,5,1,0.03125,,,,,,,,0.0,0.0
gemma-2-9b-it_cycle\framing_competitive_context\no_comm\20260830_215320_pd_nocomm_run02.json,gemma-2-9b-it,google/gemma-2-9b-it,pd,cycle,no_comm,framing_competitive_context,framing_competitive_context[no_comm],neutral,16,5,2,0.0,,,,,,,,0.0,0.0
gemma-2-9b-it_cycle\framing_competitive_context\no_comm\20260830_215320_pd_nocomm_run03.json,gemma-2-9b-it,google/gemma-2-9b-it,pd,cycle,no_comm,framing_competitive_context,framing_competitive_context[no_comm],neutral,16,5,3,0.015625,,,,,,,,0.0,0.0
gemma-2-9b-it_cycle\framing_competitive_context\no_comm\20260830_215320_pd_nocomm_run04.json,gemma-2-9b-it,google/gemma-2-9b-it,pd,cycle,no_comm,framing_competitive_context,framing_competitive_context[no_comm],neutral,16,5,4,0.0,,,,,,,,0.0,0.0
gemma-2-9b-it_cycle\framing_competitive_context\no_comm\20260830_215320_pd_nocomm_run05.json,gemma-2-9b-it,google/gemma-2-9b-it,pd,cycle,no_comm,framing_competitive_context,framing_competitive_context[no_comm],neutral,16,5,5,0.0,,,,,,,,0.0,0.0
gemma-2-9b-it_cycle\framing_competitive_context\no_comm\20260830_215320_sh_nocomm_run01.json,gemma-2-9b-it,google/gemma-2-9b-it,sh,cycle,no_comm,framing_competitive_context,framing_competitive_context[no_comm],neutral,16,5,1,0.984375,,,,,,,,0.0,0.9375
gemma-2-9b-it_cycle\framing_competitive_context\no_comm\20260830_215320_sh_nocomm_run02.json,gemma-2-9b-it,google/gemma-2-9b-it,sh,cycle,no_comm,framing_competitive_context,framing_competitive_context[no_comm],neutral,16,5,2,0.953125,,,,,,,,0.0,0.8125
gemma-2-9b-it_cycle\framing_competitive_context\no_comm\20260830_215320_sh_nocomm_run03.json,gemma-2-9b-it,google/gemma-2-9b-it,sh,cycle,no_comm,framing_competitive_context,framing_competitive_context[no_comm],neutral,16,5,3,0.984375,,,,,,,,0.0,0.9375
gemma-2-9b-it_cycle\framing_competitive_context\no_comm\20260830_215320_sh_nocomm_run04.json,gemma-2-9b-it,google/gemma-2-9b-it,sh,cycle,no_comm,framing_competitive_context,framing_competitive_context[no_comm],neutral,16,5,4,0.953125,,,,,,,,0.0,0.8125
gemma-2-9b-it_cycle\framing_competitive_context\no_comm\20260830_215320_sh_nocomm_run05.json,gemma-2-9b-it,google/gemma-2-9b-it,sh,cycle,no_comm,framing_competitive_context,framing_competitive_context[no_comm],neutral,16,5,5,0.96875,,,,,,,,0.0,0.875
gemma-2-9b-it_cycle\framing_team\cheap_talk\20260828_102607_pd_cheaptalk_run01.json,gemma-2-9b-it,google/gemma-2-9b-it,pd,cycle,cheap_talk,framing_team,framing_team,team,16,5,1,1.0,,,,,,,,0.0,1.0
gemma-2-9b-it_cycle\framing_team\cheap_talk\20260828_102607_pd_cheaptalk_run02.json,gemma-2-9b-it,google/gemma-2-9b-it,pd,cycle,cheap_talk,framing_team,framing_team,team,16,5,2,1.0,,,,,,,,0.0,1.0
gemma-2-9b-it_cycle\framing_team\cheap_talk\20260828_102607_pd_cheaptalk_run03.json,gemma-2-9b-it,google/gemma-2-9b-it,pd,cycle,cheap_talk,framing_team,framing_team,team,16,5,3,1.0,,,,,,,,0.0,1.0
gemma-2-9b-it_cycle\framing_team\cheap_talk\20260828_102607_pd_cheaptalk_run04.json,gemma-2-9b-it,google/gemma-2-9b-it,pd,cycle,cheap_talk,framing_team,framing_team,team,16,5,4,1.0,,,,,,,,0.0,1.0
gemma-2-9b-it_cycle\framing_team\cheap_talk\20260828_102607_pd_cheaptalk_run05.json,gemma-2-9b-it,google/gemma-2-9b-it,pd,cycle,cheap_talk,framing_team,framing_team,team,16,5,5,1.0,,,,,,,,0.0,1.0
gemma-2-9b-it_cycle\framing_team\cheap_talk\20260828_102607_sh_cheaptalk_run01.json,gemma-2-9b-it,google/gemma-2-9b-it,sh,cycle,cheap_talk,framing_team,framing_team,team,16,5,1,1.0,,,,,,,,0.0,1.0
gemma-2-9b-it_cycle\framing_team\cheap_talk\20260828_102607_sh_cheaptalk_run02.json,gemma-2-9b-it,google/gemma-2-9b-it,sh,cycle,cheap_talk,framing_team,framing_team,team,16,5,2,1.0,,,,,,,,0.0,1.0
gemma-2-9b-it_cycle\framing_team\cheap_talk\20260828_102607_sh_cheaptalk_run03.json,gemma-2-9b-it,google/gemma-2-9b-it,sh,cycle,cheap_talk,framing_team,framing_team,team,16,5,3,1.0,,,,,,,,0.0,1.0
gemma-2-9b-it_cycle\framing_team\cheap_talk\20260828_102607_sh_cheaptalk_run04.json,gemma-2-9b-it,google/gemma-2-9b-it,sh,cycle,cheap_talk,framing_team,framing_team,team,16,5,4,1.0,,,,,,,,0.0,1.0
gemma-2-9b-it_cycle\framing_team\cheap_talk\20260828_102607_sh_cheaptalk_run05.json,gemma-2-9b-it,google/gemma-2-9b-it,sh,cycle,cheap_talk,framing_team,framing_team,team,16,5,5,1.0,,,,,,,,0.0,1.0
gemma-2-9b-it_cycle\framing_team_context\cheap_talk\20260830_215216_pd_cheaptalk_run01.json,gemma-2-9b-it,google/gemma-2-9b-it,pd,cycle,cheap_talk,framing_team_context,framing_team_context[cheap_talk],neutral,16,5,1,1.0,,,,,,,,0.0,1.0
gemma-2-9b-it_cycle\framing_team_context\cheap_talk\20260830_215216_pd_cheaptalk_run02.json,gemma-2-9b-it,google/gemma-2-9b-it,pd,cycle,cheap_talk,framing_team_context,framing_team_context[cheap_talk],neutral,16,5,2,1.0,,,,,,,,0.0,1.0
gemma-2-9b-it_cycle\framing_team_context\cheap_talk\20260830_215216_pd_cheaptalk_run03.json,gemma-2-9b-it,google/gemma-2-9b-it,pd,cycle,cheap_talk,framing_team_context,framing_team_context[cheap_talk],neutral,16,5,3,1.0,,,,,,,,0.0,1.0
gemma-2-9b-it_cycle\framing_team_context\cheap_talk\20260830_215216_pd_cheaptalk_run04.json,gemma-2-9b-it,google/gemma-2-9b-it,pd,cycle,cheap_talk,framing_team_context,framing_team_context[cheap_talk],neutral,16,5,4,1.0,,,,,,,,0.0,1.0
gemma-2-9b-it_cycle\framing_team_context\cheap_talk\20260830_215216_pd_cheaptalk_run05.json,gemma-2-9b-it,google/gemma-2-9b-it,pd,cycle,cheap_talk,framing_team_context,framing_team_context[cheap_talk],neutral,16,5,5,1.0,,,,,,,,0.0,1.0
gemma-2-9b-it_cycle\framing_team_context\cheap_talk\20260830_215216_sh_cheaptalk_run01.json,gemma-2-9b-it,google/gemma-2-9b-it,sh,cycle,cheap_talk,framing_team_context,framing_team_context[cheap_talk],neutral,16,5,1,1.0,,,,,,,,0.0,1.0
gemma-2-9b-it_cycle\framing_team_context\cheap_talk\20260830_215216_sh_cheaptalk_run02.json,gemma-2-9b-it,google/gemma-2-9b-it,sh,cycle,cheap_talk,framing_team_context,framing_team_context[cheap_talk],neutral,16,5,2,1.0,,,,,,,,0.0,1.0
gemma-2-9b-it_cycle\framing_team_context\cheap_talk\20260830_215216_sh_cheaptalk_run03.json,gemma-2-9b-it,google/gemma-2-9b-it,sh,cycle,cheap_talk,framing_team_context,framing_team_context[cheap_talk],neutral,16,5,3,1.0,,,,,,,,0.0,1.0
gemma-2-9b-it_cycle\framing_team_context\cheap_talk\20260830_215216_sh_cheaptalk_run04.json,gemma-2-9b-it,google/gemma-2-9b-it,sh,cycle,cheap_talk,framing_team_context,framing_team_context[cheap_talk],neutral,16,5,4,1.0,,,,,,,,0.0,1.0
gemma-2-9b-it_cycle\framing_team_context\cheap_talk\20260830_215216_sh_cheaptalk_run05.json,gemma-2-9b-it,google/gemma-2-9b-it,sh,cycle,cheap_talk,framing_team_context,framing_team_context[cheap_talk],neutral,16,5,5,0.984375,,,,,,,,0.0,0.9375
gemma-2-9b-it_cycle\framing_team_context\no_comm\20260830_215216_pd_nocomm_run01.json,gemma-2-9b-it,google/gemma-2-9b-it,pd,cycle,no_comm,framing_team_context,framing_team_context[no_comm],neutral,16,5,1,1.0,,,,,,,,0.0,1.0
gemma-2-9b-it_cycle\framing_team_context\no_comm\20260830_215216_pd_nocomm_run02.json,gemma-2-9b-it,google/gemma-2-9b-it,pd,cycle,no_comm,framing_team_context,framing_team_context[no_comm],neutral,16,5,2,0.125,,,,,,,,0.0,0.0
gemma-2-9b-it_cycle\framing_team_context\no_comm\20260830_215216_pd_nocomm_run03.json,gemma-2-9b-it,google/gemma-2-9b-it,pd,cycle,no_comm,framing_team_context,framing_team_context[no_comm],neutral,16,5,3,0.078125,,,,,,,,0.0,0.0
gemma-2-9b-it_cycle\framing_team_context\no_comm\20260830_215216_pd_nocomm_run04.json,gemma-2-9b-it,google/gemma-2-9b-it,pd,cycle,no_comm,framing_team_context,framing_team_context[no_comm],neutral,16,5,4,1.0,,,,,,,,0.0,1.0
gemma-2-9b-it_cycle\framing_team_context\no_comm\20260830_215216_pd_nocomm_run05.json,gemma-2-9b-it,google/gemma-2-9b-it,pd,cycle,no_comm,framing_team_context,framing_team_context[no_comm],neutral,16,5,5,1.0,,,,,,,,0.0,1.0
gemma-2-9b-it_cycle\framing_team_context\no_comm\20260830_215216_sh_nocomm_run01.json,gemma-2-9b-it,google/gemma-2-9b-it,sh,cycle,no_comm,framing_team_context,framing_team_context[no_comm],neutral,16,5,1,0.96875,,,,,,,,0.0,0.9375
gemma-2-9b-it_cycle\framing_team_context\no_comm\20260830_215216_sh_nocomm_run02.json,gemma-2-9b-it,google/gemma-2-9b-it,sh,cycle,no_comm,framing_team_context,framing_team_context[no_comm],neutral,16,5,2,1.0,,,,,,,,0.0,1.0
gemma-2-9b-it_cycle\framing_team_context\no_comm\20260830_215216_sh_nocomm_run03.json,gemma-2-9b-it,google/gemma-2-9b-it,sh,cycle,no_comm,framing_team_context,framing_team_context[no_comm],neutral,16,5,3,1.0,,,,,,,,0.0,1.0
gemma-2-9b-it_cycle\framing_team_context\no_comm\20260830_215216_sh_nocomm_run04.json,gemma-2-9b-it,google/gemma-2-9b-it,sh,cycle,no_comm,framing_team_context,framing_team_context[no_comm],neutral,16,5,4,1.0,,,,,,,,0.0,1.0
gemma-2-9b-it_cycle\framing_team_context\no_comm\20260830_215216_sh_nocomm_run05.json,gemma-2-9b-it,google/gemma-2-9b-it,sh,cycle,no_comm,framing_team_context,framing_team_context[no_comm],neutral,16,5,5,0.984375,,,,,,,,0.0,0.9375
gemma-2-9b-it_cycle\no_sense\cheap_talk\20260825_220817_pd_cheaptalk_run01.json,gemma-2-9b-it,google/gemma-2-9b-it,pd,cycle,cheap_talk,no_sense,no_sense,neutral,16,5,1,0.140625,,,,,,,,0.0,0.0
gemma-2-9b-it_cycle\no_sense\cheap_talk\20260825_220817_pd_cheaptalk_run02.json,gemma-2-9b-it,google/gemma-2-9b-it,pd,cycle,cheap_talk,no_sense,no_sense,neutral,16,5,2,0.234375,,,,,,,,0.0,0.0
gemma-2-9b-it_cycle\no_sense\cheap_talk\20260825_220817_pd_cheaptalk_run03.json,gemma-2-9b-it,google/gemma-2-9b-it,pd,cycle,cheap_talk,no_sense,no_sense,neutral,16,5,3,0.0625,,,,,,,,0.0,0.0
gemma-2-9b-it_cycle\no_sense\cheap_talk\20260825_220817_pd_cheaptalk_run04.json,gemma-2-9b-it,google/gemma-2-9b-it,pd,cycle,cheap_talk,no_sense,no_sense,neutral,16,5,4,0.140625,,,,,,,,0.0,0.0
gemma-2-9b-it_cycle\no_sense\cheap_talk\20260825_220817_pd_cheaptalk_run05.json,gemma-2-9b-it,google/gemma-2-9b-it,pd,cycle,cheap_talk,no_sense,no_sense,neutral,16,5,5,0.5625,,,,,,,,0.0,0.25
gemma-2-9b-it_cycle\no_sense\cheap_talk\20260825_220817_sh_cheaptalk_run01.json,gemma-2-9b-it,google/gemma-2-9b-it,sh,cycle,cheap_talk,no_sense,no_sense,neutral,16,5,1,0.71875,,,,,,,,0.0,0.0625
gemma-2-9b-it_cycle\no_sense\cheap_talk\20260825_220817_sh_cheaptalk_run02.json,gemma-2-9b-it,google/gemma-2-9b-it,sh,cycle,cheap_talk,no_sense,no_sense,neutral,16,5,2,1.0,,,,,,,,0.0,1.0
gemma-2-9b-it_cycle\no_sense\cheap_talk\20260825_220817_sh_cheaptalk_run03.json,gemma-2-9b-it,google/gemma-2-9b-it,sh,cycle,cheap_talk,no_sense,no_sense,neutral,16,5,3,0.984375,,,,,,,,0.0,0.9375
gemma-2-9b-it_cycle\no_sense\cheap_talk\20260825_220817_sh_cheaptalk_run04.json,gemma-2-9b-it,google/gemma-2-9b-it,sh,cycle,cheap_talk,no_sense,no_sense,neutral,16,5,4,1.0,,,,,,,,0.0,1.0
gemma-2-9b-it_cycle\no_sense\cheap_talk\20260825_220817_sh_cheaptalk_run05.json,gemma-2-9b-it,google/gemma-2-9b-it,sh,cycle,cheap_talk,no_sense,no_sense,neutral,16,5,5,0.90625,,,,,,,,0.0,0.625
gemma-2-9b-it_cycle\silence\cheap_talk\20260825_220817_pd_cheaptalk_run01.json,gemma-2-9b-it,google/gemma-2-9b-it,pd,cycle,cheap_talk,silence,silence,neutral,16,5,1,0.125,,,,,,,,0.0,0.0625
gemma-2-9b-it_cycle\silence\cheap_talk\20260825_220817_pd_cheaptalk_run02.json,gemma-2-9b-it,google/gemma-2-9b-it,pd,cycle,cheap_talk,silence,silence,neutral,16,5,2,0.140625,,,,,,,,0.0,0.0625
gemma-2-9b-it_cycle\silence\cheap_talk\20260825_220817_pd_cheaptalk_run03.json,gemma-2-9b-it,google/gemma-2-9b-it,pd,cycle,cheap_talk,silence,silence,neutral,16,5,3,0.53125,,,,,,,,0.0,0.25
gemma-2-9b-it_cycle\silence\cheap_talk\20260825_220817_pd_cheaptalk_run04.json,gemma-2-9b-it,google/gemma-2-9b-it,pd,cycle,cheap_talk,silence,silence,neutral,16,5,4,1.0,,,,,,,,0.0,1.0
gemma-2-9b-it_cycle\silence\cheap_talk\20260825_220817_pd_cheaptalk_run05.json,gemma-2-9b-it,google/gemma-2-9b-it,pd,cycle,cheap_talk,silence,silence,neutral,16,5,5,1.0,,,,,,,,0.0,1.0
gemma-2-9b-it_cycle\silence\cheap_talk\20260825_220817_sh_cheaptalk_run01.json,gemma-2-9b-it,google/gemma-2-9b-it,sh,cycle,cheap_talk,silence,silence,neutral,16,5,1,1.0,,,,,,,,0.0,1.0
gemma-2-9b-it_cycle\silence\cheap_talk\20260825_220817_sh_cheaptalk_run02.json,gemma-2-9b-it,google/gemma-2-9b-it,sh,cycle,cheap_talk,silence,silence,neutral,16,5,2,0.984375,,,,,,,,0.0,0.9375
gemma-2-9b-it_cycle\silence\cheap_talk\20260825_220817_sh_cheaptalk_run03.json,gemma-2-9b-it,google/gemma-2-9b-it,sh,cycle,cheap_talk,silence,silence,neutral,16,5,3,1.0,,,,,,,,0.0,1.0
gemma-2-9b-it_cycle\silence\cheap_talk\20260825_220817_sh_cheaptalk_run04.json,gemma-2-9b-it,google/gemma-2-9b-it,sh,cycle,cheap_talk,silence,silence,neutral,16,5,4,0.921875,,,,,,,,0.0,0.75
gemma-2-9b-it_cycle\silence\cheap_talk\20260825_220817_sh_cheaptalk_run05.json,gemma-2-9b-it,google/gemma-2-9b-it,sh,cycle,cheap_talk,silence,silence,neutral,16,5,5,1.0,,,,,,,,0.0,1.0
